ambito,clave,clave_natural,periodo_contable,fecha,valor,valor_referencia,variacion_pct,estado,detalle
saldo_ramo,10,10 - Transporte / Navegación,202605,2026-05-15,65119548.2,,,Sin base,Saldo del dia vs. dia con datos anterior (s/d). Umbrales +-15% / +-30%.
saldo_ramo,10,10 - Transporte / Navegación,202605,2026-05-21,-932737.06,65119548.2,-101.43,Crítica,Saldo del dia vs. dia con datos anterior (2026-05-15). Umbrales +-15% / +-30%.
saldo_ramo,10,10 - Transporte / Navegación,202606,2026-06-01,-26321332.0,-932737.06,-2721.95,Crítica,Saldo del dia vs. dia con datos anterior (2026-05-21). Umbrales +-15% / +-30%.
saldo_ramo,10,10 - Transporte / Navegación,202606,2026-06-26,159832333.08,-26321332.0,707.23,Crítica,Saldo del dia vs. dia con datos anterior (2026-06-01). Umbrales +-15% / +-30%.
saldo_ramo,10,10 - Transporte / Navegación,202607,2026-07-01,331421.84,159832333.08,-99.79,Crítica,Saldo del dia vs. dia con datos anterior (2026-06-26). Umbrales +-15% / +-30%.
saldo_ramo,10000,10000 - Hogar,202605,2026-05-21,968786.0,,,Sin base,Saldo del dia vs. dia con datos anterior (s/d). Umbrales +-15% / +-30%.
saldo_ramo,10000,10000 - Hogar,202605,2026-05-22,1729841.0,968786.0,78.56,Crítica,Saldo del dia vs. dia con datos anterior (2026-05-21). Umbrales +-15% / +-30%.
saldo_ramo,10000,10000 - Hogar,202605,2026-05-25,3024964.0,1729841.0,74.87,Crítica,Saldo del dia vs. dia con datos anterior (2026-05-22). Umbrales +-15% / +-30%.
saldo_ramo,10000,10000 - Hogar,202605,2026-05-26,8038960.0,3024964.0,165.75,Crítica,Saldo del dia vs. dia con datos anterior (2026-05-25). Umbrales +-15% / +-30%.
saldo_ramo,10000,10000 - Hogar,202605,2026-05-29,-244880.0,8038960.0,-103.05,Crítica,Saldo del dia vs. dia con datos anterior (2026-05-26). Umbrales +-15% / +-30%.
saldo_ramo,10000,10000 - Hogar,202606,2026-06-02,801251.0,-244880.0,427.2,Crítica,Saldo del dia vs. dia con datos anterior (2026-05-29). Umbrales +-15% / +-30%.
saldo_ramo,10000,10000 - Hogar,202606,2026-06-03,668744.0,801251.0,-16.54,Advertencia,Saldo del dia vs. dia con datos anterior (2026-06-02). Umbrales +-15% / +-30%.
saldo_ramo,10000,10000 - Hogar,202606,2026-06-04,257612.0,668744.0,-61.48,Crítica,Saldo del dia vs. dia con datos anterior (2026-06-03). Umbrales +-15% / +-30%.
saldo_ramo,10000,10000 - Hogar,202606,2026-06-10,4721465.0,257612.0,1732.78,Crítica,Saldo del dia vs. dia con datos anterior (2026-06-04). Umbrales +-15% / +-30%.
saldo_ramo,10000,10000 - Hogar,202606,2026-06-22,-1362694.0,4721465.0,-128.86,Crítica,Saldo del dia vs. dia con datos anterior (2026-06-10). Umbrales +-15% / +-30%.
saldo_ramo,10000,10000 - Hogar,202606,2026-06-25,941284.0,-1362694.0,169.08,Crítica,Saldo del dia vs. dia con datos anterior (2026-06-22). Umbrales +-15% / +-30%.
saldo_ramo,10000,10000 - Hogar,202606,2026-06-26,3104386.0,941284.0,229.8,Crítica,Saldo del dia vs. dia con datos anterior (2026-06-25). Umbrales +-15% / +-30%.
saldo_ramo,10000,10000 - Hogar,202606,2026-06-30,1624406.0,3104386.0,-47.67,Crítica,Saldo del dia vs. dia con datos anterior (2026-06-26). Umbrales +-15% / +-30%.
saldo_ramo,10000,10000 - Hogar,202607,2026-07-01,-1375079.0,1624406.0,-184.65,Crítica,Saldo del dia vs. dia con datos anterior (2026-06-30). Umbrales +-15% / +-30%.
saldo_ramo,10000,10000 - Hogar,202607,2026-07-02,527672.0,-1375079.0,138.37,Crítica,Saldo del dia vs. dia con datos anterior (2026-07-01). Umbrales +-15% / +-30%.
saldo_ramo,10000,10000 - Hogar,202607,2026-07-03,914247.0,527672.0,73.26,Crítica,Saldo del dia vs. dia con datos anterior (2026-07-02). Umbrales +-15% / +-30%.
saldo_ramo,10000,10000 - Hogar,202607,2026-07-06,531789.0,914247.0,-41.83,Crítica,Saldo del dia vs. dia con datos anterior (2026-07-03). Umbrales +-15% / +-30%.
saldo_ramo,10000,10000 - Hogar,202607,2026-07-08,-968786.0,531789.0,-282.17,Crítica,Saldo del dia vs. dia con datos anterior (2026-07-06). Umbrales +-15% / +-30%.
saldo_ramo,10000,10000 - Hogar,202607,2026-07-10,0.0,-968786.0,100.0,Crítica,Saldo del dia vs. dia con datos anterior (2026-07-08). Umbrales +-15% / +-30%.
saldo_ramo,10000,10000 - Hogar,202607,2026-07-15,0.0,0.0,,Sin base,Saldo del dia vs. dia con datos anterior (2026-07-10). Umbrales +-15% / +-30%.
saldo_ramo,10000,10000 - Hogar,202607,2026-07-19,785724.0,0.0,,Sin base,Saldo del dia vs. dia con datos anterior (2026-07-15). Umbrales +-15% / +-30%.
saldo_ramo,10000,10000 - Hogar,202608,2026-08-10,722557.0,785724.0,-8.04,Normal,Saldo del dia vs. dia con datos anterior (2026-07-19). Umbrales +-15% / +-30%.
saldo_ramo,10001,10001 - Hogar,202605,2026-05-14,6651745.0,,,Sin base,Saldo del dia vs. dia con datos anterior (s/d). Umbrales +-15% / +-30%.
saldo_ramo,10001,10001 - Hogar,202605,2026-05-15,17517608.0,6651745.0,163.35,Crítica,Saldo del dia vs. dia con datos anterior (2026-05-14). Umbrales +-15% / +-30%.
saldo_ramo,10001,10001 - Hogar,202605,2026-05-19,5569897.0,17517608.0,-68.2,Crítica,Saldo del dia vs. dia con datos anterior (2026-05-15). Umbrales +-15% / +-30%.
saldo_ramo,10001,10001 - Hogar,202605,2026-05-20,15190036.0,5569897.0,172.72,Crítica,Saldo del dia vs. dia con datos anterior (2026-05-19). Umbrales +-15% / +-30%.
saldo_ramo,10001,10001 - Hogar,202605,2026-05-21,48737831.0,15190036.0,220.85,Crítica,Saldo del dia vs. dia con datos anterior (2026-05-20). Umbrales +-15% / +-30%.
saldo_ramo,10001,10001 - Hogar,202605,2026-05-22,21081347.0,48737831.0,-56.75,Crítica,Saldo del dia vs. dia con datos anterior (2026-05-21). Umbrales +-15% / +-30%.
saldo_ramo,10001,10001 - Hogar,202605,2026-05-25,8831933.0,21081347.0,-58.11,Crítica,Saldo del dia vs. dia con datos anterior (2026-05-22). Umbrales +-15% / +-30%.
saldo_ramo,10001,10001 - Hogar,202605,2026-05-26,17599899.0,8831933.0,99.28,Crítica,Saldo del dia vs. dia con datos anterior (2026-05-25). Umbrales +-15% / +-30%.
saldo_ramo,10001,10001 - Hogar,202605,2026-05-27,24056463.0,17599899.0,36.69,Crítica,Saldo del dia vs. dia con datos anterior (2026-05-26). Umbrales +-15% / +-30%.
saldo_ramo,10001,10001 - Hogar,202605,2026-05-28,6456576.0,24056463.0,-73.16,Crítica,Saldo del dia vs. dia con datos anterior (2026-05-27). Umbrales +-15% / +-30%.
saldo_ramo,10001,10001 - Hogar,202605,2026-05-29,-6802403.0,6456576.0,-205.36,Crítica,Saldo del dia vs. dia con datos anterior (2026-05-28). Umbrales +-15% / +-30%.
saldo_ramo,10001,10001 - Hogar,202606,2026-06-01,7976379.0,-6802403.0,217.26,Crítica,Saldo del dia vs. dia con datos anterior (2026-05-29). Umbrales +-15% / +-30%.
saldo_ramo,10001,10001 - Hogar,202606,2026-06-02,565553.0,7976379.0,-92.91,Crítica,Saldo del dia vs. dia con datos anterior (2026-06-01). Umbrales +-15% / +-30%.
saldo_ramo,10001,10001 - Hogar,202606,2026-06-03,4810851.0,565553.0,750.65,Crítica,Saldo del dia vs. dia con datos anterior (2026-06-02). Umbrales +-15% / +-30%.
saldo_ramo,10001,10001 - Hogar,202606,2026-06-04,2184532.0,4810851.0,-54.59,Crítica,Saldo del dia vs. dia con datos anterior (2026-06-03). Umbrales +-15% / +-30%.
saldo_ramo,10001,10001 - Hogar,202606,2026-06-05,3444422.0,2184532.0,57.67,Crítica,Saldo del dia vs. dia con datos anterior (2026-06-04). Umbrales +-15% / +-30%.
saldo_ramo,10001,10001 - Hogar,202606,2026-06-09,19217084.0,3444422.0,457.92,Crítica,Saldo del dia vs. dia con datos anterior (2026-06-05). Umbrales +-15% / +-30%.
saldo_ramo,10001,10001 - Hogar,202606,2026-06-10,7336961.0,19217084.0,-61.82,Crítica,Saldo del dia vs. dia con datos anterior (2026-06-09). Umbrales +-15% / +-30%.
saldo_ramo,10001,10001 - Hogar,202606,2026-06-11,6631072.0,7336961.0,-9.62,Normal,Saldo del dia vs. dia con datos anterior (2026-06-10). Umbrales +-15% / +-30%.
saldo_ramo,10001,10001 - Hogar,202606,2026-06-12,3845198.0,6631072.0,-42.01,Crítica,Saldo del dia vs. dia con datos anterior (2026-06-11). Umbrales +-15% / +-30%.
saldo_ramo,10001,10001 - Hogar,202606,2026-06-16,-11166733.0,3845198.0,-390.41,Crítica,Saldo del dia vs. dia con datos anterior (2026-06-12). Umbrales +-15% / +-30%.
saldo_ramo,10001,10001 - Hogar,202606,2026-06-17,9392034.0,-11166733.0,184.11,Crítica,Saldo del dia vs. dia con datos anterior (2026-06-16). Umbrales +-15% / +-30%.
saldo_ramo,10001,10001 - Hogar,202606,2026-06-18,17346239.0,9392034.0,84.69,Crítica,Saldo del dia vs. dia con datos anterior (2026-06-17). Umbrales +-15% / +-30%.
saldo_ramo,10001,10001 - Hogar,202606,2026-06-19,620654.0,17346239.0,-96.42,Crítica,Saldo del dia vs. dia con datos anterior (2026-06-18). Umbrales +-15% / +-30%.
saldo_ramo,10001,10001 - Hogar,202606,2026-06-22,32957300.0,620654.0,5210.09,Crítica,Saldo del dia vs. dia con datos anterior (2026-06-19). Umbrales +-15% / +-30%.
saldo_ramo,10001,10001 - Hogar,202606,2026-06-23,4693104.0,32957300.0,-85.76,Crítica,Saldo del dia vs. dia con datos anterior (2026-06-22). Umbrales +-15% / +-30%.
saldo_ramo,10001,10001 - Hogar,202606,2026-06-24,14423198.0,4693104.0,207.33,Crítica,Saldo del dia vs. dia con datos anterior (2026-06-23). Umbrales +-15% / +-30%.
saldo_ramo,10001,10001 - Hogar,202606,2026-06-25,6526091.0,14423198.0,-54.75,Crítica,Saldo del dia vs. dia con datos anterior (2026-06-24). Umbrales +-15% / +-30%.
saldo_ramo,10001,10001 - Hogar,202606,2026-06-26,2960872.0,6526091.0,-54.63,Crítica,Saldo del dia vs. dia con datos anterior (2026-06-25). Umbrales +-15% / +-30%.
saldo_ramo,10001,10001 - Hogar,202606,2026-06-29,11515267.0,2960872.0,288.91,Crítica,Saldo del dia vs. dia con datos anterior (2026-06-26). Umbrales +-15% / +-30%.
saldo_ramo,10001,10001 - Hogar,202606,2026-06-30,4532816.0,11515267.0,-60.64,Crítica,Saldo del dia vs. dia con datos anterior (2026-06-29). Umbrales +-15% / +-30%.
saldo_ramo,10001,10001 - Hogar,202607,2026-07-01,-21314784.0,4532816.0,-570.23,Crítica,Saldo del dia vs. dia con datos anterior (2026-06-30). Umbrales +-15% / +-30%.
saldo_ramo,10001,10001 - Hogar,202607,2026-07-02,4430235.0,-21314784.0,120.78,Crítica,Saldo del dia vs. dia con datos anterior (2026-07-01). Umbrales +-15% / +-30%.
saldo_ramo,10001,10001 - Hogar,202607,2026-07-03,3788229.0,4430235.0,-14.49,Normal,Saldo del dia vs. dia con datos anterior (2026-07-02). Umbrales +-15% / +-30%.
saldo_ramo,10001,10001 - Hogar,202607,2026-07-06,3075677.0,3788229.0,-18.81,Advertencia,Saldo del dia vs. dia con datos anterior (2026-07-03). Umbrales +-15% / +-30%.
saldo_ramo,10001,10001 - Hogar,202607,2026-07-07,2296494.0,3075677.0,-25.33,Advertencia,Saldo del dia vs. dia con datos anterior (2026-07-06). Umbrales +-15% / +-30%.
saldo_ramo,10001,10001 - Hogar,202607,2026-07-08,11131583.0,2296494.0,384.72,Crítica,Saldo del dia vs. dia con datos anterior (2026-07-07). Umbrales +-15% / +-30%.
saldo_ramo,10001,10001 - Hogar,202607,2026-07-09,19589044.0,11131583.0,75.98,Crítica,Saldo del dia vs. dia con datos anterior (2026-07-08). Umbrales +-15% / +-30%.
saldo_ramo,10001,10001 - Hogar,202607,2026-07-10,12798181.0,19589044.0,-34.67,Crítica,Saldo del dia vs. dia con datos anterior (2026-07-09). Umbrales +-15% / +-30%.
saldo_ramo,10001,10001 - Hogar,202607,2026-07-14,10094247.0,12798181.0,-21.13,Advertencia,Saldo del dia vs. dia con datos anterior (2026-07-10). Umbrales +-15% / +-30%.
saldo_ramo,10001,10001 - Hogar,202607,2026-07-15,2746667.0,10094247.0,-72.79,Crítica,Saldo del dia vs. dia con datos anterior (2026-07-14). Umbrales +-15% / +-30%.
saldo_ramo,10001,10001 - Hogar,202607,2026-07-16,-13209402.0,2746667.0,-580.92,Crítica,Saldo del dia vs. dia con datos anterior (2026-07-15). Umbrales +-15% / +-30%.
saldo_ramo,10001,10001 - Hogar,202607,2026-07-17,5112102.0,-13209402.0,138.7,Crítica,Saldo del dia vs. dia con datos anterior (2026-07-16). Umbrales +-15% / +-30%.
saldo_ramo,10001,10001 - Hogar,202607,2026-07-21,-9182672.0,5112102.0,-279.63,Crítica,Saldo del dia vs. dia con datos anterior (2026-07-17). Umbrales +-15% / +-30%.
saldo_ramo,10001,10001 - Hogar,202607,2026-07-22,-860986.0,-9182672.0,90.62,Crítica,Saldo del dia vs. dia con datos anterior (2026-07-21). Umbrales +-15% / +-30%.
saldo_ramo,10001,10001 - Hogar,202607,2026-07-23,-155433.0,-860986.0,81.95,Crítica,Saldo del dia vs. dia con datos anterior (2026-07-22). Umbrales +-15% / +-30%.
saldo_ramo,10001,10001 - Hogar,202607,2026-07-24,7807584.0,-155433.0,5123.12,Crítica,Saldo del dia vs. dia con datos anterior (2026-07-23). Umbrales +-15% / +-30%.
saldo_ramo,10001,10001 - Hogar,202607,2026-07-26,23675640.0,7807584.0,203.24,Crítica,Saldo del dia vs. dia con datos anterior (2026-07-24). Umbrales +-15% / +-30%.
saldo_ramo,10001,10001 - Hogar,202607,2026-07-27,11528626.0,23675640.0,-51.31,Crítica,Saldo del dia vs. dia con datos anterior (2026-07-26). Umbrales +-15% / +-30%.
saldo_ramo,10001,10001 - Hogar,202607,2026-07-28,27836816.0,11528626.0,141.46,Crítica,Saldo del dia vs. dia con datos anterior (2026-07-27). Umbrales +-15% / +-30%.
saldo_ramo,10001,10001 - Hogar,202607,2026-07-29,10156519.0,27836816.0,-63.51,Crítica,Saldo del dia vs. dia con datos anterior (2026-07-28). Umbrales +-15% / +-30%.
saldo_ramo,10001,10001 - Hogar,202607,2026-07-30,4819059.0,10156519.0,-52.55,Crítica,Saldo del dia vs. dia con datos anterior (2026-07-29). Umbrales +-15% / +-30%.
saldo_ramo,10001,10001 - Hogar,202607,2026-07-31,4108105.0,4819059.0,-14.75,Normal,Saldo del dia vs. dia con datos anterior (2026-07-30). Umbrales +-15% / +-30%.
saldo_ramo,10001,10001 - Hogar,202608,2026-08-03,-8758898.0,4108105.0,-313.21,Crítica,Saldo del dia vs. dia con datos anterior (2026-07-31). Umbrales +-15% / +-30%.
saldo_ramo,10001,10001 - Hogar,202608,2026-08-04,1449256.0,-8758898.0,116.55,Crítica,Saldo del dia vs. dia con datos anterior (2026-08-03). Umbrales +-15% / +-30%.
saldo_ramo,10001,10001 - Hogar,202608,2026-08-05,10360344.0,1449256.0,614.87,Crítica,Saldo del dia vs. dia con datos anterior (2026-08-04). Umbrales +-15% / +-30%.
saldo_ramo,10001,10001 - Hogar,202608,2026-08-06,10316736.0,10360344.0,-0.42,Normal,Saldo del dia vs. dia con datos anterior (2026-08-05). Umbrales +-15% / +-30%.
saldo_ramo,10001,10001 - Hogar,202608,2026-08-10,-3281122.0,10316736.0,-131.8,Crítica,Saldo del dia vs. dia con datos anterior (2026-08-06). Umbrales +-15% / +-30%.
saldo_ramo,10001,10001 - Hogar,202608,2026-08-11,13087254.0,-3281122.0,498.87,Crítica,Saldo del dia vs. dia con datos anterior (2026-08-10). Umbrales +-15% / +-30%.
saldo_ramo,10003,10003 - Hogar,202605,2026-05-14,23320924.0,,,Sin base,Saldo del dia vs. dia con datos anterior (s/d). Umbrales +-15% / +-30%.
saldo_ramo,10003,10003 - Hogar,202605,2026-05-15,2397402.0,23320924.0,-89.72,Crítica,Saldo del dia vs. dia con datos anterior (2026-05-14). Umbrales +-15% / +-30%.
saldo_ramo,10003,10003 - Hogar,202605,2026-05-19,-25579839.0,2397402.0,-1166.98,Crítica,Saldo del dia vs. dia con datos anterior (2026-05-15). Umbrales +-15% / +-30%.
saldo_ramo,10003,10003 - Hogar,202605,2026-05-20,-157002.0,-25579839.0,99.39,Crítica,Saldo del dia vs. dia con datos anterior (2026-05-19). Umbrales +-15% / +-30%.
saldo_ramo,10003,10003 - Hogar,202605,2026-05-21,8672697.0,-157002.0,5623.94,Crítica,Saldo del dia vs. dia con datos anterior (2026-05-20). Umbrales +-15% / +-30%.
saldo_ramo,10003,10003 - Hogar,202605,2026-05-22,22353542.0,8672697.0,157.75,Crítica,Saldo del dia vs. dia con datos anterior (2026-05-21). Umbrales +-15% / +-30%.
saldo_ramo,10003,10003 - Hogar,202605,2026-05-25,18989513.0,22353542.0,-15.05,Advertencia,Saldo del dia vs. dia con datos anterior (2026-05-22). Umbrales +-15% / +-30%.
saldo_ramo,10003,10003 - Hogar,202605,2026-05-26,119474712.0,18989513.0,529.16,Crítica,Saldo del dia vs. dia con datos anterior (2026-05-25). Umbrales +-15% / +-30%.
saldo_ramo,10003,10003 - Hogar,202605,2026-05-27,17675209.0,119474712.0,-85.21,Crítica,Saldo del dia vs. dia con datos anterior (2026-05-26). Umbrales +-15% / +-30%.
saldo_ramo,10003,10003 - Hogar,202605,2026-05-28,-88509051.0,17675209.0,-600.75,Crítica,Saldo del dia vs. dia con datos anterior (2026-05-27). Umbrales +-15% / +-30%.
saldo_ramo,10003,10003 - Hogar,202605,2026-05-29,27154122.0,-88509051.0,130.68,Crítica,Saldo del dia vs. dia con datos anterior (2026-05-28). Umbrales +-15% / +-30%.
saldo_ramo,10003,10003 - Hogar,202605,2026-05-30,321237.0,27154122.0,-98.82,Crítica,Saldo del dia vs. dia con datos anterior (2026-05-29). Umbrales +-15% / +-30%.
saldo_ramo,10003,10003 - Hogar,202606,2026-06-01,3378395.0,321237.0,951.68,Crítica,Saldo del dia vs. dia con datos anterior (2026-05-30). Umbrales +-15% / +-30%.
saldo_ramo,10003,10003 - Hogar,202606,2026-06-02,16582719.0,3378395.0,390.85,Crítica,Saldo del dia vs. dia con datos anterior (2026-06-01). Umbrales +-15% / +-30%.
saldo_ramo,10003,10003 - Hogar,202606,2026-06-03,7170583.0,16582719.0,-56.76,Crítica,Saldo del dia vs. dia con datos anterior (2026-06-02). Umbrales +-15% / +-30%.
saldo_ramo,10003,10003 - Hogar,202606,2026-06-04,-9293214.0,7170583.0,-229.6,Crítica,Saldo del dia vs. dia con datos anterior (2026-06-03). Umbrales +-15% / +-30%.
saldo_ramo,10003,10003 - Hogar,202606,2026-06-05,-11231414.0,-9293214.0,-20.86,Advertencia,Saldo del dia vs. dia con datos anterior (2026-06-04). Umbrales +-15% / +-30%.
saldo_ramo,10003,10003 - Hogar,202606,2026-06-06,104300884.0,-11231414.0,1028.65,Crítica,Saldo del dia vs. dia con datos anterior (2026-06-05). Umbrales +-15% / +-30%.
saldo_ramo,10003,10003 - Hogar,202606,2026-06-09,1954130.0,104300884.0,-98.13,Crítica,Saldo del dia vs. dia con datos anterior (2026-06-06). Umbrales +-15% / +-30%.
saldo_ramo,10003,10003 - Hogar,202606,2026-06-10,4470911.0,1954130.0,128.79,Crítica,Saldo del dia vs. dia con datos anterior (2026-06-09). Umbrales +-15% / +-30%.
saldo_ramo,10003,10003 - Hogar,202606,2026-06-11,24741896.0,4470911.0,453.4,Crítica,Saldo del dia vs. dia con datos anterior (2026-06-10). Umbrales +-15% / +-30%.
saldo_ramo,10003,10003 - Hogar,202606,2026-06-12,5759301.0,24741896.0,-76.72,Crítica,Saldo del dia vs. dia con datos anterior (2026-06-11). Umbrales +-15% / +-30%.
saldo_ramo,10003,10003 - Hogar,202606,2026-06-16,7451512.0,5759301.0,29.38,Advertencia,Saldo del dia vs. dia con datos anterior (2026-06-12). Umbrales +-15% / +-30%.
saldo_ramo,10003,10003 - Hogar,202606,2026-06-17,-920665.0,7451512.0,-112.36,Crítica,Saldo del dia vs. dia con datos anterior (2026-06-16). Umbrales +-15% / +-30%.
saldo_ramo,10003,10003 - Hogar,202606,2026-06-18,-2260394.0,-920665.0,-145.52,Crítica,Saldo del dia vs. dia con datos anterior (2026-06-17). Umbrales +-15% / +-30%.
saldo_ramo,10003,10003 - Hogar,202606,2026-06-19,2136989.0,-2260394.0,194.54,Crítica,Saldo del dia vs. dia con datos anterior (2026-06-18). Umbrales +-15% / +-30%.
saldo_ramo,10003,10003 - Hogar,202606,2026-06-22,-9658356.0,2136989.0,-551.96,Crítica,Saldo del dia vs. dia con datos anterior (2026-06-19). Umbrales +-15% / +-30%.
saldo_ramo,10003,10003 - Hogar,202606,2026-06-23,4393119.0,-9658356.0,145.49,Crítica,Saldo del dia vs. dia con datos anterior (2026-06-22). Umbrales +-15% / +-30%.
saldo_ramo,10003,10003 - Hogar,202606,2026-06-24,1085139.0,4393119.0,-75.3,Crítica,Saldo del dia vs. dia con datos anterior (2026-06-23). Umbrales +-15% / +-30%.
saldo_ramo,10003,10003 - Hogar,202606,2026-06-25,14079229.0,1085139.0,1197.46,Crítica,Saldo del dia vs. dia con datos anterior (2026-06-24). Umbrales +-15% / +-30%.
saldo_ramo,10003,10003 - Hogar,202606,2026-06-26,10645291.0,14079229.0,-24.39,Advertencia,Saldo del dia vs. dia con datos anterior (2026-06-25). Umbrales +-15% / +-30%.
saldo_ramo,10003,10003 - Hogar,202606,2026-06-29,866882.0,10645291.0,-91.86,Crítica,Saldo del dia vs. dia con datos anterior (2026-06-26). Umbrales +-15% / +-30%.
saldo_ramo,10003,10003 - Hogar,202606,2026-06-30,15638039.0,866882.0,1703.94,Crítica,Saldo del dia vs. dia con datos anterior (2026-06-29). Umbrales +-15% / +-30%.
saldo_ramo,10003,10003 - Hogar,202607,2026-07-01,1389923.0,15638039.0,-91.11,Crítica,Saldo del dia vs. dia con datos anterior (2026-06-30). Umbrales +-15% / +-30%.
saldo_ramo,10003,10003 - Hogar,202607,2026-07-02,-44191362.0,1389923.0,-3279.41,Crítica,Saldo del dia vs. dia con datos anterior (2026-07-01). Umbrales +-15% / +-30%.
saldo_ramo,10003,10003 - Hogar,202607,2026-07-03,49581358.0,-44191362.0,212.2,Crítica,Saldo del dia vs. dia con datos anterior (2026-07-02). Umbrales +-15% / +-30%.
saldo_ramo,10003,10003 - Hogar,202607,2026-07-04,101595275.0,49581358.0,104.91,Crítica,Saldo del dia vs. dia con datos anterior (2026-07-03). Umbrales +-15% / +-30%.
saldo_ramo,10003,10003 - Hogar,202607,2026-07-06,4540039.0,101595275.0,-95.53,Crítica,Saldo del dia vs. dia con datos anterior (2026-07-04). Umbrales +-15% / +-30%.
saldo_ramo,10003,10003 - Hogar,202607,2026-07-07,9311963.0,4540039.0,105.11,Crítica,Saldo del dia vs. dia con datos anterior (2026-07-06). Umbrales +-15% / +-30%.
saldo_ramo,10003,10003 - Hogar,202607,2026-07-08,7561457.0,9311963.0,-18.8,Advertencia,Saldo del dia vs. dia con datos anterior (2026-07-07). Umbrales +-15% / +-30%.
saldo_ramo,10003,10003 - Hogar,202607,2026-07-09,2826338.0,7561457.0,-62.62,Crítica,Saldo del dia vs. dia con datos anterior (2026-07-08). Umbrales +-15% / +-30%.
saldo_ramo,10003,10003 - Hogar,202607,2026-07-10,8914001.0,2826338.0,215.39,Crítica,Saldo del dia vs. dia con datos anterior (2026-07-09). Umbrales +-15% / +-30%.
saldo_ramo,10003,10003 - Hogar,202607,2026-07-14,-1025979.0,8914001.0,-111.51,Crítica,Saldo del dia vs. dia con datos anterior (2026-07-10). Umbrales +-15% / +-30%.
saldo_ramo,10003,10003 - Hogar,202607,2026-07-15,-10110323.0,-1025979.0,-885.43,Crítica,Saldo del dia vs. dia con datos anterior (2026-07-14). Umbrales +-15% / +-30%.
saldo_ramo,10003,10003 - Hogar,202607,2026-07-16,-285081.0,-10110323.0,97.18,Crítica,Saldo del dia vs. dia con datos anterior (2026-07-15). Umbrales +-15% / +-30%.
saldo_ramo,10003,10003 - Hogar,202607,2026-07-17,3151790.0,-285081.0,1205.58,Crítica,Saldo del dia vs. dia con datos anterior (2026-07-16). Umbrales +-15% / +-30%.
saldo_ramo,10003,10003 - Hogar,202607,2026-07-21,925619.0,3151790.0,-70.63,Crítica,Saldo del dia vs. dia con datos anterior (2026-07-17). Umbrales +-15% / +-30%.
saldo_ramo,10003,10003 - Hogar,202607,2026-07-22,5351293.0,925619.0,478.13,Crítica,Saldo del dia vs. dia con datos anterior (2026-07-21). Umbrales +-15% / +-30%.
saldo_ramo,10003,10003 - Hogar,202607,2026-07-23,37716449.0,5351293.0,604.81,Crítica,Saldo del dia vs. dia con datos anterior (2026-07-22). Umbrales +-15% / +-30%.
saldo_ramo,10003,10003 - Hogar,202607,2026-07-24,-127813.0,37716449.0,-100.34,Crítica,Saldo del dia vs. dia con datos anterior (2026-07-23). Umbrales +-15% / +-30%.
saldo_ramo,10003,10003 - Hogar,202607,2026-07-27,39030582.0,-127813.0,30637.26,Crítica,Saldo del dia vs. dia con datos anterior (2026-07-24). Umbrales +-15% / +-30%.
saldo_ramo,10003,10003 - Hogar,202607,2026-07-28,6584935.0,39030582.0,-83.13,Crítica,Saldo del dia vs. dia con datos anterior (2026-07-27). Umbrales +-15% / +-30%.
saldo_ramo,10003,10003 - Hogar,202607,2026-07-29,14279290.0,6584935.0,116.85,Crítica,Saldo del dia vs. dia con datos anterior (2026-07-28). Umbrales +-15% / +-30%.
saldo_ramo,10003,10003 - Hogar,202607,2026-07-30,10644170.0,14279290.0,-25.46,Advertencia,Saldo del dia vs. dia con datos anterior (2026-07-29). Umbrales +-15% / +-30%.
saldo_ramo,10003,10003 - Hogar,202607,2026-07-31,621832.0,10644170.0,-94.16,Crítica,Saldo del dia vs. dia con datos anterior (2026-07-30). Umbrales +-15% / +-30%.
saldo_ramo,10003,10003 - Hogar,202608,2026-08-01,101369126.0,621832.0,16201.69,Crítica,Saldo del dia vs. dia con datos anterior (2026-07-31). Umbrales +-15% / +-30%.
saldo_ramo,10003,10003 - Hogar,202608,2026-08-03,-24297753.0,101369126.0,-123.97,Crítica,Saldo del dia vs. dia con datos anterior (2026-08-01). Umbrales +-15% / +-30%.
saldo_ramo,10003,10003 - Hogar,202608,2026-08-04,9502322.0,-24297753.0,139.11,Crítica,Saldo del dia vs. dia con datos anterior (2026-08-03). Umbrales +-15% / +-30%.
saldo_ramo,10003,10003 - Hogar,202608,2026-08-05,7676857.0,9502322.0,-19.21,Advertencia,Saldo del dia vs. dia con datos anterior (2026-08-04). Umbrales +-15% / +-30%.
saldo_ramo,10003,10003 - Hogar,202608,2026-08-06,-5627.0,7676857.0,-100.07,Crítica,Saldo del dia vs. dia con datos anterior (2026-08-05). Umbrales +-15% / +-30%.
saldo_ramo,10003,10003 - Hogar,202608,2026-08-07,548141.0,-5627.0,9841.27,Crítica,Saldo del dia vs. dia con datos anterior (2026-08-06). Umbrales +-15% / +-30%.
saldo_ramo,10003,10003 - Hogar,202608,2026-08-10,22653721.0,548141.0,4032.83,Crítica,Saldo del dia vs. dia con datos anterior (2026-08-07). Umbrales +-15% / +-30%.
saldo_ramo,10003,10003 - Hogar,202608,2026-08-11,692617.0,22653721.0,-96.94,Crítica,Saldo del dia vs. dia con datos anterior (2026-08-10). Umbrales +-15% / +-30%.
saldo_ramo,10024,10024 - PYME / Multiriesgo,202605,2026-05-14,178181412.0,,,Sin base,Saldo del dia vs. dia con datos anterior (s/d). Umbrales +-15% / +-30%.
saldo_ramo,10024,10024 - PYME / Multiriesgo,202605,2026-05-15,159792535.0,178181412.0,-10.32,Normal,Saldo del dia vs. dia con datos anterior (2026-05-14). Umbrales +-15% / +-30%.
saldo_ramo,10024,10024 - PYME / Multiriesgo,202605,2026-05-16,6130577.0,159792535.0,-96.16,Crítica,Saldo del dia vs. dia con datos anterior (2026-05-15). Umbrales +-15% / +-30%.
saldo_ramo,10024,10024 - PYME / Multiriesgo,202605,2026-05-17,4367712.0,6130577.0,-28.76,Advertencia,Saldo del dia vs. dia con datos anterior (2026-05-16). Umbrales +-15% / +-30%.
saldo_ramo,10024,10024 - PYME / Multiriesgo,202605,2026-05-18,3850341.0,4367712.0,-11.85,Normal,Saldo del dia vs. dia con datos anterior (2026-05-17). Umbrales +-15% / +-30%.
saldo_ramo,10024,10024 - PYME / Multiriesgo,202605,2026-05-19,-334153598.0,3850341.0,-8778.55,Crítica,Saldo del dia vs. dia con datos anterior (2026-05-18). Umbrales +-15% / +-30%.
saldo_ramo,10024,10024 - PYME / Multiriesgo,202605,2026-05-20,175569947.0,-334153598.0,152.54,Crítica,Saldo del dia vs. dia con datos anterior (2026-05-19). Umbrales +-15% / +-30%.
saldo_ramo,10024,10024 - PYME / Multiriesgo,202605,2026-05-21,463746922.0,175569947.0,164.14,Crítica,Saldo del dia vs. dia con datos anterior (2026-05-20). Umbrales +-15% / +-30%.
saldo_ramo,10024,10024 - PYME / Multiriesgo,202605,2026-05-22,465976098.0,463746922.0,0.48,Normal,Saldo del dia vs. dia con datos anterior (2026-05-21). Umbrales +-15% / +-30%.
saldo_ramo,10024,10024 - PYME / Multiriesgo,202605,2026-05-23,6848052.0,465976098.0,-98.53,Crítica,Saldo del dia vs. dia con datos anterior (2026-05-22). Umbrales +-15% / +-30%.
saldo_ramo,10024,10024 - PYME / Multiriesgo,202605,2026-05-24,20340990.0,6848052.0,197.03,Crítica,Saldo del dia vs. dia con datos anterior (2026-05-23). Umbrales +-15% / +-30%.
saldo_ramo,10024,10024 - PYME / Multiriesgo,202605,2026-05-25,404811931.0,20340990.0,1890.13,Crítica,Saldo del dia vs. dia con datos anterior (2026-05-24). Umbrales +-15% / +-30%.
saldo_ramo,10024,10024 - PYME / Multiriesgo,202605,2026-05-26,381463284.0,404811931.0,-5.77,Normal,Saldo del dia vs. dia con datos anterior (2026-05-25). Umbrales +-15% / +-30%.
saldo_ramo,10024,10024 - PYME / Multiriesgo,202605,2026-05-27,534821493.0,381463284.0,40.2,Crítica,Saldo del dia vs. dia con datos anterior (2026-05-26). Umbrales +-15% / +-30%.
saldo_ramo,10024,10024 - PYME / Multiriesgo,202605,2026-05-28,119243072.0,534821493.0,-77.7,Crítica,Saldo del dia vs. dia con datos anterior (2026-05-27). Umbrales +-15% / +-30%.
saldo_ramo,10024,10024 - PYME / Multiriesgo,202605,2026-05-29,939024079.0,119243072.0,687.49,Crítica,Saldo del dia vs. dia con datos anterior (2026-05-28). Umbrales +-15% / +-30%.
saldo_ramo,10024,10024 - PYME / Multiriesgo,202605,2026-05-30,-125456.0,939024079.0,-100.01,Crítica,Saldo del dia vs. dia con datos anterior (2026-05-29). Umbrales +-15% / +-30%.
saldo_ramo,10024,10024 - PYME / Multiriesgo,202606,2026-06-01,351917822.0,-125456.0,280610.95,Crítica,Saldo del dia vs. dia con datos anterior (2026-05-30). Umbrales +-15% / +-30%.
saldo_ramo,10024,10024 - PYME / Multiriesgo,202606,2026-06-02,191384785.0,351917822.0,-45.62,Crítica,Saldo del dia vs. dia con datos anterior (2026-06-01). Umbrales +-15% / +-30%.
saldo_ramo,10024,10024 - PYME / Multiriesgo,202606,2026-06-03,132888255.0,191384785.0,-30.56,Crítica,Saldo del dia vs. dia con datos anterior (2026-06-02). Umbrales +-15% / +-30%.
saldo_ramo,10024,10024 - PYME / Multiriesgo,202606,2026-06-04,109137109.0,132888255.0,-17.87,Advertencia,Saldo del dia vs. dia con datos anterior (2026-06-03). Umbrales +-15% / +-30%.
saldo_ramo,10024,10024 - PYME / Multiriesgo,202606,2026-06-05,204121052.0,109137109.0,87.03,Crítica,Saldo del dia vs. dia con datos anterior (2026-06-04). Umbrales +-15% / +-30%.
saldo_ramo,10024,10024 - PYME / Multiriesgo,202606,2026-06-06,13387610.0,204121052.0,-93.44,Crítica,Saldo del dia vs. dia con datos anterior (2026-06-05). Umbrales +-15% / +-30%.
saldo_ramo,10024,10024 - PYME / Multiriesgo,202606,2026-06-07,64890805.0,13387610.0,384.71,Crítica,Saldo del dia vs. dia con datos anterior (2026-06-06). Umbrales +-15% / +-30%.
saldo_ramo,10024,10024 - PYME / Multiriesgo,202606,2026-06-08,44480654.0,64890805.0,-31.45,Crítica,Saldo del dia vs. dia con datos anterior (2026-06-07). Umbrales +-15% / +-30%.
saldo_ramo,10024,10024 - PYME / Multiriesgo,202606,2026-06-09,264541464.0,44480654.0,494.73,Crítica,Saldo del dia vs. dia con datos anterior (2026-06-08). Umbrales +-15% / +-30%.
saldo_ramo,10024,10024 - PYME / Multiriesgo,202606,2026-06-10,350424252.0,264541464.0,32.46,Crítica,Saldo del dia vs. dia con datos anterior (2026-06-09). Umbrales +-15% / +-30%.
saldo_ramo,10024,10024 - PYME / Multiriesgo,202606,2026-06-11,565388034.0,350424252.0,61.34,Crítica,Saldo del dia vs. dia con datos anterior (2026-06-10). Umbrales +-15% / +-30%.
saldo_ramo,10024,10024 - PYME / Multiriesgo,202606,2026-06-12,222753618.0,565388034.0,-60.6,Crítica,Saldo del dia vs. dia con datos anterior (2026-06-11). Umbrales +-15% / +-30%.
saldo_ramo,10024,10024 - PYME / Multiriesgo,202606,2026-06-13,11930007.0,222753618.0,-94.64,Crítica,Saldo del dia vs. dia con datos anterior (2026-06-12). Umbrales +-15% / +-30%.
saldo_ramo,10024,10024 - PYME / Multiriesgo,202606,2026-06-14,7583581.0,11930007.0,-36.43,Crítica,Saldo del dia vs. dia con datos anterior (2026-06-13). Umbrales +-15% / +-30%.
saldo_ramo,10024,10024 - PYME / Multiriesgo,202606,2026-06-15,6897436.0,7583581.0,-9.05,Normal,Saldo del dia vs. dia con datos anterior (2026-06-14). Umbrales +-15% / +-30%.
saldo_ramo,10024,10024 - PYME / Multiriesgo,202606,2026-06-16,575251000.0,6897436.0,8240.07,Crítica,Saldo del dia vs. dia con datos anterior (2026-06-15). Umbrales +-15% / +-30%.
saldo_ramo,10024,10024 - PYME / Multiriesgo,202606,2026-06-17,300613458.0,575251000.0,-47.74,Crítica,Saldo del dia vs. dia con datos anterior (2026-06-16). Umbrales +-15% / +-30%.
saldo_ramo,10024,10024 - PYME / Multiriesgo,202606,2026-06-18,229804533.0,300613458.0,-23.55,Advertencia,Saldo del dia vs. dia con datos anterior (2026-06-17). Umbrales +-15% / +-30%.
saldo_ramo,10024,10024 - PYME / Multiriesgo,202606,2026-06-19,542915473.0,229804533.0,136.25,Crítica,Saldo del dia vs. dia con datos anterior (2026-06-18). Umbrales +-15% / +-30%.
saldo_ramo,10024,10024 - PYME / Multiriesgo,202606,2026-06-20,61911917.0,542915473.0,-88.6,Crítica,Saldo del dia vs. dia con datos anterior (2026-06-19). Umbrales +-15% / +-30%.
saldo_ramo,10024,10024 - PYME / Multiriesgo,202606,2026-06-21,2173429.0,61911917.0,-96.49,Crítica,Saldo del dia vs. dia con datos anterior (2026-06-20). Umbrales +-15% / +-30%.
saldo_ramo,10024,10024 - PYME / Multiriesgo,202606,2026-06-22,413124304.0,2173429.0,18907.95,Crítica,Saldo del dia vs. dia con datos anterior (2026-06-21). Umbrales +-15% / +-30%.
saldo_ramo,10024,10024 - PYME / Multiriesgo,202606,2026-06-23,222014814.0,413124304.0,-46.26,Crítica,Saldo del dia vs. dia con datos anterior (2026-06-22). Umbrales +-15% / +-30%.
saldo_ramo,10024,10024 - PYME / Multiriesgo,202606,2026-06-24,185561337.0,222014814.0,-16.42,Advertencia,Saldo del dia vs. dia con datos anterior (2026-06-23). Umbrales +-15% / +-30%.
saldo_ramo,10024,10024 - PYME / Multiriesgo,202606,2026-06-25,278815640.0,185561337.0,50.26,Crítica,Saldo del dia vs. dia con datos anterior (2026-06-24). Umbrales +-15% / +-30%.
saldo_ramo,10024,10024 - PYME / Multiriesgo,202606,2026-06-26,-737833.0,278815640.0,-100.26,Crítica,Saldo del dia vs. dia con datos anterior (2026-06-25). Umbrales +-15% / +-30%.
saldo_ramo,10024,10024 - PYME / Multiriesgo,202606,2026-06-27,13496312.0,-737833.0,1929.18,Crítica,Saldo del dia vs. dia con datos anterior (2026-06-26). Umbrales +-15% / +-30%.
saldo_ramo,10024,10024 - PYME / Multiriesgo,202606,2026-06-28,3612185.0,13496312.0,-73.24,Crítica,Saldo del dia vs. dia con datos anterior (2026-06-27). Umbrales +-15% / +-30%.
saldo_ramo,10024,10024 - PYME / Multiriesgo,202606,2026-06-29,41989227.0,3612185.0,1062.43,Crítica,Saldo del dia vs. dia con datos anterior (2026-06-28). Umbrales +-15% / +-30%.
saldo_ramo,10024,10024 - PYME / Multiriesgo,202606,2026-06-30,676172306.0,41989227.0,1510.35,Crítica,Saldo del dia vs. dia con datos anterior (2026-06-29). Umbrales +-15% / +-30%.
saldo_ramo,10024,10024 - PYME / Multiriesgo,202607,2026-07-01,255707528.0,676172306.0,-62.18,Crítica,Saldo del dia vs. dia con datos anterior (2026-06-30). Umbrales +-15% / +-30%.
saldo_ramo,10024,10024 - PYME / Multiriesgo,202607,2026-07-02,105677324.0,255707528.0,-58.67,Crítica,Saldo del dia vs. dia con datos anterior (2026-07-01). Umbrales +-15% / +-30%.
saldo_ramo,10024,10024 - PYME / Multiriesgo,202607,2026-07-03,119309881.0,105677324.0,12.9,Normal,Saldo del dia vs. dia con datos anterior (2026-07-02). Umbrales +-15% / +-30%.
saldo_ramo,10024,10024 - PYME / Multiriesgo,202607,2026-07-04,7190632.0,119309881.0,-93.97,Crítica,Saldo del dia vs. dia con datos anterior (2026-07-03). Umbrales +-15% / +-30%.
saldo_ramo,10024,10024 - PYME / Multiriesgo,202607,2026-07-05,15157919.0,7190632.0,110.8,Crítica,Saldo del dia vs. dia con datos anterior (2026-07-04). Umbrales +-15% / +-30%.
saldo_ramo,10024,10024 - PYME / Multiriesgo,202607,2026-07-06,216180432.0,15157919.0,1326.19,Crítica,Saldo del dia vs. dia con datos anterior (2026-07-05). Umbrales +-15% / +-30%.
saldo_ramo,10024,10024 - PYME / Multiriesgo,202607,2026-07-07,164867037.0,216180432.0,-23.74,Advertencia,Saldo del dia vs. dia con datos anterior (2026-07-06). Umbrales +-15% / +-30%.
saldo_ramo,10024,10024 - PYME / Multiriesgo,202607,2026-07-08,352498420.0,164867037.0,113.81,Crítica,Saldo del dia vs. dia con datos anterior (2026-07-07). Umbrales +-15% / +-30%.
saldo_ramo,10024,10024 - PYME / Multiriesgo,202607,2026-07-09,134197888.0,352498420.0,-61.93,Crítica,Saldo del dia vs. dia con datos anterior (2026-07-08). Umbrales +-15% / +-30%.
saldo_ramo,10024,10024 - PYME / Multiriesgo,202607,2026-07-10,113485911.0,134197888.0,-15.43,Advertencia,Saldo del dia vs. dia con datos anterior (2026-07-09). Umbrales +-15% / +-30%.
saldo_ramo,10024,10024 - PYME / Multiriesgo,202607,2026-07-11,27415249.0,113485911.0,-75.84,Crítica,Saldo del dia vs. dia con datos anterior (2026-07-10). Umbrales +-15% / +-30%.
saldo_ramo,10024,10024 - PYME / Multiriesgo,202607,2026-07-12,15338986.0,27415249.0,-44.05,Crítica,Saldo del dia vs. dia con datos anterior (2026-07-11). Umbrales +-15% / +-30%.
saldo_ramo,10024,10024 - PYME / Multiriesgo,202607,2026-07-13,23425594.0,15338986.0,52.72,Crítica,Saldo del dia vs. dia con datos anterior (2026-07-12). Umbrales +-15% / +-30%.
saldo_ramo,10024,10024 - PYME / Multiriesgo,202607,2026-07-14,421623351.0,23425594.0,1699.84,Crítica,Saldo del dia vs. dia con datos anterior (2026-07-13). Umbrales +-15% / +-30%.
saldo_ramo,10024,10024 - PYME / Multiriesgo,202607,2026-07-15,176356296.0,421623351.0,-58.17,Crítica,Saldo del dia vs. dia con datos anterior (2026-07-14). Umbrales +-15% / +-30%.
saldo_ramo,10024,10024 - PYME / Multiriesgo,202607,2026-07-16,383255800.0,176356296.0,117.32,Crítica,Saldo del dia vs. dia con datos anterior (2026-07-15). Umbrales +-15% / +-30%.
saldo_ramo,10024,10024 - PYME / Multiriesgo,202607,2026-07-17,208366964.0,383255800.0,-45.63,Crítica,Saldo del dia vs. dia con datos anterior (2026-07-16). Umbrales +-15% / +-30%.
saldo_ramo,10024,10024 - PYME / Multiriesgo,202607,2026-07-18,16230216.0,208366964.0,-92.21,Crítica,Saldo del dia vs. dia con datos anterior (2026-07-17). Umbrales +-15% / +-30%.
saldo_ramo,10024,10024 - PYME / Multiriesgo,202607,2026-07-19,7265301.0,16230216.0,-55.24,Crítica,Saldo del dia vs. dia con datos anterior (2026-07-18). Umbrales +-15% / +-30%.
saldo_ramo,10024,10024 - PYME / Multiriesgo,202607,2026-07-20,-52870746.0,7265301.0,-827.72,Crítica,Saldo del dia vs. dia con datos anterior (2026-07-19). Umbrales +-15% / +-30%.
saldo_ramo,10024,10024 - PYME / Multiriesgo,202607,2026-07-21,550179202.0,-52870746.0,1140.61,Crítica,Saldo del dia vs. dia con datos anterior (2026-07-20). Umbrales +-15% / +-30%.
saldo_ramo,10024,10024 - PYME / Multiriesgo,202607,2026-07-22,676777731.0,550179202.0,23.01,Advertencia,Saldo del dia vs. dia con datos anterior (2026-07-21). Umbrales +-15% / +-30%.
saldo_ramo,10024,10024 - PYME / Multiriesgo,202607,2026-07-23,538449612.0,676777731.0,-20.44,Advertencia,Saldo del dia vs. dia con datos anterior (2026-07-22). Umbrales +-15% / +-30%.
saldo_ramo,10024,10024 - PYME / Multiriesgo,202607,2026-07-24,197903904.0,538449612.0,-63.25,Crítica,Saldo del dia vs. dia con datos anterior (2026-07-23). Umbrales +-15% / +-30%.
saldo_ramo,10024,10024 - PYME / Multiriesgo,202607,2026-07-25,13647769.0,197903904.0,-93.1,Crítica,Saldo del dia vs. dia con datos anterior (2026-07-24). Umbrales +-15% / +-30%.
saldo_ramo,10024,10024 - PYME / Multiriesgo,202607,2026-07-26,20811622.0,13647769.0,52.49,Crítica,Saldo del dia vs. dia con datos anterior (2026-07-25). Umbrales +-15% / +-30%.
saldo_ramo,10024,10024 - PYME / Multiriesgo,202607,2026-07-27,312043957.0,20811622.0,1399.37,Crítica,Saldo del dia vs. dia con datos anterior (2026-07-26). Umbrales +-15% / +-30%.
saldo_ramo,10024,10024 - PYME / Multiriesgo,202607,2026-07-28,507410896.0,312043957.0,62.61,Crítica,Saldo del dia vs. dia con datos anterior (2026-07-27). Umbrales +-15% / +-30%.
saldo_ramo,10024,10024 - PYME / Multiriesgo,202607,2026-07-29,413299761.0,507410896.0,-18.55,Advertencia,Saldo del dia vs. dia con datos anterior (2026-07-28). Umbrales +-15% / +-30%.
saldo_ramo,10024,10024 - PYME / Multiriesgo,202607,2026-07-30,-119639762.0,413299761.0,-128.95,Crítica,Saldo del dia vs. dia con datos anterior (2026-07-29). Umbrales +-15% / +-30%.
saldo_ramo,10024,10024 - PYME / Multiriesgo,202607,2026-07-31,537711112.0,-119639762.0,549.44,Crítica,Saldo del dia vs. dia con datos anterior (2026-07-30). Umbrales +-15% / +-30%.
saldo_ramo,10024,10024 - PYME / Multiriesgo,202608,2026-08-01,27856728.0,537711112.0,-94.82,Crítica,Saldo del dia vs. dia con datos anterior (2026-07-31). Umbrales +-15% / +-30%.
saldo_ramo,10024,10024 - PYME / Multiriesgo,202608,2026-08-02,1528296.0,27856728.0,-94.51,Crítica,Saldo del dia vs. dia con datos anterior (2026-08-01). Umbrales +-15% / +-30%.
saldo_ramo,10024,10024 - PYME / Multiriesgo,202608,2026-08-03,162214667.0,1528296.0,10514.09,Crítica,Saldo del dia vs. dia con datos anterior (2026-08-02). Umbrales +-15% / +-30%.
saldo_ramo,10024,10024 - PYME / Multiriesgo,202608,2026-08-04,130603124.0,162214667.0,-19.49,Advertencia,Saldo del dia vs. dia con datos anterior (2026-08-03). Umbrales +-15% / +-30%.
saldo_ramo,10024,10024 - PYME / Multiriesgo,202608,2026-08-05,334856552.0,130603124.0,156.39,Crítica,Saldo del dia vs. dia con datos anterior (2026-08-04). Umbrales +-15% / +-30%.
saldo_ramo,10024,10024 - PYME / Multiriesgo,202608,2026-08-06,124754112.0,334856552.0,-62.74,Crítica,Saldo del dia vs. dia con datos anterior (2026-08-05). Umbrales +-15% / +-30%.
saldo_ramo,10024,10024 - PYME / Multiriesgo,202608,2026-08-07,11347193.0,124754112.0,-90.9,Crítica,Saldo del dia vs. dia con datos anterior (2026-08-06). Umbrales +-15% / +-30%.
saldo_ramo,10024,10024 - PYME / Multiriesgo,202608,2026-08-08,6691460.0,11347193.0,-41.03,Crítica,Saldo del dia vs. dia con datos anterior (2026-08-07). Umbrales +-15% / +-30%.
saldo_ramo,10024,10024 - PYME / Multiriesgo,202608,2026-08-09,2530813.0,6691460.0,-62.18,Crítica,Saldo del dia vs. dia con datos anterior (2026-08-08). Umbrales +-15% / +-30%.
saldo_ramo,10024,10024 - PYME / Multiriesgo,202608,2026-08-10,182106869.0,2530813.0,7095.59,Crítica,Saldo del dia vs. dia con datos anterior (2026-08-09). Umbrales +-15% / +-30%.
saldo_ramo,10024,10024 - PYME / Multiriesgo,202608,2026-08-11,284990224.0,182106869.0,56.5,Crítica,Saldo del dia vs. dia con datos anterior (2026-08-10). Umbrales +-15% / +-30%.
saldo_ramo,11,11 - Ingeniería,202606,2026-06-01,1693925.0,,,Sin base,Saldo del dia vs. dia con datos anterior (s/d). Umbrales +-15% / +-30%.
saldo_ramo,11,11 - Ingeniería,202606,2026-06-26,1693925.0,1693925.0,0.0,Normal,Saldo del dia vs. dia con datos anterior (2026-06-01). Umbrales +-15% / +-30%.
saldo_ramo,11,11 - Ingeniería,202607,2026-07-27,1693925.0,1693925.0,0.0,Normal,Saldo del dia vs. dia con datos anterior (2026-06-26). Umbrales +-15% / +-30%.
saldo_ramo,111715,111715 - Responsabilidad Civil,202605,2026-05-14,13474000.0,,,Sin base,Saldo del dia vs. dia con datos anterior (s/d). Umbrales +-15% / +-30%.
saldo_ramo,111715,111715 - Responsabilidad Civil,202605,2026-05-15,6200000.0,13474000.0,-53.99,Crítica,Saldo del dia vs. dia con datos anterior (2026-05-14). Umbrales +-15% / +-30%.
saldo_ramo,111715,111715 - Responsabilidad Civil,202605,2026-05-19,-17162000.0,6200000.0,-376.81,Crítica,Saldo del dia vs. dia con datos anterior (2026-05-15). Umbrales +-15% / +-30%.
saldo_ramo,111715,111715 - Responsabilidad Civil,202605,2026-05-20,103950436.0,-17162000.0,705.7,Crítica,Saldo del dia vs. dia con datos anterior (2026-05-19). Umbrales +-15% / +-30%.
saldo_ramo,111715,111715 - Responsabilidad Civil,202605,2026-05-21,-1600000.0,103950436.0,-101.54,Crítica,Saldo del dia vs. dia con datos anterior (2026-05-20). Umbrales +-15% / +-30%.
saldo_ramo,111715,111715 - Responsabilidad Civil,202605,2026-05-22,750000.0,-1600000.0,146.88,Crítica,Saldo del dia vs. dia con datos anterior (2026-05-21). Umbrales +-15% / +-30%.
saldo_ramo,111715,111715 - Responsabilidad Civil,202605,2026-05-25,128856027.0,750000.0,17080.8,Crítica,Saldo del dia vs. dia con datos anterior (2026-05-22). Umbrales +-15% / +-30%.
saldo_ramo,111715,111715 - Responsabilidad Civil,202605,2026-05-26,23712354.0,128856027.0,-81.6,Crítica,Saldo del dia vs. dia con datos anterior (2026-05-25). Umbrales +-15% / +-30%.
saldo_ramo,111715,111715 - Responsabilidad Civil,202605,2026-05-27,62871100.0,23712354.0,165.14,Crítica,Saldo del dia vs. dia con datos anterior (2026-05-26). Umbrales +-15% / +-30%.
saldo_ramo,111715,111715 - Responsabilidad Civil,202605,2026-05-28,15477024.0,62871100.0,-75.38,Crítica,Saldo del dia vs. dia con datos anterior (2026-05-27). Umbrales +-15% / +-30%.
saldo_ramo,111715,111715 - Responsabilidad Civil,202605,2026-05-29,138214458.0,15477024.0,793.03,Crítica,Saldo del dia vs. dia con datos anterior (2026-05-28). Umbrales +-15% / +-30%.
saldo_ramo,111715,111715 - Responsabilidad Civil,202606,2026-06-01,-18003000.0,138214458.0,-113.03,Crítica,Saldo del dia vs. dia con datos anterior (2026-05-29). Umbrales +-15% / +-30%.
saldo_ramo,111715,111715 - Responsabilidad Civil,202606,2026-06-02,39995250.0,-18003000.0,322.16,Crítica,Saldo del dia vs. dia con datos anterior (2026-06-01). Umbrales +-15% / +-30%.
saldo_ramo,111715,111715 - Responsabilidad Civil,202606,2026-06-03,2250000.0,39995250.0,-94.37,Crítica,Saldo del dia vs. dia con datos anterior (2026-06-02). Umbrales +-15% / +-30%.
saldo_ramo,111715,111715 - Responsabilidad Civil,202606,2026-06-04,1000000.0,2250000.0,-55.56,Crítica,Saldo del dia vs. dia con datos anterior (2026-06-03). Umbrales +-15% / +-30%.
saldo_ramo,111715,111715 - Responsabilidad Civil,202606,2026-06-05,6852715.0,1000000.0,585.27,Crítica,Saldo del dia vs. dia con datos anterior (2026-06-04). Umbrales +-15% / +-30%.
saldo_ramo,111715,111715 - Responsabilidad Civil,202606,2026-06-08,1100000.0,6852715.0,-83.95,Crítica,Saldo del dia vs. dia con datos anterior (2026-06-05). Umbrales +-15% / +-30%.
saldo_ramo,111715,111715 - Responsabilidad Civil,202606,2026-06-09,-81125000.0,1100000.0,-7475.0,Crítica,Saldo del dia vs. dia con datos anterior (2026-06-08). Umbrales +-15% / +-30%.
saldo_ramo,111715,111715 - Responsabilidad Civil,202606,2026-06-10,-8050000.0,-81125000.0,90.08,Crítica,Saldo del dia vs. dia con datos anterior (2026-06-09). Umbrales +-15% / +-30%.
saldo_ramo,111715,111715 - Responsabilidad Civil,202606,2026-06-11,104293623.0,-8050000.0,1395.57,Crítica,Saldo del dia vs. dia con datos anterior (2026-06-10). Umbrales +-15% / +-30%.
saldo_ramo,111715,111715 - Responsabilidad Civil,202606,2026-06-12,115181833.0,104293623.0,10.44,Normal,Saldo del dia vs. dia con datos anterior (2026-06-11). Umbrales +-15% / +-30%.
saldo_ramo,111715,111715 - Responsabilidad Civil,202606,2026-06-16,45541047.0,115181833.0,-60.46,Crítica,Saldo del dia vs. dia con datos anterior (2026-06-12). Umbrales +-15% / +-30%.
saldo_ramo,111715,111715 - Responsabilidad Civil,202606,2026-06-17,124150000.0,45541047.0,172.61,Crítica,Saldo del dia vs. dia con datos anterior (2026-06-16). Umbrales +-15% / +-30%.
saldo_ramo,111715,111715 - Responsabilidad Civil,202606,2026-06-18,-200000.0,124150000.0,-100.16,Crítica,Saldo del dia vs. dia con datos anterior (2026-06-17). Umbrales +-15% / +-30%.
saldo_ramo,111715,111715 - Responsabilidad Civil,202606,2026-06-19,16325000.0,-200000.0,8262.5,Crítica,Saldo del dia vs. dia con datos anterior (2026-06-18). Umbrales +-15% / +-30%.
saldo_ramo,111715,111715 - Responsabilidad Civil,202606,2026-06-22,-16919158.0,16325000.0,-203.64,Crítica,Saldo del dia vs. dia con datos anterior (2026-06-19). Umbrales +-15% / +-30%.
saldo_ramo,111715,111715 - Responsabilidad Civil,202606,2026-06-23,-104267650.0,-16919158.0,-516.27,Crítica,Saldo del dia vs. dia con datos anterior (2026-06-22). Umbrales +-15% / +-30%.
saldo_ramo,111715,111715 - Responsabilidad Civil,202606,2026-06-24,36356750.0,-104267650.0,134.87,Crítica,Saldo del dia vs. dia con datos anterior (2026-06-23). Umbrales +-15% / +-30%.
saldo_ramo,111715,111715 - Responsabilidad Civil,202606,2026-06-25,7946003.0,36356750.0,-78.14,Crítica,Saldo del dia vs. dia con datos anterior (2026-06-24). Umbrales +-15% / +-30%.
saldo_ramo,111715,111715 - Responsabilidad Civil,202606,2026-06-26,1125000.0,7946003.0,-85.84,Crítica,Saldo del dia vs. dia con datos anterior (2026-06-25). Umbrales +-15% / +-30%.
saldo_ramo,111715,111715 - Responsabilidad Civil,202606,2026-06-29,1375000.0,1125000.0,22.22,Advertencia,Saldo del dia vs. dia con datos anterior (2026-06-26). Umbrales +-15% / +-30%.
saldo_ramo,111715,111715 - Responsabilidad Civil,202606,2026-06-30,132481646.0,1375000.0,9535.03,Crítica,Saldo del dia vs. dia con datos anterior (2026-06-29). Umbrales +-15% / +-30%.
saldo_ramo,111715,111715 - Responsabilidad Civil,202607,2026-07-01,107483144.0,132481646.0,-18.87,Advertencia,Saldo del dia vs. dia con datos anterior (2026-06-30). Umbrales +-15% / +-30%.
saldo_ramo,111715,111715 - Responsabilidad Civil,202607,2026-07-02,-5844520.0,107483144.0,-105.44,Crítica,Saldo del dia vs. dia con datos anterior (2026-07-01). Umbrales +-15% / +-30%.
saldo_ramo,111715,111715 - Responsabilidad Civil,202607,2026-07-03,7275000.0,-5844520.0,224.48,Crítica,Saldo del dia vs. dia con datos anterior (2026-07-02). Umbrales +-15% / +-30%.
saldo_ramo,111715,111715 - Responsabilidad Civil,202607,2026-07-06,12716418.0,7275000.0,74.8,Crítica,Saldo del dia vs. dia con datos anterior (2026-07-03). Umbrales +-15% / +-30%.
saldo_ramo,111715,111715 - Responsabilidad Civil,202607,2026-07-07,15178000.0,12716418.0,19.36,Advertencia,Saldo del dia vs. dia con datos anterior (2026-07-06). Umbrales +-15% / +-30%.
saldo_ramo,111715,111715 - Responsabilidad Civil,202607,2026-07-08,37951333.0,15178000.0,150.04,Crítica,Saldo del dia vs. dia con datos anterior (2026-07-07). Umbrales +-15% / +-30%.
saldo_ramo,111715,111715 - Responsabilidad Civil,202607,2026-07-09,44965319.0,37951333.0,18.48,Advertencia,Saldo del dia vs. dia con datos anterior (2026-07-08). Umbrales +-15% / +-30%.
saldo_ramo,111715,111715 - Responsabilidad Civil,202607,2026-07-10,2171000.0,44965319.0,-95.17,Crítica,Saldo del dia vs. dia con datos anterior (2026-07-09). Umbrales +-15% / +-30%.
saldo_ramo,111715,111715 - Responsabilidad Civil,202607,2026-07-13,-800000.0,2171000.0,-136.85,Crítica,Saldo del dia vs. dia con datos anterior (2026-07-10). Umbrales +-15% / +-30%.
saldo_ramo,111715,111715 - Responsabilidad Civil,202607,2026-07-14,27851017.0,-800000.0,3581.38,Crítica,Saldo del dia vs. dia con datos anterior (2026-07-13). Umbrales +-15% / +-30%.
saldo_ramo,111715,111715 - Responsabilidad Civil,202607,2026-07-15,33139100.0,27851017.0,18.99,Advertencia,Saldo del dia vs. dia con datos anterior (2026-07-14). Umbrales +-15% / +-30%.
saldo_ramo,111715,111715 - Responsabilidad Civil,202607,2026-07-16,20810500.0,33139100.0,-37.2,Crítica,Saldo del dia vs. dia con datos anterior (2026-07-15). Umbrales +-15% / +-30%.
saldo_ramo,111715,111715 - Responsabilidad Civil,202607,2026-07-17,46918423.0,20810500.0,125.46,Crítica,Saldo del dia vs. dia con datos anterior (2026-07-16). Umbrales +-15% / +-30%.
saldo_ramo,111715,111715 - Responsabilidad Civil,202607,2026-07-21,2782025.0,46918423.0,-94.07,Crítica,Saldo del dia vs. dia con datos anterior (2026-07-17). Umbrales +-15% / +-30%.
saldo_ramo,111715,111715 - Responsabilidad Civil,202607,2026-07-22,79739109.0,2782025.0,2766.23,Crítica,Saldo del dia vs. dia con datos anterior (2026-07-21). Umbrales +-15% / +-30%.
saldo_ramo,111715,111715 - Responsabilidad Civil,202607,2026-07-23,58028500.0,79739109.0,-27.23,Advertencia,Saldo del dia vs. dia con datos anterior (2026-07-22). Umbrales +-15% / +-30%.
saldo_ramo,111715,111715 - Responsabilidad Civil,202607,2026-07-24,32783000.0,58028500.0,-43.51,Crítica,Saldo del dia vs. dia con datos anterior (2026-07-23). Umbrales +-15% / +-30%.
saldo_ramo,111715,111715 - Responsabilidad Civil,202607,2026-07-27,86393152.0,32783000.0,163.53,Crítica,Saldo del dia vs. dia con datos anterior (2026-07-24). Umbrales +-15% / +-30%.
saldo_ramo,111715,111715 - Responsabilidad Civil,202607,2026-07-28,44915000.0,86393152.0,-48.01,Crítica,Saldo del dia vs. dia con datos anterior (2026-07-27). Umbrales +-15% / +-30%.
saldo_ramo,111715,111715 - Responsabilidad Civil,202607,2026-07-29,9035000.0,44915000.0,-79.88,Crítica,Saldo del dia vs. dia con datos anterior (2026-07-28). Umbrales +-15% / +-30%.
saldo_ramo,111715,111715 - Responsabilidad Civil,202607,2026-07-30,102121475.0,9035000.0,1030.29,Crítica,Saldo del dia vs. dia con datos anterior (2026-07-29). Umbrales +-15% / +-30%.
saldo_ramo,111715,111715 - Responsabilidad Civil,202607,2026-07-31,68460720.0,102121475.0,-32.96,Crítica,Saldo del dia vs. dia con datos anterior (2026-07-30). Umbrales +-15% / +-30%.
saldo_ramo,111715,111715 - Responsabilidad Civil,202608,2026-08-03,-500000.0,68460720.0,-100.73,Crítica,Saldo del dia vs. dia con datos anterior (2026-07-31). Umbrales +-15% / +-30%.
saldo_ramo,111715,111715 - Responsabilidad Civil,202608,2026-08-04,5147200.0,-500000.0,1129.44,Crítica,Saldo del dia vs. dia con datos anterior (2026-08-03). Umbrales +-15% / +-30%.
saldo_ramo,111715,111715 - Responsabilidad Civil,202608,2026-08-05,20875646.0,5147200.0,305.57,Crítica,Saldo del dia vs. dia con datos anterior (2026-08-04). Umbrales +-15% / +-30%.
saldo_ramo,111715,111715 - Responsabilidad Civil,202608,2026-08-06,-400000.0,20875646.0,-101.92,Crítica,Saldo del dia vs. dia con datos anterior (2026-08-05). Umbrales +-15% / +-30%.
saldo_ramo,111715,111715 - Responsabilidad Civil,202608,2026-08-10,38249280.0,-400000.0,9662.32,Crítica,Saldo del dia vs. dia con datos anterior (2026-08-06). Umbrales +-15% / +-30%.
saldo_ramo,111715,111715 - Responsabilidad Civil,202608,2026-08-11,47423300.0,38249280.0,23.98,Advertencia,Saldo del dia vs. dia con datos anterior (2026-08-10). Umbrales +-15% / +-30%.
saldo_ramo,18,18 - Ingeniería,202606,2026-06-01,22135.0,,,Sin base,Saldo del dia vs. dia con datos anterior (s/d). Umbrales +-15% / +-30%.
saldo_ramo,18,18 - Ingeniería,202606,2026-06-26,22135.0,22135.0,0.0,Normal,Saldo del dia vs. dia con datos anterior (2026-06-01). Umbrales +-15% / +-30%.
saldo_ramo,18,18 - Ingeniería,202607,2026-07-30,22135.0,22135.0,0.0,Normal,Saldo del dia vs. dia con datos anterior (2026-06-26). Umbrales +-15% / +-30%.
saldo_ramo,19,19 - Daños Materiales,202606,2026-06-17,4615592.5,,,Sin base,Saldo del dia vs. dia con datos anterior (s/d). Umbrales +-15% / +-30%.
saldo_ramo,19,19 - Daños Materiales,202606,2026-06-30,299478190.0,4615592.5,6388.4,Crítica,Saldo del dia vs. dia con datos anterior (2026-06-17). Umbrales +-15% / +-30%.
saldo_ramo,19,19 - Daños Materiales,202607,2026-07-02,30850461.9,299478190.0,-89.7,Crítica,Saldo del dia vs. dia con datos anterior (2026-06-30). Umbrales +-15% / +-30%.
saldo_ramo,19,19 - Daños Materiales,202607,2026-07-29,0.0,30850461.9,-100.0,Crítica,Saldo del dia vs. dia con datos anterior (2026-07-02). Umbrales +-15% / +-30%.
saldo_ramo,22,22 - Manejo / Riesgos Financieros,202606,2026-06-30,200292300.0,,,Sin base,Saldo del dia vs. dia con datos anterior (s/d). Umbrales +-15% / +-30%.
saldo_ramo,22,22 - Manejo / Riesgos Financieros,202607,2026-07-30,37913078.5,200292300.0,-81.07,Crítica,Saldo del dia vs. dia con datos anterior (2026-06-30). Umbrales +-15% / +-30%.
saldo_ramo,396,396 - Exequias,202606,2026-06-17,-254400.0,,,Sin base,Saldo del dia vs. dia con datos anterior (s/d). Umbrales +-15% / +-30%.
saldo_ramo,410,410 - Hogar,202605,2026-05-14,255858.0,,,Sin base,Saldo del dia vs. dia con datos anterior (s/d). Umbrales +-15% / +-30%.
saldo_ramo,410,410 - Hogar,202605,2026-05-15,6863342.0,255858.0,2582.48,Crítica,Saldo del dia vs. dia con datos anterior (2026-05-14). Umbrales +-15% / +-30%.
saldo_ramo,410,410 - Hogar,202605,2026-05-19,780789.0,6863342.0,-88.62,Crítica,Saldo del dia vs. dia con datos anterior (2026-05-15). Umbrales +-15% / +-30%.
saldo_ramo,410,410 - Hogar,202605,2026-05-20,137280.0,780789.0,-82.42,Crítica,Saldo del dia vs. dia con datos anterior (2026-05-19). Umbrales +-15% / +-30%.
saldo_ramo,410,410 - Hogar,202605,2026-05-21,-411071.0,137280.0,-399.44,Crítica,Saldo del dia vs. dia con datos anterior (2026-05-20). Umbrales +-15% / +-30%.
saldo_ramo,410,410 - Hogar,202605,2026-05-25,391553.0,-411071.0,195.25,Crítica,Saldo del dia vs. dia con datos anterior (2026-05-21). Umbrales +-15% / +-30%.
saldo_ramo,410,410 - Hogar,202605,2026-05-27,116062.0,391553.0,-70.36,Crítica,Saldo del dia vs. dia con datos anterior (2026-05-25). Umbrales +-15% / +-30%.
saldo_ramo,410,410 - Hogar,202605,2026-05-28,408339.0,116062.0,251.83,Crítica,Saldo del dia vs. dia con datos anterior (2026-05-27). Umbrales +-15% / +-30%.
saldo_ramo,410,410 - Hogar,202606,2026-06-01,115540.0,408339.0,-71.7,Crítica,Saldo del dia vs. dia con datos anterior (2026-05-28). Umbrales +-15% / +-30%.
saldo_ramo,410,410 - Hogar,202606,2026-06-02,190612635.0,115540.0,164875.45,Crítica,Saldo del dia vs. dia con datos anterior (2026-06-01). Umbrales +-15% / +-30%.
saldo_ramo,410,410 - Hogar,202606,2026-06-03,-158510.0,190612635.0,-100.08,Crítica,Saldo del dia vs. dia con datos anterior (2026-06-02). Umbrales +-15% / +-30%.
saldo_ramo,410,410 - Hogar,202606,2026-06-04,-510100.0,-158510.0,-221.81,Crítica,Saldo del dia vs. dia con datos anterior (2026-06-03). Umbrales +-15% / +-30%.
saldo_ramo,410,410 - Hogar,202606,2026-06-05,1214238.0,-510100.0,338.04,Crítica,Saldo del dia vs. dia con datos anterior (2026-06-04). Umbrales +-15% / +-30%.
saldo_ramo,410,410 - Hogar,202606,2026-06-09,114191.0,1214238.0,-90.6,Crítica,Saldo del dia vs. dia con datos anterior (2026-06-05). Umbrales +-15% / +-30%.
saldo_ramo,410,410 - Hogar,202606,2026-06-11,-38176678.0,114191.0,-33532.3,Crítica,Saldo del dia vs. dia con datos anterior (2026-06-09). Umbrales +-15% / +-30%.
saldo_ramo,410,410 - Hogar,202606,2026-06-12,631488.0,-38176678.0,101.65,Crítica,Saldo del dia vs. dia con datos anterior (2026-06-11). Umbrales +-15% / +-30%.
saldo_ramo,410,410 - Hogar,202606,2026-06-17,-3402212.0,631488.0,-638.76,Crítica,Saldo del dia vs. dia con datos anterior (2026-06-12). Umbrales +-15% / +-30%.
saldo_ramo,410,410 - Hogar,202606,2026-06-18,576576.0,-3402212.0,116.95,Crítica,Saldo del dia vs. dia con datos anterior (2026-06-17). Umbrales +-15% / +-30%.
saldo_ramo,410,410 - Hogar,202606,2026-06-22,631488.0,576576.0,9.52,Normal,Saldo del dia vs. dia con datos anterior (2026-06-18). Umbrales +-15% / +-30%.
saldo_ramo,410,410 - Hogar,202606,2026-06-23,-7827765.0,631488.0,-1339.57,Crítica,Saldo del dia vs. dia con datos anterior (2026-06-22). Umbrales +-15% / +-30%.
saldo_ramo,410,410 - Hogar,202606,2026-06-24,27456.0,-7827765.0,100.35,Crítica,Saldo del dia vs. dia con datos anterior (2026-06-23). Umbrales +-15% / +-30%.
saldo_ramo,410,410 - Hogar,202606,2026-06-25,-3522747.0,27456.0,-12930.52,Crítica,Saldo del dia vs. dia con datos anterior (2026-06-24). Umbrales +-15% / +-30%.
saldo_ramo,410,410 - Hogar,202606,2026-06-26,-37681.0,-3522747.0,98.93,Crítica,Saldo del dia vs. dia con datos anterior (2026-06-25). Umbrales +-15% / +-30%.
saldo_ramo,410,410 - Hogar,202606,2026-06-30,192192.0,-37681.0,610.05,Crítica,Saldo del dia vs. dia con datos anterior (2026-06-26). Umbrales +-15% / +-30%.
saldo_ramo,410,410 - Hogar,202607,2026-07-01,27456.0,192192.0,-85.71,Crítica,Saldo del dia vs. dia con datos anterior (2026-06-30). Umbrales +-15% / +-30%.
saldo_ramo,410,410 - Hogar,202607,2026-07-02,200094352.0,27456.0,728681.88,Crítica,Saldo del dia vs. dia con datos anterior (2026-07-01). Umbrales +-15% / +-30%.
saldo_ramo,410,410 - Hogar,202607,2026-07-03,960956.0,200094352.0,-99.52,Crítica,Saldo del dia vs. dia con datos anterior (2026-07-02). Umbrales +-15% / +-30%.
saldo_ramo,410,410 - Hogar,202607,2026-07-07,-203381.0,960956.0,-121.16,Crítica,Saldo del dia vs. dia con datos anterior (2026-07-03). Umbrales +-15% / +-30%.
saldo_ramo,410,410 - Hogar,202607,2026-07-08,-11223181.0,-203381.0,-5418.3,Crítica,Saldo del dia vs. dia con datos anterior (2026-07-07). Umbrales +-15% / +-30%.
saldo_ramo,410,410 - Hogar,202607,2026-07-09,137280.0,-11223181.0,101.22,Crítica,Saldo del dia vs. dia con datos anterior (2026-07-08). Umbrales +-15% / +-30%.
saldo_ramo,410,410 - Hogar,202607,2026-07-14,988250.0,137280.0,619.88,Crítica,Saldo del dia vs. dia con datos anterior (2026-07-09). Umbrales +-15% / +-30%.
saldo_ramo,410,410 - Hogar,202607,2026-07-17,-945956.0,988250.0,-195.72,Crítica,Saldo del dia vs. dia con datos anterior (2026-07-14). Umbrales +-15% / +-30%.
saldo_ramo,410,410 - Hogar,202607,2026-07-21,219648.0,-945956.0,123.22,Crítica,Saldo del dia vs. dia con datos anterior (2026-07-17). Umbrales +-15% / +-30%.
saldo_ramo,410,410 - Hogar,202607,2026-07-23,19501.0,219648.0,-91.12,Crítica,Saldo del dia vs. dia con datos anterior (2026-07-21). Umbrales +-15% / +-30%.
saldo_ramo,410,410 - Hogar,202607,2026-07-27,384384.0,19501.0,1871.1,Crítica,Saldo del dia vs. dia con datos anterior (2026-07-23). Umbrales +-15% / +-30%.
saldo_ramo,410,410 - Hogar,202607,2026-07-29,-1530375.0,384384.0,-498.14,Crítica,Saldo del dia vs. dia con datos anterior (2026-07-27). Umbrales +-15% / +-30%.
saldo_ramo,410,410 - Hogar,202607,2026-07-30,-10424930.0,-1530375.0,-581.2,Crítica,Saldo del dia vs. dia con datos anterior (2026-07-29). Umbrales +-15% / +-30%.
saldo_ramo,410,410 - Hogar,202608,2026-08-04,356928.0,-10424930.0,103.42,Crítica,Saldo del dia vs. dia con datos anterior (2026-07-30). Umbrales +-15% / +-30%.
saldo_ramo,410,410 - Hogar,202608,2026-08-05,178738276.0,356928.0,49976.84,Crítica,Saldo del dia vs. dia con datos anterior (2026-08-04). Umbrales +-15% / +-30%.
saldo_ramo,410,410 - Hogar,202608,2026-08-06,109824.0,178738276.0,-99.94,Crítica,Saldo del dia vs. dia con datos anterior (2026-08-05). Umbrales +-15% / +-30%.
saldo_ramo,410,410 - Hogar,202608,2026-08-10,192192.0,109824.0,75.0,Crítica,Saldo del dia vs. dia con datos anterior (2026-08-06). Umbrales +-15% / +-30%.
saldo_ramo,411,411 - Hogar,202605,2026-05-27,510448344.0,,,Sin base,Saldo del dia vs. dia con datos anterior (s/d). Umbrales +-15% / +-30%.
saldo_ramo,411,411 - Hogar,202605,2026-05-28,-300576941.0,510448344.0,-158.88,Crítica,Saldo del dia vs. dia con datos anterior (2026-05-27). Umbrales +-15% / +-30%.
saldo_ramo,411,411 - Hogar,202606,2026-06-25,510448344.0,-300576941.0,269.82,Crítica,Saldo del dia vs. dia con datos anterior (2026-05-28). Umbrales +-15% / +-30%.
saldo_ramo,411,411 - Hogar,202606,2026-06-26,-303652377.0,510448344.0,-159.49,Crítica,Saldo del dia vs. dia con datos anterior (2026-06-25). Umbrales +-15% / +-30%.
saldo_ramo,411,411 - Hogar,202607,2026-07-28,510448344.0,-303652377.0,268.1,Crítica,Saldo del dia vs. dia con datos anterior (2026-06-26). Umbrales +-15% / +-30%.
saldo_ramo,411,411 - Hogar,202607,2026-07-29,-304287097.0,510448344.0,-159.61,Crítica,Saldo del dia vs. dia con datos anterior (2026-07-28). Umbrales +-15% / +-30%.
saldo_ramo,462,462 - Vida,202605,2026-05-15,22093.0,,,Sin base,Saldo del dia vs. dia con datos anterior (s/d). Umbrales +-15% / +-30%.
saldo_ramo,462,462 - Vida,202605,2026-05-20,-59865.0,22093.0,-370.97,Crítica,Saldo del dia vs. dia con datos anterior (2026-05-15). Umbrales +-15% / +-30%.
saldo_ramo,462,462 - Vida,202605,2026-05-25,-113946.0,-59865.0,-90.34,Crítica,Saldo del dia vs. dia con datos anterior (2026-05-20). Umbrales +-15% / +-30%.
saldo_ramo,462,462 - Vida,202605,2026-05-28,37640.0,-113946.0,133.03,Crítica,Saldo del dia vs. dia con datos anterior (2026-05-25). Umbrales +-15% / +-30%.
saldo_ramo,462,462 - Vida,202606,2026-06-01,7896595.0,37640.0,20879.26,Crítica,Saldo del dia vs. dia con datos anterior (2026-05-28). Umbrales +-15% / +-30%.
saldo_ramo,462,462 - Vida,202606,2026-06-02,1056680.0,7896595.0,-86.62,Crítica,Saldo del dia vs. dia con datos anterior (2026-06-01). Umbrales +-15% / +-30%.
saldo_ramo,462,462 - Vida,202606,2026-06-03,26015930.0,1056680.0,2362.04,Crítica,Saldo del dia vs. dia con datos anterior (2026-06-02). Umbrales +-15% / +-30%.
saldo_ramo,462,462 - Vida,202606,2026-06-11,-455124.0,26015930.0,-101.75,Crítica,Saldo del dia vs. dia con datos anterior (2026-06-03). Umbrales +-15% / +-30%.
saldo_ramo,462,462 - Vida,202606,2026-06-17,-44396.0,-455124.0,90.25,Crítica,Saldo del dia vs. dia con datos anterior (2026-06-11). Umbrales +-15% / +-30%.
saldo_ramo,462,462 - Vida,202606,2026-06-19,-142162.0,-44396.0,-220.21,Crítica,Saldo del dia vs. dia con datos anterior (2026-06-17). Umbrales +-15% / +-30%.
saldo_ramo,462,462 - Vida,202606,2026-06-23,-153720.0,-142162.0,-8.13,Normal,Saldo del dia vs. dia con datos anterior (2026-06-19). Umbrales +-15% / +-30%.
saldo_ramo,462,462 - Vida,202606,2026-06-24,13744.0,-153720.0,108.94,Crítica,Saldo del dia vs. dia con datos anterior (2026-06-23). Umbrales +-15% / +-30%.
saldo_ramo,462,462 - Vida,202607,2026-07-01,9177998.0,13744.0,66678.22,Crítica,Saldo del dia vs. dia con datos anterior (2026-06-24). Umbrales +-15% / +-30%.
saldo_ramo,462,462 - Vida,202607,2026-07-02,31007825.0,9177998.0,237.85,Crítica,Saldo del dia vs. dia con datos anterior (2026-07-01). Umbrales +-15% / +-30%.
saldo_ramo,462,462 - Vida,202608,2026-08-03,6945777.0,31007825.0,-77.6,Crítica,Saldo del dia vs. dia con datos anterior (2026-07-02). Umbrales +-15% / +-30%.
saldo_ramo,462,462 - Vida,202608,2026-08-05,34186127.0,6945777.0,392.19,Crítica,Saldo del dia vs. dia con datos anterior (2026-08-03). Umbrales +-15% / +-30%.
saldo_ramo,463,463 - Vida,202605,2026-05-14,-42540.0,,,Sin base,Saldo del dia vs. dia con datos anterior (s/d). Umbrales +-15% / +-30%.
saldo_ramo,463,463 - Vida,202605,2026-05-15,60584.0,-42540.0,242.42,Crítica,Saldo del dia vs. dia con datos anterior (2026-05-14). Umbrales +-15% / +-30%.
saldo_ramo,463,463 - Vida,202605,2026-05-19,-148065.0,60584.0,-344.4,Crítica,Saldo del dia vs. dia con datos anterior (2026-05-15). Umbrales +-15% / +-30%.
saldo_ramo,463,463 - Vida,202605,2026-05-21,74236.0,-148065.0,150.14,Crítica,Saldo del dia vs. dia con datos anterior (2026-05-19). Umbrales +-15% / +-30%.
saldo_ramo,463,463 - Vida,202605,2026-05-26,1348838.0,74236.0,1716.96,Crítica,Saldo del dia vs. dia con datos anterior (2026-05-21). Umbrales +-15% / +-30%.
saldo_ramo,463,463 - Vida,202606,2026-06-01,34322202.0,1348838.0,2444.58,Crítica,Saldo del dia vs. dia con datos anterior (2026-05-26). Umbrales +-15% / +-30%.
saldo_ramo,463,463 - Vida,202606,2026-06-03,126496.0,34322202.0,-99.63,Crítica,Saldo del dia vs. dia con datos anterior (2026-06-01). Umbrales +-15% / +-30%.
saldo_ramo,463,463 - Vida,202606,2026-06-04,57593935.0,126496.0,45430.24,Crítica,Saldo del dia vs. dia con datos anterior (2026-06-03). Umbrales +-15% / +-30%.
saldo_ramo,463,463 - Vida,202606,2026-06-05,54627.0,57593935.0,-99.91,Crítica,Saldo del dia vs. dia con datos anterior (2026-06-04). Umbrales +-15% / +-30%.
saldo_ramo,463,463 - Vida,202606,2026-06-09,-824993.0,54627.0,-1610.23,Crítica,Saldo del dia vs. dia con datos anterior (2026-06-05). Umbrales +-15% / +-30%.
saldo_ramo,463,463 - Vida,202606,2026-06-11,-859480.0,-824993.0,-4.18,Normal,Saldo del dia vs. dia con datos anterior (2026-06-09). Umbrales +-15% / +-30%.
saldo_ramo,463,463 - Vida,202606,2026-06-12,-4385.0,-859480.0,99.49,Crítica,Saldo del dia vs. dia con datos anterior (2026-06-11). Umbrales +-15% / +-30%.
saldo_ramo,463,463 - Vida,202606,2026-06-16,148918.0,-4385.0,3496.08,Crítica,Saldo del dia vs. dia con datos anterior (2026-06-12). Umbrales +-15% / +-30%.
saldo_ramo,463,463 - Vida,202606,2026-06-18,-7289.0,148918.0,-104.89,Crítica,Saldo del dia vs. dia con datos anterior (2026-06-16). Umbrales +-15% / +-30%.
saldo_ramo,463,463 - Vida,202606,2026-06-22,-459603.0,-7289.0,-6205.43,Crítica,Saldo del dia vs. dia con datos anterior (2026-06-18). Umbrales +-15% / +-30%.
saldo_ramo,463,463 - Vida,202606,2026-06-23,-345510.0,-459603.0,24.82,Advertencia,Saldo del dia vs. dia con datos anterior (2026-06-22). Umbrales +-15% / +-30%.
saldo_ramo,463,463 - Vida,202606,2026-06-25,-3068851.0,-345510.0,-788.21,Crítica,Saldo del dia vs. dia con datos anterior (2026-06-23). Umbrales +-15% / +-30%.
saldo_ramo,463,463 - Vida,202606,2026-06-30,128220.0,-3068851.0,104.18,Crítica,Saldo del dia vs. dia con datos anterior (2026-06-25). Umbrales +-15% / +-30%.
saldo_ramo,463,463 - Vida,202607,2026-07-01,28271693.0,128220.0,21949.36,Crítica,Saldo del dia vs. dia con datos anterior (2026-06-30). Umbrales +-15% / +-30%.
saldo_ramo,463,463 - Vida,202607,2026-07-02,44006447.0,28271693.0,55.66,Crítica,Saldo del dia vs. dia con datos anterior (2026-07-01). Umbrales +-15% / +-30%.
saldo_ramo,463,463 - Vida,202607,2026-07-07,64335.0,44006447.0,-99.85,Crítica,Saldo del dia vs. dia con datos anterior (2026-07-02). Umbrales +-15% / +-30%.
saldo_ramo,463,463 - Vida,202607,2026-07-08,1940209.0,64335.0,2915.79,Crítica,Saldo del dia vs. dia con datos anterior (2026-07-07). Umbrales +-15% / +-30%.
saldo_ramo,463,463 - Vida,202607,2026-07-10,-75654.0,1940209.0,-103.9,Crítica,Saldo del dia vs. dia con datos anterior (2026-07-08). Umbrales +-15% / +-30%.
saldo_ramo,463,463 - Vida,202607,2026-07-15,127542.0,-75654.0,268.59,Crítica,Saldo del dia vs. dia con datos anterior (2026-07-10). Umbrales +-15% / +-30%.
saldo_ramo,463,463 - Vida,202607,2026-07-21,0.0,127542.0,-100.0,Crítica,Saldo del dia vs. dia con datos anterior (2026-07-15). Umbrales +-15% / +-30%.
saldo_ramo,463,463 - Vida,202607,2026-07-22,83701.0,0.0,,Sin base,Saldo del dia vs. dia con datos anterior (2026-07-21). Umbrales +-15% / +-30%.
saldo_ramo,463,463 - Vida,202607,2026-07-24,23292.0,83701.0,-72.17,Crítica,Saldo del dia vs. dia con datos anterior (2026-07-22). Umbrales +-15% / +-30%.
saldo_ramo,463,463 - Vida,202607,2026-07-27,23292.0,23292.0,0.0,Normal,Saldo del dia vs. dia con datos anterior (2026-07-24). Umbrales +-15% / +-30%.
saldo_ramo,463,463 - Vida,202607,2026-07-29,-2218105.0,23292.0,-9623.03,Crítica,Saldo del dia vs. dia con datos anterior (2026-07-27). Umbrales +-15% / +-30%.
saldo_ramo,463,463 - Vida,202607,2026-07-30,-384414.0,-2218105.0,82.67,Crítica,Saldo del dia vs. dia con datos anterior (2026-07-29). Umbrales +-15% / +-30%.
saldo_ramo,463,463 - Vida,202608,2026-08-03,35821934.0,-384414.0,9418.58,Crítica,Saldo del dia vs. dia con datos anterior (2026-07-30). Umbrales +-15% / +-30%.
saldo_ramo,463,463 - Vida,202608,2026-08-05,54405677.0,35821934.0,51.88,Crítica,Saldo del dia vs. dia con datos anterior (2026-08-03). Umbrales +-15% / +-30%.
saldo_ramo,6023,6023 - Vida,202605,2026-05-14,9916237.0,,,Sin base,Saldo del dia vs. dia con datos anterior (s/d). Umbrales +-15% / +-30%.
saldo_ramo,6023,6023 - Vida,202605,2026-05-15,36827851.0,9916237.0,271.39,Crítica,Saldo del dia vs. dia con datos anterior (2026-05-14). Umbrales +-15% / +-30%.
saldo_ramo,6023,6023 - Vida,202605,2026-05-19,23095234.0,36827851.0,-37.29,Crítica,Saldo del dia vs. dia con datos anterior (2026-05-15). Umbrales +-15% / +-30%.
saldo_ramo,6023,6023 - Vida,202605,2026-05-20,52457091.0,23095234.0,127.13,Crítica,Saldo del dia vs. dia con datos anterior (2026-05-19). Umbrales +-15% / +-30%.
saldo_ramo,6023,6023 - Vida,202605,2026-05-21,7202954.0,52457091.0,-86.27,Crítica,Saldo del dia vs. dia con datos anterior (2026-05-20). Umbrales +-15% / +-30%.
saldo_ramo,6023,6023 - Vida,202605,2026-05-22,24169032.0,7202954.0,235.54,Crítica,Saldo del dia vs. dia con datos anterior (2026-05-21). Umbrales +-15% / +-30%.
saldo_ramo,6023,6023 - Vida,202605,2026-05-23,282375.0,24169032.0,-98.83,Crítica,Saldo del dia vs. dia con datos anterior (2026-05-22). Umbrales +-15% / +-30%.
saldo_ramo,6023,6023 - Vida,202605,2026-05-25,10524420.0,282375.0,3627.11,Crítica,Saldo del dia vs. dia con datos anterior (2026-05-23). Umbrales +-15% / +-30%.
saldo_ramo,6023,6023 - Vida,202605,2026-05-26,13303850.0,10524420.0,26.41,Advertencia,Saldo del dia vs. dia con datos anterior (2026-05-25). Umbrales +-15% / +-30%.
saldo_ramo,6023,6023 - Vida,202605,2026-05-27,23349816.0,13303850.0,75.51,Crítica,Saldo del dia vs. dia con datos anterior (2026-05-26). Umbrales +-15% / +-30%.
saldo_ramo,6023,6023 - Vida,202605,2026-05-28,2278133.0,23349816.0,-90.24,Crítica,Saldo del dia vs. dia con datos anterior (2026-05-27). Umbrales +-15% / +-30%.
saldo_ramo,6023,6023 - Vida,202605,2026-05-29,1325139.0,2278133.0,-41.83,Crítica,Saldo del dia vs. dia con datos anterior (2026-05-28). Umbrales +-15% / +-30%.
saldo_ramo,6023,6023 - Vida,202606,2026-06-01,15086806.0,1325139.0,1038.51,Crítica,Saldo del dia vs. dia con datos anterior (2026-05-29). Umbrales +-15% / +-30%.
saldo_ramo,6023,6023 - Vida,202606,2026-06-02,116445508.0,15086806.0,671.84,Crítica,Saldo del dia vs. dia con datos anterior (2026-06-01). Umbrales +-15% / +-30%.
saldo_ramo,6023,6023 - Vida,202606,2026-06-03,14525107.0,116445508.0,-87.53,Crítica,Saldo del dia vs. dia con datos anterior (2026-06-02). Umbrales +-15% / +-30%.
saldo_ramo,6023,6023 - Vida,202606,2026-06-04,228050491.0,14525107.0,1470.04,Crítica,Saldo del dia vs. dia con datos anterior (2026-06-03). Umbrales +-15% / +-30%.
saldo_ramo,6023,6023 - Vida,202606,2026-06-05,41061483.0,228050491.0,-81.99,Crítica,Saldo del dia vs. dia con datos anterior (2026-06-04). Umbrales +-15% / +-30%.
saldo_ramo,6023,6023 - Vida,202606,2026-06-09,10465157.0,41061483.0,-74.51,Crítica,Saldo del dia vs. dia con datos anterior (2026-06-05). Umbrales +-15% / +-30%.
saldo_ramo,6023,6023 - Vida,202606,2026-06-10,30963780.0,10465157.0,195.87,Crítica,Saldo del dia vs. dia con datos anterior (2026-06-09). Umbrales +-15% / +-30%.
saldo_ramo,6023,6023 - Vida,202606,2026-06-11,-111649478.0,30963780.0,-460.58,Crítica,Saldo del dia vs. dia con datos anterior (2026-06-10). Umbrales +-15% / +-30%.
saldo_ramo,6023,6023 - Vida,202606,2026-06-12,7979779.0,-111649478.0,107.15,Crítica,Saldo del dia vs. dia con datos anterior (2026-06-11). Umbrales +-15% / +-30%.
saldo_ramo,6023,6023 - Vida,202606,2026-06-16,13434241.0,7979779.0,68.35,Crítica,Saldo del dia vs. dia con datos anterior (2026-06-12). Umbrales +-15% / +-30%.
saldo_ramo,6023,6023 - Vida,202606,2026-06-17,12742244.0,13434241.0,-5.15,Normal,Saldo del dia vs. dia con datos anterior (2026-06-16). Umbrales +-15% / +-30%.
saldo_ramo,6023,6023 - Vida,202606,2026-06-18,4784422.0,12742244.0,-62.45,Crítica,Saldo del dia vs. dia con datos anterior (2026-06-17). Umbrales +-15% / +-30%.
saldo_ramo,6023,6023 - Vida,202606,2026-06-19,28521475.0,4784422.0,496.13,Crítica,Saldo del dia vs. dia con datos anterior (2026-06-18). Umbrales +-15% / +-30%.
saldo_ramo,6023,6023 - Vida,202606,2026-06-22,24506493.0,28521475.0,-14.08,Normal,Saldo del dia vs. dia con datos anterior (2026-06-19). Umbrales +-15% / +-30%.
saldo_ramo,6023,6023 - Vida,202606,2026-06-23,23331680.0,24506493.0,-4.79,Normal,Saldo del dia vs. dia con datos anterior (2026-06-22). Umbrales +-15% / +-30%.
saldo_ramo,6023,6023 - Vida,202606,2026-06-24,3938065.0,23331680.0,-83.12,Crítica,Saldo del dia vs. dia con datos anterior (2026-06-23). Umbrales +-15% / +-30%.
saldo_ramo,6023,6023 - Vida,202606,2026-06-25,17907310.0,3938065.0,354.72,Crítica,Saldo del dia vs. dia con datos anterior (2026-06-24). Umbrales +-15% / +-30%.
saldo_ramo,6023,6023 - Vida,202606,2026-06-26,1192320.0,17907310.0,-93.34,Crítica,Saldo del dia vs. dia con datos anterior (2026-06-25). Umbrales +-15% / +-30%.
saldo_ramo,6023,6023 - Vida,202606,2026-06-28,-13732220.0,1192320.0,-1251.72,Crítica,Saldo del dia vs. dia con datos anterior (2026-06-26). Umbrales +-15% / +-30%.
saldo_ramo,6023,6023 - Vida,202606,2026-06-30,4951946.0,-13732220.0,136.06,Crítica,Saldo del dia vs. dia con datos anterior (2026-06-28). Umbrales +-15% / +-30%.
saldo_ramo,6023,6023 - Vida,202607,2026-07-01,52223756.0,4951946.0,954.61,Crítica,Saldo del dia vs. dia con datos anterior (2026-06-30). Umbrales +-15% / +-30%.
saldo_ramo,6023,6023 - Vida,202607,2026-07-02,20783727.0,52223756.0,-60.2,Crítica,Saldo del dia vs. dia con datos anterior (2026-07-01). Umbrales +-15% / +-30%.
saldo_ramo,6023,6023 - Vida,202607,2026-07-03,3284268.0,20783727.0,-84.2,Crítica,Saldo del dia vs. dia con datos anterior (2026-07-02). Umbrales +-15% / +-30%.
saldo_ramo,6023,6023 - Vida,202607,2026-07-06,69453061.0,3284268.0,2014.72,Crítica,Saldo del dia vs. dia con datos anterior (2026-07-03). Umbrales +-15% / +-30%.
saldo_ramo,6023,6023 - Vida,202607,2026-07-07,64338332.0,69453061.0,-7.36,Normal,Saldo del dia vs. dia con datos anterior (2026-07-06). Umbrales +-15% / +-30%.
saldo_ramo,6023,6023 - Vida,202607,2026-07-08,13322003.0,64338332.0,-79.29,Crítica,Saldo del dia vs. dia con datos anterior (2026-07-07). Umbrales +-15% / +-30%.
saldo_ramo,6023,6023 - Vida,202607,2026-07-09,24259096.0,13322003.0,82.1,Crítica,Saldo del dia vs. dia con datos anterior (2026-07-08). Umbrales +-15% / +-30%.
saldo_ramo,6023,6023 - Vida,202607,2026-07-10,20599713.0,24259096.0,-15.08,Advertencia,Saldo del dia vs. dia con datos anterior (2026-07-09). Umbrales +-15% / +-30%.
saldo_ramo,6023,6023 - Vida,202607,2026-07-14,16002845.0,20599713.0,-22.32,Advertencia,Saldo del dia vs. dia con datos anterior (2026-07-10). Umbrales +-15% / +-30%.
saldo_ramo,6023,6023 - Vida,202607,2026-07-15,20946984.0,16002845.0,30.9,Crítica,Saldo del dia vs. dia con datos anterior (2026-07-14). Umbrales +-15% / +-30%.
saldo_ramo,6023,6023 - Vida,202607,2026-07-16,4422978.0,20946984.0,-78.88,Crítica,Saldo del dia vs. dia con datos anterior (2026-07-15). Umbrales +-15% / +-30%.
saldo_ramo,6023,6023 - Vida,202607,2026-07-17,24346443.0,4422978.0,450.45,Crítica,Saldo del dia vs. dia con datos anterior (2026-07-16). Umbrales +-15% / +-30%.
saldo_ramo,6023,6023 - Vida,202607,2026-07-21,9334115.0,24346443.0,-61.66,Crítica,Saldo del dia vs. dia con datos anterior (2026-07-17). Umbrales +-15% / +-30%.
saldo_ramo,6023,6023 - Vida,202607,2026-07-22,17914097.0,9334115.0,91.92,Crítica,Saldo del dia vs. dia con datos anterior (2026-07-21). Umbrales +-15% / +-30%.
saldo_ramo,6023,6023 - Vida,202607,2026-07-23,65613744.0,17914097.0,266.27,Crítica,Saldo del dia vs. dia con datos anterior (2026-07-22). Umbrales +-15% / +-30%.
saldo_ramo,6023,6023 - Vida,202607,2026-07-24,14474704.0,65613744.0,-77.94,Crítica,Saldo del dia vs. dia con datos anterior (2026-07-23). Umbrales +-15% / +-30%.
saldo_ramo,6023,6023 - Vida,202607,2026-07-27,20370449.0,14474704.0,40.73,Crítica,Saldo del dia vs. dia con datos anterior (2026-07-24). Umbrales +-15% / +-30%.
saldo_ramo,6023,6023 - Vida,202607,2026-07-28,6733474.0,20370449.0,-66.94,Crítica,Saldo del dia vs. dia con datos anterior (2026-07-27). Umbrales +-15% / +-30%.
saldo_ramo,6023,6023 - Vida,202607,2026-07-29,10547022.0,6733474.0,56.64,Crítica,Saldo del dia vs. dia con datos anterior (2026-07-28). Umbrales +-15% / +-30%.
saldo_ramo,6023,6023 - Vida,202607,2026-07-30,1965867.0,10547022.0,-81.36,Crítica,Saldo del dia vs. dia con datos anterior (2026-07-29). Umbrales +-15% / +-30%.
saldo_ramo,6023,6023 - Vida,202607,2026-07-31,22113699.0,1965867.0,1024.88,Crítica,Saldo del dia vs. dia con datos anterior (2026-07-30). Umbrales +-15% / +-30%.
saldo_ramo,6023,6023 - Vida,202608,2026-08-03,38734618.0,22113699.0,75.16,Crítica,Saldo del dia vs. dia con datos anterior (2026-07-31). Umbrales +-15% / +-30%.
saldo_ramo,6023,6023 - Vida,202608,2026-08-04,38786594.0,38734618.0,0.13,Normal,Saldo del dia vs. dia con datos anterior (2026-08-03). Umbrales +-15% / +-30%.
saldo_ramo,6023,6023 - Vida,202608,2026-08-05,16520842.0,38786594.0,-57.41,Crítica,Saldo del dia vs. dia con datos anterior (2026-08-04). Umbrales +-15% / +-30%.
saldo_ramo,6023,6023 - Vida,202608,2026-08-06,4399805.0,16520842.0,-73.37,Crítica,Saldo del dia vs. dia con datos anterior (2026-08-05). Umbrales +-15% / +-30%.
saldo_ramo,6023,6023 - Vida,202608,2026-08-10,10145996.0,4399805.0,130.6,Crítica,Saldo del dia vs. dia con datos anterior (2026-08-06). Umbrales +-15% / +-30%.
saldo_ramo,6023,6023 - Vida,202608,2026-08-11,36806193.0,10145996.0,262.77,Crítica,Saldo del dia vs. dia con datos anterior (2026-08-10). Umbrales +-15% / +-30%.
saldo_ramo,6024,6024 - Vida,202605,2026-05-14,50101058.0,,,Sin base,Saldo del dia vs. dia con datos anterior (s/d). Umbrales +-15% / +-30%.
saldo_ramo,6024,6024 - Vida,202605,2026-05-15,53542330.0,50101058.0,6.87,Normal,Saldo del dia vs. dia con datos anterior (2026-05-14). Umbrales +-15% / +-30%.
saldo_ramo,6024,6024 - Vida,202605,2026-05-19,42357028.0,53542330.0,-20.89,Advertencia,Saldo del dia vs. dia con datos anterior (2026-05-15). Umbrales +-15% / +-30%.
saldo_ramo,6024,6024 - Vida,202605,2026-05-20,65999215.0,42357028.0,55.82,Crítica,Saldo del dia vs. dia con datos anterior (2026-05-19). Umbrales +-15% / +-30%.
saldo_ramo,6024,6024 - Vida,202605,2026-05-21,52839696.0,65999215.0,-19.94,Advertencia,Saldo del dia vs. dia con datos anterior (2026-05-20). Umbrales +-15% / +-30%.
saldo_ramo,6024,6024 - Vida,202605,2026-05-22,36536680.0,52839696.0,-30.85,Crítica,Saldo del dia vs. dia con datos anterior (2026-05-21). Umbrales +-15% / +-30%.
saldo_ramo,6024,6024 - Vida,202605,2026-05-25,-46165457.0,36536680.0,-226.35,Crítica,Saldo del dia vs. dia con datos anterior (2026-05-22). Umbrales +-15% / +-30%.
saldo_ramo,6024,6024 - Vida,202605,2026-05-26,25908027.0,-46165457.0,156.12,Crítica,Saldo del dia vs. dia con datos anterior (2026-05-25). Umbrales +-15% / +-30%.
saldo_ramo,6024,6024 - Vida,202605,2026-05-27,1748621.0,25908027.0,-93.25,Crítica,Saldo del dia vs. dia con datos anterior (2026-05-26). Umbrales +-15% / +-30%.
saldo_ramo,6024,6024 - Vida,202605,2026-05-28,27973912.0,1748621.0,1499.77,Crítica,Saldo del dia vs. dia con datos anterior (2026-05-27). Umbrales +-15% / +-30%.
saldo_ramo,6024,6024 - Vida,202605,2026-05-29,39615441.0,27973912.0,41.62,Crítica,Saldo del dia vs. dia con datos anterior (2026-05-28). Umbrales +-15% / +-30%.
saldo_ramo,6024,6024 - Vida,202606,2026-06-01,4356557.0,39615441.0,-89.0,Crítica,Saldo del dia vs. dia con datos anterior (2026-05-29). Umbrales +-15% / +-30%.
saldo_ramo,6024,6024 - Vida,202606,2026-06-02,135996045.0,4356557.0,3021.64,Crítica,Saldo del dia vs. dia con datos anterior (2026-06-01). Umbrales +-15% / +-30%.
saldo_ramo,6024,6024 - Vida,202606,2026-06-03,72289677.0,135996045.0,-46.84,Crítica,Saldo del dia vs. dia con datos anterior (2026-06-02). Umbrales +-15% / +-30%.
saldo_ramo,6024,6024 - Vida,202606,2026-06-04,78006686.0,72289677.0,7.91,Normal,Saldo del dia vs. dia con datos anterior (2026-06-03). Umbrales +-15% / +-30%.
saldo_ramo,6024,6024 - Vida,202606,2026-06-05,-11790455.0,78006686.0,-115.11,Crítica,Saldo del dia vs. dia con datos anterior (2026-06-04). Umbrales +-15% / +-30%.
saldo_ramo,6024,6024 - Vida,202606,2026-06-09,89319295.0,-11790455.0,857.56,Crítica,Saldo del dia vs. dia con datos anterior (2026-06-05). Umbrales +-15% / +-30%.
saldo_ramo,6024,6024 - Vida,202606,2026-06-10,68036663.0,89319295.0,-23.83,Advertencia,Saldo del dia vs. dia con datos anterior (2026-06-09). Umbrales +-15% / +-30%.
saldo_ramo,6024,6024 - Vida,202606,2026-06-11,37432951.0,68036663.0,-44.98,Crítica,Saldo del dia vs. dia con datos anterior (2026-06-10). Umbrales +-15% / +-30%.
saldo_ramo,6024,6024 - Vida,202606,2026-06-12,52711702.0,37432951.0,40.82,Crítica,Saldo del dia vs. dia con datos anterior (2026-06-11). Umbrales +-15% / +-30%.
saldo_ramo,6024,6024 - Vida,202606,2026-06-16,127089396.0,52711702.0,141.1,Crítica,Saldo del dia vs. dia con datos anterior (2026-06-12). Umbrales +-15% / +-30%.
saldo_ramo,6024,6024 - Vida,202606,2026-06-17,140496812.0,127089396.0,10.55,Normal,Saldo del dia vs. dia con datos anterior (2026-06-16). Umbrales +-15% / +-30%.
saldo_ramo,6024,6024 - Vida,202606,2026-06-18,40319280.0,140496812.0,-71.3,Crítica,Saldo del dia vs. dia con datos anterior (2026-06-17). Umbrales +-15% / +-30%.
saldo_ramo,6024,6024 - Vida,202606,2026-06-19,9763303.0,40319280.0,-75.79,Crítica,Saldo del dia vs. dia con datos anterior (2026-06-18). Umbrales +-15% / +-30%.
saldo_ramo,6024,6024 - Vida,202606,2026-06-22,26429869.0,9763303.0,170.71,Crítica,Saldo del dia vs. dia con datos anterior (2026-06-19). Umbrales +-15% / +-30%.
saldo_ramo,6024,6024 - Vida,202606,2026-06-23,29477939.0,26429869.0,11.53,Normal,Saldo del dia vs. dia con datos anterior (2026-06-22). Umbrales +-15% / +-30%.
saldo_ramo,6024,6024 - Vida,202606,2026-06-24,20056917.0,29477939.0,-31.96,Crítica,Saldo del dia vs. dia con datos anterior (2026-06-23). Umbrales +-15% / +-30%.
saldo_ramo,6024,6024 - Vida,202606,2026-06-25,92533839.0,20056917.0,361.36,Crítica,Saldo del dia vs. dia con datos anterior (2026-06-24). Umbrales +-15% / +-30%.
saldo_ramo,6024,6024 - Vida,202606,2026-06-26,23411312.0,92533839.0,-74.7,Crítica,Saldo del dia vs. dia con datos anterior (2026-06-25). Umbrales +-15% / +-30%.
saldo_ramo,6024,6024 - Vida,202606,2026-06-28,-41258154.0,23411312.0,-276.23,Crítica,Saldo del dia vs. dia con datos anterior (2026-06-26). Umbrales +-15% / +-30%.
saldo_ramo,6024,6024 - Vida,202606,2026-06-30,30700896.0,-41258154.0,174.41,Crítica,Saldo del dia vs. dia con datos anterior (2026-06-28). Umbrales +-15% / +-30%.
saldo_ramo,6024,6024 - Vida,202607,2026-07-01,13507462.0,30700896.0,-56.0,Crítica,Saldo del dia vs. dia con datos anterior (2026-06-30). Umbrales +-15% / +-30%.
saldo_ramo,6024,6024 - Vida,202607,2026-07-02,33293334.0,13507462.0,146.48,Crítica,Saldo del dia vs. dia con datos anterior (2026-07-01). Umbrales +-15% / +-30%.
saldo_ramo,6024,6024 - Vida,202607,2026-07-03,914127.0,33293334.0,-97.25,Crítica,Saldo del dia vs. dia con datos anterior (2026-07-02). Umbrales +-15% / +-30%.
saldo_ramo,6024,6024 - Vida,202607,2026-07-06,51997463.0,914127.0,5588.21,Crítica,Saldo del dia vs. dia con datos anterior (2026-07-03). Umbrales +-15% / +-30%.
saldo_ramo,6024,6024 - Vida,202607,2026-07-07,13801878.0,51997463.0,-73.46,Crítica,Saldo del dia vs. dia con datos anterior (2026-07-06). Umbrales +-15% / +-30%.
saldo_ramo,6024,6024 - Vida,202607,2026-07-08,146451725.0,13801878.0,961.1,Crítica,Saldo del dia vs. dia con datos anterior (2026-07-07). Umbrales +-15% / +-30%.
saldo_ramo,6024,6024 - Vida,202607,2026-07-09,21160690.0,146451725.0,-85.55,Crítica,Saldo del dia vs. dia con datos anterior (2026-07-08). Umbrales +-15% / +-30%.
saldo_ramo,6024,6024 - Vida,202607,2026-07-10,103307696.0,21160690.0,388.21,Crítica,Saldo del dia vs. dia con datos anterior (2026-07-09). Umbrales +-15% / +-30%.
saldo_ramo,6024,6024 - Vida,202607,2026-07-14,132368928.0,103307696.0,28.13,Advertencia,Saldo del dia vs. dia con datos anterior (2026-07-10). Umbrales +-15% / +-30%.
saldo_ramo,6024,6024 - Vida,202607,2026-07-15,66630085.0,132368928.0,-49.66,Crítica,Saldo del dia vs. dia con datos anterior (2026-07-14). Umbrales +-15% / +-30%.
saldo_ramo,6024,6024 - Vida,202607,2026-07-16,95388854.0,66630085.0,43.16,Crítica,Saldo del dia vs. dia con datos anterior (2026-07-15). Umbrales +-15% / +-30%.
saldo_ramo,6024,6024 - Vida,202607,2026-07-17,14476614.0,95388854.0,-84.82,Crítica,Saldo del dia vs. dia con datos anterior (2026-07-16). Umbrales +-15% / +-30%.
saldo_ramo,6024,6024 - Vida,202607,2026-07-21,74362506.0,14476614.0,413.67,Crítica,Saldo del dia vs. dia con datos anterior (2026-07-17). Umbrales +-15% / +-30%.
saldo_ramo,6024,6024 - Vida,202607,2026-07-22,12087591.0,74362506.0,-83.75,Crítica,Saldo del dia vs. dia con datos anterior (2026-07-21). Umbrales +-15% / +-30%.
saldo_ramo,6024,6024 - Vida,202607,2026-07-23,3218583.0,12087591.0,-73.37,Crítica,Saldo del dia vs. dia con datos anterior (2026-07-22). Umbrales +-15% / +-30%.
saldo_ramo,6024,6024 - Vida,202607,2026-07-24,6490080.0,3218583.0,101.64,Crítica,Saldo del dia vs. dia con datos anterior (2026-07-23). Umbrales +-15% / +-30%.
saldo_ramo,6024,6024 - Vida,202607,2026-07-27,6623393.0,6490080.0,2.05,Normal,Saldo del dia vs. dia con datos anterior (2026-07-24). Umbrales +-15% / +-30%.
saldo_ramo,6024,6024 - Vida,202607,2026-07-28,9332085.0,6623393.0,40.9,Crítica,Saldo del dia vs. dia con datos anterior (2026-07-27). Umbrales +-15% / +-30%.
saldo_ramo,6024,6024 - Vida,202607,2026-07-29,4858663.0,9332085.0,-47.94,Crítica,Saldo del dia vs. dia con datos anterior (2026-07-28). Umbrales +-15% / +-30%.
saldo_ramo,6024,6024 - Vida,202607,2026-07-30,-21693229.0,4858663.0,-546.49,Crítica,Saldo del dia vs. dia con datos anterior (2026-07-29). Umbrales +-15% / +-30%.
saldo_ramo,6024,6024 - Vida,202607,2026-07-31,1826060.0,-21693229.0,108.42,Crítica,Saldo del dia vs. dia con datos anterior (2026-07-30). Umbrales +-15% / +-30%.
saldo_ramo,6024,6024 - Vida,202608,2026-08-03,11490900.0,1826060.0,529.27,Crítica,Saldo del dia vs. dia con datos anterior (2026-07-31). Umbrales +-15% / +-30%.
saldo_ramo,6024,6024 - Vida,202608,2026-08-04,131781548.0,11490900.0,1046.83,Crítica,Saldo del dia vs. dia con datos anterior (2026-08-03). Umbrales +-15% / +-30%.
saldo_ramo,6024,6024 - Vida,202608,2026-08-05,114968157.0,131781548.0,-12.76,Normal,Saldo del dia vs. dia con datos anterior (2026-08-04). Umbrales +-15% / +-30%.
saldo_ramo,6024,6024 - Vida,202608,2026-08-06,62311287.0,114968157.0,-45.8,Crítica,Saldo del dia vs. dia con datos anterior (2026-08-05). Umbrales +-15% / +-30%.
saldo_ramo,6024,6024 - Vida,202608,2026-08-10,21285164.0,62311287.0,-65.84,Crítica,Saldo del dia vs. dia con datos anterior (2026-08-06). Umbrales +-15% / +-30%.
saldo_ramo,6024,6024 - Vida,202608,2026-08-11,20888023.0,21285164.0,-1.87,Normal,Saldo del dia vs. dia con datos anterior (2026-08-10). Umbrales +-15% / +-30%.
saldo_ramo,6025,6025 - Vida,202605,2026-05-14,8131099.0,,,Sin base,Saldo del dia vs. dia con datos anterior (s/d). Umbrales +-15% / +-30%.
saldo_ramo,6025,6025 - Vida,202605,2026-05-15,4000982.0,8131099.0,-50.79,Crítica,Saldo del dia vs. dia con datos anterior (2026-05-14). Umbrales +-15% / +-30%.
saldo_ramo,6025,6025 - Vida,202605,2026-05-19,14109966.0,4000982.0,252.66,Crítica,Saldo del dia vs. dia con datos anterior (2026-05-15). Umbrales +-15% / +-30%.
saldo_ramo,6025,6025 - Vida,202605,2026-05-20,11901907.0,14109966.0,-15.65,Advertencia,Saldo del dia vs. dia con datos anterior (2026-05-19). Umbrales +-15% / +-30%.
saldo_ramo,6025,6025 - Vida,202605,2026-05-21,8286413.0,11901907.0,-30.38,Crítica,Saldo del dia vs. dia con datos anterior (2026-05-20). Umbrales +-15% / +-30%.
saldo_ramo,6025,6025 - Vida,202605,2026-05-22,452532.0,8286413.0,-94.54,Crítica,Saldo del dia vs. dia con datos anterior (2026-05-21). Umbrales +-15% / +-30%.
saldo_ramo,6025,6025 - Vida,202605,2026-05-25,595912087.0,452532.0,131583.97,Crítica,Saldo del dia vs. dia con datos anterior (2026-05-22). Umbrales +-15% / +-30%.
saldo_ramo,6025,6025 - Vida,202605,2026-05-26,104874587.0,595912087.0,-82.4,Crítica,Saldo del dia vs. dia con datos anterior (2026-05-25). Umbrales +-15% / +-30%.
saldo_ramo,6025,6025 - Vida,202605,2026-05-27,4442028.0,104874587.0,-95.76,Crítica,Saldo del dia vs. dia con datos anterior (2026-05-26). Umbrales +-15% / +-30%.
saldo_ramo,6025,6025 - Vida,202605,2026-05-28,40190962.0,4442028.0,804.79,Crítica,Saldo del dia vs. dia con datos anterior (2026-05-27). Umbrales +-15% / +-30%.
saldo_ramo,6025,6025 - Vida,202605,2026-05-29,59130749.0,40190962.0,47.12,Crítica,Saldo del dia vs. dia con datos anterior (2026-05-28). Umbrales +-15% / +-30%.
saldo_ramo,6025,6025 - Vida,202606,2026-06-01,-17696905.0,59130749.0,-129.93,Crítica,Saldo del dia vs. dia con datos anterior (2026-05-29). Umbrales +-15% / +-30%.
saldo_ramo,6025,6025 - Vida,202606,2026-06-02,6642108.0,-17696905.0,137.53,Crítica,Saldo del dia vs. dia con datos anterior (2026-06-01). Umbrales +-15% / +-30%.
saldo_ramo,6025,6025 - Vida,202606,2026-06-03,32833479.0,6642108.0,394.32,Crítica,Saldo del dia vs. dia con datos anterior (2026-06-02). Umbrales +-15% / +-30%.
saldo_ramo,6025,6025 - Vida,202606,2026-06-04,10948205.0,32833479.0,-66.66,Crítica,Saldo del dia vs. dia con datos anterior (2026-06-03). Umbrales +-15% / +-30%.
saldo_ramo,6025,6025 - Vida,202606,2026-06-05,45672.0,10948205.0,-99.58,Crítica,Saldo del dia vs. dia con datos anterior (2026-06-04). Umbrales +-15% / +-30%.
saldo_ramo,6025,6025 - Vida,202606,2026-06-09,56235221.0,45672.0,123028.44,Crítica,Saldo del dia vs. dia con datos anterior (2026-06-05). Umbrales +-15% / +-30%.
saldo_ramo,6025,6025 - Vida,202606,2026-06-10,8129979.0,56235221.0,-85.54,Crítica,Saldo del dia vs. dia con datos anterior (2026-06-09). Umbrales +-15% / +-30%.
saldo_ramo,6025,6025 - Vida,202606,2026-06-11,41420442.0,8129979.0,409.48,Crítica,Saldo del dia vs. dia con datos anterior (2026-06-10). Umbrales +-15% / +-30%.
saldo_ramo,6025,6025 - Vida,202606,2026-06-12,18852236.0,41420442.0,-54.49,Crítica,Saldo del dia vs. dia con datos anterior (2026-06-11). Umbrales +-15% / +-30%.
saldo_ramo,6025,6025 - Vida,202606,2026-06-16,5424911.0,18852236.0,-71.22,Crítica,Saldo del dia vs. dia con datos anterior (2026-06-12). Umbrales +-15% / +-30%.
saldo_ramo,6025,6025 - Vida,202606,2026-06-17,5201199.0,5424911.0,-4.12,Normal,Saldo del dia vs. dia con datos anterior (2026-06-16). Umbrales +-15% / +-30%.
saldo_ramo,6025,6025 - Vida,202606,2026-06-18,7595123.0,5201199.0,46.03,Crítica,Saldo del dia vs. dia con datos anterior (2026-06-17). Umbrales +-15% / +-30%.
saldo_ramo,6025,6025 - Vida,202606,2026-06-19,21940444.0,7595123.0,188.88,Crítica,Saldo del dia vs. dia con datos anterior (2026-06-18). Umbrales +-15% / +-30%.
saldo_ramo,6025,6025 - Vida,202606,2026-06-22,13230825.0,21940444.0,-39.7,Crítica,Saldo del dia vs. dia con datos anterior (2026-06-19). Umbrales +-15% / +-30%.
saldo_ramo,6025,6025 - Vida,202606,2026-06-23,10946783.0,13230825.0,-17.26,Advertencia,Saldo del dia vs. dia con datos anterior (2026-06-22). Umbrales +-15% / +-30%.
saldo_ramo,6025,6025 - Vida,202606,2026-06-24,667057213.0,10946783.0,5993.64,Crítica,Saldo del dia vs. dia con datos anterior (2026-06-23). Umbrales +-15% / +-30%.
saldo_ramo,6025,6025 - Vida,202606,2026-06-25,139911071.0,667057213.0,-79.03,Crítica,Saldo del dia vs. dia con datos anterior (2026-06-24). Umbrales +-15% / +-30%.
saldo_ramo,6025,6025 - Vida,202606,2026-06-26,3096279.0,139911071.0,-97.79,Crítica,Saldo del dia vs. dia con datos anterior (2026-06-25). Umbrales +-15% / +-30%.
saldo_ramo,6025,6025 - Vida,202606,2026-06-28,-5154321.0,3096279.0,-266.47,Crítica,Saldo del dia vs. dia con datos anterior (2026-06-26). Umbrales +-15% / +-30%.
saldo_ramo,6025,6025 - Vida,202606,2026-06-30,27562389.0,-5154321.0,634.74,Crítica,Saldo del dia vs. dia con datos anterior (2026-06-28). Umbrales +-15% / +-30%.
saldo_ramo,6025,6025 - Vida,202607,2026-07-01,7671666.0,27562389.0,-72.17,Crítica,Saldo del dia vs. dia con datos anterior (2026-06-30). Umbrales +-15% / +-30%.
saldo_ramo,6025,6025 - Vida,202607,2026-07-02,-39734057.0,7671666.0,-617.93,Crítica,Saldo del dia vs. dia con datos anterior (2026-07-01). Umbrales +-15% / +-30%.
saldo_ramo,6025,6025 - Vida,202607,2026-07-03,215110.0,-39734057.0,100.54,Crítica,Saldo del dia vs. dia con datos anterior (2026-07-02). Umbrales +-15% / +-30%.
saldo_ramo,6025,6025 - Vida,202607,2026-07-06,64466878.0,215110.0,29869.26,Crítica,Saldo del dia vs. dia con datos anterior (2026-07-03). Umbrales +-15% / +-30%.
saldo_ramo,6025,6025 - Vida,202607,2026-07-07,49080215.0,64466878.0,-23.87,Advertencia,Saldo del dia vs. dia con datos anterior (2026-07-06). Umbrales +-15% / +-30%.
saldo_ramo,6025,6025 - Vida,202607,2026-07-08,4968956.0,49080215.0,-89.88,Crítica,Saldo del dia vs. dia con datos anterior (2026-07-07). Umbrales +-15% / +-30%.
saldo_ramo,6025,6025 - Vida,202607,2026-07-09,9732439.0,4968956.0,95.86,Crítica,Saldo del dia vs. dia con datos anterior (2026-07-08). Umbrales +-15% / +-30%.
saldo_ramo,6025,6025 - Vida,202607,2026-07-10,23585319.0,9732439.0,142.34,Crítica,Saldo del dia vs. dia con datos anterior (2026-07-09). Umbrales +-15% / +-30%.
saldo_ramo,6025,6025 - Vida,202607,2026-07-14,17731897.0,23585319.0,-24.82,Advertencia,Saldo del dia vs. dia con datos anterior (2026-07-10). Umbrales +-15% / +-30%.
saldo_ramo,6025,6025 - Vida,202607,2026-07-15,91590185.0,17731897.0,416.53,Crítica,Saldo del dia vs. dia con datos anterior (2026-07-14). Umbrales +-15% / +-30%.
saldo_ramo,6025,6025 - Vida,202607,2026-07-16,2279306.0,91590185.0,-97.51,Crítica,Saldo del dia vs. dia con datos anterior (2026-07-15). Umbrales +-15% / +-30%.
saldo_ramo,6025,6025 - Vida,202607,2026-07-17,4227047.0,2279306.0,85.45,Crítica,Saldo del dia vs. dia con datos anterior (2026-07-16). Umbrales +-15% / +-30%.
saldo_ramo,6025,6025 - Vida,202607,2026-07-21,1976118.0,4227047.0,-53.25,Crítica,Saldo del dia vs. dia con datos anterior (2026-07-17). Umbrales +-15% / +-30%.
saldo_ramo,6025,6025 - Vida,202607,2026-07-22,56899896.0,1976118.0,2779.38,Crítica,Saldo del dia vs. dia con datos anterior (2026-07-21). Umbrales +-15% / +-30%.
saldo_ramo,6025,6025 - Vida,202607,2026-07-23,19057983.0,56899896.0,-66.51,Crítica,Saldo del dia vs. dia con datos anterior (2026-07-22). Umbrales +-15% / +-30%.
saldo_ramo,6025,6025 - Vida,202607,2026-07-24,5720750.0,19057983.0,-69.98,Crítica,Saldo del dia vs. dia con datos anterior (2026-07-23). Umbrales +-15% / +-30%.
saldo_ramo,6025,6025 - Vida,202607,2026-07-27,654432330.0,5720750.0,11339.62,Crítica,Saldo del dia vs. dia con datos anterior (2026-07-24). Umbrales +-15% / +-30%.
saldo_ramo,6025,6025 - Vida,202607,2026-07-28,9162715.0,654432330.0,-98.6,Crítica,Saldo del dia vs. dia con datos anterior (2026-07-27). Umbrales +-15% / +-30%.
saldo_ramo,6025,6025 - Vida,202607,2026-07-29,24763471.0,9162715.0,170.26,Crítica,Saldo del dia vs. dia con datos anterior (2026-07-28). Umbrales +-15% / +-30%.
saldo_ramo,6025,6025 - Vida,202607,2026-07-30,91485979.0,24763471.0,269.44,Crítica,Saldo del dia vs. dia con datos anterior (2026-07-29). Umbrales +-15% / +-30%.
saldo_ramo,6025,6025 - Vida,202607,2026-07-31,10267939.0,91485979.0,-88.78,Crítica,Saldo del dia vs. dia con datos anterior (2026-07-30). Umbrales +-15% / +-30%.
saldo_ramo,6025,6025 - Vida,202608,2026-08-03,8556284.0,10267939.0,-16.67,Advertencia,Saldo del dia vs. dia con datos anterior (2026-07-31). Umbrales +-15% / +-30%.
saldo_ramo,6025,6025 - Vida,202608,2026-08-04,3322580.0,8556284.0,-61.17,Crítica,Saldo del dia vs. dia con datos anterior (2026-08-03). Umbrales +-15% / +-30%.
saldo_ramo,6025,6025 - Vida,202608,2026-08-05,8533021.0,3322580.0,156.82,Crítica,Saldo del dia vs. dia con datos anterior (2026-08-04). Umbrales +-15% / +-30%.
saldo_ramo,6025,6025 - Vida,202608,2026-08-06,14586384.0,8533021.0,70.94,Crítica,Saldo del dia vs. dia con datos anterior (2026-08-05). Umbrales +-15% / +-30%.
saldo_ramo,6025,6025 - Vida,202608,2026-08-10,8370212.0,14586384.0,-42.62,Crítica,Saldo del dia vs. dia con datos anterior (2026-08-06). Umbrales +-15% / +-30%.
saldo_ramo,6025,6025 - Vida,202608,2026-08-11,2628163.0,8370212.0,-68.6,Crítica,Saldo del dia vs. dia con datos anterior (2026-08-10). Umbrales +-15% / +-30%.
saldo_ramo,6026,6026 - Vida,202605,2026-05-14,9848311.0,,,Sin base,Saldo del dia vs. dia con datos anterior (s/d). Umbrales +-15% / +-30%.
saldo_ramo,6026,6026 - Vida,202605,2026-05-15,2601003.0,9848311.0,-73.59,Crítica,Saldo del dia vs. dia con datos anterior (2026-05-14). Umbrales +-15% / +-30%.
saldo_ramo,6026,6026 - Vida,202605,2026-05-19,73543489.0,2601003.0,2727.5,Crítica,Saldo del dia vs. dia con datos anterior (2026-05-15). Umbrales +-15% / +-30%.
saldo_ramo,6026,6026 - Vida,202605,2026-05-20,12395040.0,73543489.0,-83.15,Crítica,Saldo del dia vs. dia con datos anterior (2026-05-19). Umbrales +-15% / +-30%.
saldo_ramo,6026,6026 - Vida,202605,2026-05-21,167674494.0,12395040.0,1252.75,Crítica,Saldo del dia vs. dia con datos anterior (2026-05-20). Umbrales +-15% / +-30%.
saldo_ramo,6026,6026 - Vida,202605,2026-05-22,-2455982.0,167674494.0,-101.46,Crítica,Saldo del dia vs. dia con datos anterior (2026-05-21). Umbrales +-15% / +-30%.
saldo_ramo,6026,6026 - Vida,202605,2026-05-25,-6425119.0,-2455982.0,-161.61,Crítica,Saldo del dia vs. dia con datos anterior (2026-05-22). Umbrales +-15% / +-30%.
saldo_ramo,6026,6026 - Vida,202605,2026-05-26,1340269.0,-6425119.0,120.86,Crítica,Saldo del dia vs. dia con datos anterior (2026-05-25). Umbrales +-15% / +-30%.
saldo_ramo,6026,6026 - Vida,202605,2026-05-27,10726842.0,1340269.0,700.35,Crítica,Saldo del dia vs. dia con datos anterior (2026-05-26). Umbrales +-15% / +-30%.
saldo_ramo,6026,6026 - Vida,202605,2026-05-28,16679898.0,10726842.0,55.5,Crítica,Saldo del dia vs. dia con datos anterior (2026-05-27). Umbrales +-15% / +-30%.
saldo_ramo,6026,6026 - Vida,202605,2026-05-29,2836862.0,16679898.0,-82.99,Crítica,Saldo del dia vs. dia con datos anterior (2026-05-28). Umbrales +-15% / +-30%.
saldo_ramo,6026,6026 - Vida,202606,2026-06-01,19095502.0,2836862.0,573.12,Crítica,Saldo del dia vs. dia con datos anterior (2026-05-29). Umbrales +-15% / +-30%.
saldo_ramo,6026,6026 - Vida,202606,2026-06-02,4893954.0,19095502.0,-74.37,Crítica,Saldo del dia vs. dia con datos anterior (2026-06-01). Umbrales +-15% / +-30%.
saldo_ramo,6026,6026 - Vida,202606,2026-06-03,3443416.0,4893954.0,-29.64,Advertencia,Saldo del dia vs. dia con datos anterior (2026-06-02). Umbrales +-15% / +-30%.
saldo_ramo,6026,6026 - Vida,202606,2026-06-04,1980743.0,3443416.0,-42.48,Crítica,Saldo del dia vs. dia con datos anterior (2026-06-03). Umbrales +-15% / +-30%.
saldo_ramo,6026,6026 - Vida,202606,2026-06-05,2421573.0,1980743.0,22.26,Advertencia,Saldo del dia vs. dia con datos anterior (2026-06-04). Umbrales +-15% / +-30%.
saldo_ramo,6026,6026 - Vida,202606,2026-06-09,-1999453.0,2421573.0,-182.57,Crítica,Saldo del dia vs. dia con datos anterior (2026-06-05). Umbrales +-15% / +-30%.
saldo_ramo,6026,6026 - Vida,202606,2026-06-10,3154558.0,-1999453.0,257.77,Crítica,Saldo del dia vs. dia con datos anterior (2026-06-09). Umbrales +-15% / +-30%.
saldo_ramo,6026,6026 - Vida,202606,2026-06-11,159659443.0,3154558.0,4961.23,Crítica,Saldo del dia vs. dia con datos anterior (2026-06-10). Umbrales +-15% / +-30%.
saldo_ramo,6026,6026 - Vida,202606,2026-06-12,-3987597.0,159659443.0,-102.5,Crítica,Saldo del dia vs. dia con datos anterior (2026-06-11). Umbrales +-15% / +-30%.
saldo_ramo,6026,6026 - Vida,202606,2026-06-16,2208779.0,-3987597.0,155.39,Crítica,Saldo del dia vs. dia con datos anterior (2026-06-12). Umbrales +-15% / +-30%.
saldo_ramo,6026,6026 - Vida,202606,2026-06-17,32815945.0,2208779.0,1385.71,Crítica,Saldo del dia vs. dia con datos anterior (2026-06-16). Umbrales +-15% / +-30%.
saldo_ramo,6026,6026 - Vida,202606,2026-06-18,2699104.0,32815945.0,-91.78,Crítica,Saldo del dia vs. dia con datos anterior (2026-06-17). Umbrales +-15% / +-30%.
saldo_ramo,6026,6026 - Vida,202606,2026-06-19,4466515.0,2699104.0,65.48,Crítica,Saldo del dia vs. dia con datos anterior (2026-06-18). Umbrales +-15% / +-30%.
saldo_ramo,6026,6026 - Vida,202606,2026-06-22,64161459.0,4466515.0,1336.5,Crítica,Saldo del dia vs. dia con datos anterior (2026-06-19). Umbrales +-15% / +-30%.
saldo_ramo,6026,6026 - Vida,202606,2026-06-23,25166185.0,64161459.0,-60.78,Crítica,Saldo del dia vs. dia con datos anterior (2026-06-22). Umbrales +-15% / +-30%.
saldo_ramo,6026,6026 - Vida,202606,2026-06-24,-2396515.0,25166185.0,-109.52,Crítica,Saldo del dia vs. dia con datos anterior (2026-06-23). Umbrales +-15% / +-30%.
saldo_ramo,6026,6026 - Vida,202606,2026-06-25,9008559.0,-2396515.0,475.9,Crítica,Saldo del dia vs. dia con datos anterior (2026-06-24). Umbrales +-15% / +-30%.
saldo_ramo,6026,6026 - Vida,202606,2026-06-26,5329425.0,9008559.0,-40.84,Crítica,Saldo del dia vs. dia con datos anterior (2026-06-25). Umbrales +-15% / +-30%.
saldo_ramo,6026,6026 - Vida,202606,2026-06-30,1376634.0,5329425.0,-74.17,Crítica,Saldo del dia vs. dia con datos anterior (2026-06-26). Umbrales +-15% / +-30%.
saldo_ramo,6026,6026 - Vida,202607,2026-07-01,23684195.0,1376634.0,1620.44,Crítica,Saldo del dia vs. dia con datos anterior (2026-06-30). Umbrales +-15% / +-30%.
saldo_ramo,6026,6026 - Vida,202607,2026-07-02,980107.0,23684195.0,-95.86,Crítica,Saldo del dia vs. dia con datos anterior (2026-07-01). Umbrales +-15% / +-30%.
saldo_ramo,6026,6026 - Vida,202607,2026-07-03,1116236.0,980107.0,13.89,Normal,Saldo del dia vs. dia con datos anterior (2026-07-02). Umbrales +-15% / +-30%.
saldo_ramo,6026,6026 - Vida,202607,2026-07-06,5104212.0,1116236.0,357.27,Crítica,Saldo del dia vs. dia con datos anterior (2026-07-03). Umbrales +-15% / +-30%.
saldo_ramo,6026,6026 - Vida,202607,2026-07-07,2539507.0,5104212.0,-50.25,Crítica,Saldo del dia vs. dia con datos anterior (2026-07-06). Umbrales +-15% / +-30%.
saldo_ramo,6026,6026 - Vida,202607,2026-07-08,-430796.0,2539507.0,-116.96,Crítica,Saldo del dia vs. dia con datos anterior (2026-07-07). Umbrales +-15% / +-30%.
saldo_ramo,6026,6026 - Vida,202607,2026-07-09,11637070.0,-430796.0,2801.29,Crítica,Saldo del dia vs. dia con datos anterior (2026-07-08). Umbrales +-15% / +-30%.
saldo_ramo,6026,6026 - Vida,202607,2026-07-10,6880057.0,11637070.0,-40.88,Crítica,Saldo del dia vs. dia con datos anterior (2026-07-09). Umbrales +-15% / +-30%.
saldo_ramo,6026,6026 - Vida,202607,2026-07-13,-810468.0,6880057.0,-111.78,Crítica,Saldo del dia vs. dia con datos anterior (2026-07-10). Umbrales +-15% / +-30%.
saldo_ramo,6026,6026 - Vida,202607,2026-07-14,-2420306.0,-810468.0,-198.63,Crítica,Saldo del dia vs. dia con datos anterior (2026-07-13). Umbrales +-15% / +-30%.
saldo_ramo,6026,6026 - Vida,202607,2026-07-15,5394715.0,-2420306.0,322.89,Crítica,Saldo del dia vs. dia con datos anterior (2026-07-14). Umbrales +-15% / +-30%.
saldo_ramo,6026,6026 - Vida,202607,2026-07-16,6675227.0,5394715.0,23.74,Advertencia,Saldo del dia vs. dia con datos anterior (2026-07-15). Umbrales +-15% / +-30%.
saldo_ramo,6026,6026 - Vida,202607,2026-07-17,3069941.0,6675227.0,-54.01,Crítica,Saldo del dia vs. dia con datos anterior (2026-07-16). Umbrales +-15% / +-30%.
saldo_ramo,6026,6026 - Vida,202607,2026-07-21,168450.0,3069941.0,-94.51,Crítica,Saldo del dia vs. dia con datos anterior (2026-07-17). Umbrales +-15% / +-30%.
saldo_ramo,6026,6026 - Vida,202607,2026-07-22,9364181.0,168450.0,5459.03,Crítica,Saldo del dia vs. dia con datos anterior (2026-07-21). Umbrales +-15% / +-30%.
saldo_ramo,6026,6026 - Vida,202607,2026-07-23,9481966.0,9364181.0,1.26,Normal,Saldo del dia vs. dia con datos anterior (2026-07-22). Umbrales +-15% / +-30%.
saldo_ramo,6026,6026 - Vida,202607,2026-07-24,60895656.0,9481966.0,542.23,Crítica,Saldo del dia vs. dia con datos anterior (2026-07-23). Umbrales +-15% / +-30%.
saldo_ramo,6026,6026 - Vida,202607,2026-07-27,-11815801.0,60895656.0,-119.4,Crítica,Saldo del dia vs. dia con datos anterior (2026-07-24). Umbrales +-15% / +-30%.
saldo_ramo,6026,6026 - Vida,202607,2026-07-28,12637818.0,-11815801.0,206.96,Crítica,Saldo del dia vs. dia con datos anterior (2026-07-27). Umbrales +-15% / +-30%.
saldo_ramo,6026,6026 - Vida,202607,2026-07-29,9662749.0,12637818.0,-23.54,Advertencia,Saldo del dia vs. dia con datos anterior (2026-07-28). Umbrales +-15% / +-30%.
saldo_ramo,6026,6026 - Vida,202607,2026-07-30,193907543.0,9662749.0,1906.75,Crítica,Saldo del dia vs. dia con datos anterior (2026-07-29). Umbrales +-15% / +-30%.
saldo_ramo,6026,6026 - Vida,202607,2026-07-31,3567299.0,193907543.0,-98.16,Crítica,Saldo del dia vs. dia con datos anterior (2026-07-30). Umbrales +-15% / +-30%.
saldo_ramo,6026,6026 - Vida,202608,2026-08-03,11189402.0,3567299.0,213.67,Crítica,Saldo del dia vs. dia con datos anterior (2026-07-31). Umbrales +-15% / +-30%.
saldo_ramo,6026,6026 - Vida,202608,2026-08-04,5195119.0,11189402.0,-53.57,Crítica,Saldo del dia vs. dia con datos anterior (2026-08-03). Umbrales +-15% / +-30%.
saldo_ramo,6026,6026 - Vida,202608,2026-08-05,14901810.0,5195119.0,186.84,Crítica,Saldo del dia vs. dia con datos anterior (2026-08-04). Umbrales +-15% / +-30%.
saldo_ramo,6026,6026 - Vida,202608,2026-08-06,89574.0,14901810.0,-99.4,Crítica,Saldo del dia vs. dia con datos anterior (2026-08-05). Umbrales +-15% / +-30%.
saldo_ramo,6026,6026 - Vida,202608,2026-08-10,10021663.0,89574.0,11088.14,Crítica,Saldo del dia vs. dia con datos anterior (2026-08-06). Umbrales +-15% / +-30%.
saldo_ramo,6026,6026 - Vida,202608,2026-08-11,231825.0,10021663.0,-97.69,Crítica,Saldo del dia vs. dia con datos anterior (2026-08-10). Umbrales +-15% / +-30%.
saldo_ramo,6028,6028 - Vida,202605,2026-05-14,-2154649.0,,,Sin base,Saldo del dia vs. dia con datos anterior (s/d). Umbrales +-15% / +-30%.
saldo_ramo,6028,6028 - Vida,202605,2026-05-15,-5797884.0,-2154649.0,-169.09,Crítica,Saldo del dia vs. dia con datos anterior (2026-05-14). Umbrales +-15% / +-30%.
saldo_ramo,6028,6028 - Vida,202605,2026-05-19,-2370089.0,-5797884.0,59.12,Crítica,Saldo del dia vs. dia con datos anterior (2026-05-15). Umbrales +-15% / +-30%.
saldo_ramo,6028,6028 - Vida,202605,2026-05-20,-750964.0,-2370089.0,68.31,Crítica,Saldo del dia vs. dia con datos anterior (2026-05-19). Umbrales +-15% / +-30%.
saldo_ramo,6028,6028 - Vida,202605,2026-05-22,1843914171.0,-750964.0,245639.62,Crítica,Saldo del dia vs. dia con datos anterior (2026-05-20). Umbrales +-15% / +-30%.
saldo_ramo,6028,6028 - Vida,202605,2026-05-26,-3414296.0,1843914171.0,-100.19,Crítica,Saldo del dia vs. dia con datos anterior (2026-05-22). Umbrales +-15% / +-30%.
saldo_ramo,6028,6028 - Vida,202605,2026-05-27,34944415.0,-3414296.0,1123.47,Crítica,Saldo del dia vs. dia con datos anterior (2026-05-26). Umbrales +-15% / +-30%.
saldo_ramo,6028,6028 - Vida,202605,2026-05-29,-5419140.0,34944415.0,-115.51,Crítica,Saldo del dia vs. dia con datos anterior (2026-05-27). Umbrales +-15% / +-30%.
saldo_ramo,6028,6028 - Vida,202605,2026-05-31,-578128.0,-5419140.0,89.33,Crítica,Saldo del dia vs. dia con datos anterior (2026-05-29). Umbrales +-15% / +-30%.
saldo_ramo,6028,6028 - Vida,202606,2026-06-01,-1551825.0,-578128.0,-168.42,Crítica,Saldo del dia vs. dia con datos anterior (2026-05-31). Umbrales +-15% / +-30%.
saldo_ramo,6028,6028 - Vida,202606,2026-06-02,-2243823.0,-1551825.0,-44.59,Crítica,Saldo del dia vs. dia con datos anterior (2026-06-01). Umbrales +-15% / +-30%.
saldo_ramo,6028,6028 - Vida,202606,2026-06-03,-4122125.0,-2243823.0,-83.71,Crítica,Saldo del dia vs. dia con datos anterior (2026-06-02). Umbrales +-15% / +-30%.
saldo_ramo,6028,6028 - Vida,202606,2026-06-04,-916726.0,-4122125.0,77.76,Crítica,Saldo del dia vs. dia con datos anterior (2026-06-03). Umbrales +-15% / +-30%.
saldo_ramo,6028,6028 - Vida,202606,2026-06-05,7285454176.0,-916726.0,794825.38,Crítica,Saldo del dia vs. dia con datos anterior (2026-06-04). Umbrales +-15% / +-30%.
saldo_ramo,6028,6028 - Vida,202606,2026-06-09,-6744803.0,7285454176.0,-100.09,Crítica,Saldo del dia vs. dia con datos anterior (2026-06-05). Umbrales +-15% / +-30%.
saldo_ramo,6028,6028 - Vida,202606,2026-06-10,29357222.0,-6744803.0,535.26,Crítica,Saldo del dia vs. dia con datos anterior (2026-06-09). Umbrales +-15% / +-30%.
saldo_ramo,6028,6028 - Vida,202606,2026-06-11,-1590330.0,29357222.0,-105.42,Crítica,Saldo del dia vs. dia con datos anterior (2026-06-10). Umbrales +-15% / +-30%.
saldo_ramo,6028,6028 - Vida,202606,2026-06-12,5977111.0,-1590330.0,475.84,Crítica,Saldo del dia vs. dia con datos anterior (2026-06-11). Umbrales +-15% / +-30%.
saldo_ramo,6028,6028 - Vida,202606,2026-06-16,2655407422.0,5977111.0,44326.27,Crítica,Saldo del dia vs. dia con datos anterior (2026-06-12). Umbrales +-15% / +-30%.
saldo_ramo,6028,6028 - Vida,202606,2026-06-17,5054741.0,2655407422.0,-99.81,Crítica,Saldo del dia vs. dia con datos anterior (2026-06-16). Umbrales +-15% / +-30%.
saldo_ramo,6028,6028 - Vida,202606,2026-06-18,97067.0,5054741.0,-98.08,Crítica,Saldo del dia vs. dia con datos anterior (2026-06-17). Umbrales +-15% / +-30%.
saldo_ramo,6028,6028 - Vida,202606,2026-06-19,1243631113.0,97067.0,1281108.97,Crítica,Saldo del dia vs. dia con datos anterior (2026-06-18). Umbrales +-15% / +-30%.
saldo_ramo,6028,6028 - Vida,202606,2026-06-22,495161038.0,1243631113.0,-60.18,Crítica,Saldo del dia vs. dia con datos anterior (2026-06-19). Umbrales +-15% / +-30%.
saldo_ramo,6028,6028 - Vida,202606,2026-06-23,22735094.0,495161038.0,-95.41,Crítica,Saldo del dia vs. dia con datos anterior (2026-06-22). Umbrales +-15% / +-30%.
saldo_ramo,6028,6028 - Vida,202606,2026-06-24,-1102091.0,22735094.0,-104.85,Crítica,Saldo del dia vs. dia con datos anterior (2026-06-23). Umbrales +-15% / +-30%.
saldo_ramo,6028,6028 - Vida,202606,2026-06-25,-4554353.0,-1102091.0,-313.25,Crítica,Saldo del dia vs. dia con datos anterior (2026-06-24). Umbrales +-15% / +-30%.
saldo_ramo,6028,6028 - Vida,202606,2026-06-26,-6589856.0,-4554353.0,-44.69,Crítica,Saldo del dia vs. dia con datos anterior (2026-06-25). Umbrales +-15% / +-30%.
saldo_ramo,6028,6028 - Vida,202606,2026-06-28,-2304000.0,-6589856.0,65.04,Crítica,Saldo del dia vs. dia con datos anterior (2026-06-26). Umbrales +-15% / +-30%.
saldo_ramo,6028,6028 - Vida,202606,2026-06-30,-23990200.0,-2304000.0,-941.24,Crítica,Saldo del dia vs. dia con datos anterior (2026-06-28). Umbrales +-15% / +-30%.
saldo_ramo,6028,6028 - Vida,202607,2026-07-01,18491693.0,-23990200.0,177.08,Crítica,Saldo del dia vs. dia con datos anterior (2026-06-30). Umbrales +-15% / +-30%.
saldo_ramo,6028,6028 - Vida,202607,2026-07-02,-5710750.0,18491693.0,-130.88,Crítica,Saldo del dia vs. dia con datos anterior (2026-07-01). Umbrales +-15% / +-30%.
saldo_ramo,6028,6028 - Vida,202607,2026-07-03,-3351654.0,-5710750.0,41.31,Crítica,Saldo del dia vs. dia con datos anterior (2026-07-02). Umbrales +-15% / +-30%.
saldo_ramo,6028,6028 - Vida,202607,2026-07-06,-2172876.0,-3351654.0,35.17,Crítica,Saldo del dia vs. dia con datos anterior (2026-07-03). Umbrales +-15% / +-30%.
saldo_ramo,6028,6028 - Vida,202607,2026-07-07,-4682528.0,-2172876.0,-115.5,Crítica,Saldo del dia vs. dia con datos anterior (2026-07-06). Umbrales +-15% / +-30%.
saldo_ramo,6028,6028 - Vida,202607,2026-07-08,33211891.0,-4682528.0,809.27,Crítica,Saldo del dia vs. dia con datos anterior (2026-07-07). Umbrales +-15% / +-30%.
saldo_ramo,6028,6028 - Vida,202607,2026-07-09,7130316360.0,33211891.0,21369.17,Crítica,Saldo del dia vs. dia con datos anterior (2026-07-08). Umbrales +-15% / +-30%.
saldo_ramo,6028,6028 - Vida,202607,2026-07-10,44369863.0,7130316360.0,-99.38,Crítica,Saldo del dia vs. dia con datos anterior (2026-07-09). Umbrales +-15% / +-30%.
saldo_ramo,6028,6028 - Vida,202607,2026-07-14,-49162884.0,44369863.0,-210.8,Crítica,Saldo del dia vs. dia con datos anterior (2026-07-10). Umbrales +-15% / +-30%.
saldo_ramo,6028,6028 - Vida,202607,2026-07-15,24221319.0,-49162884.0,149.27,Crítica,Saldo del dia vs. dia con datos anterior (2026-07-14). Umbrales +-15% / +-30%.
saldo_ramo,6028,6028 - Vida,202607,2026-07-17,8685407.0,24221319.0,-64.14,Crítica,Saldo del dia vs. dia con datos anterior (2026-07-15). Umbrales +-15% / +-30%.
saldo_ramo,6028,6028 - Vida,202607,2026-07-21,1005635.0,8685407.0,-88.42,Crítica,Saldo del dia vs. dia con datos anterior (2026-07-17). Umbrales +-15% / +-30%.
saldo_ramo,6028,6028 - Vida,202607,2026-07-22,848619342.0,1005635.0,84286.42,Crítica,Saldo del dia vs. dia con datos anterior (2026-07-21). Umbrales +-15% / +-30%.
saldo_ramo,6028,6028 - Vida,202607,2026-07-23,1795008255.0,848619342.0,111.52,Crítica,Saldo del dia vs. dia con datos anterior (2026-07-22). Umbrales +-15% / +-30%.
saldo_ramo,6028,6028 - Vida,202607,2026-07-24,8906727.0,1795008255.0,-99.5,Crítica,Saldo del dia vs. dia con datos anterior (2026-07-23). Umbrales +-15% / +-30%.
saldo_ramo,6028,6028 - Vida,202607,2026-07-27,-2965593.0,8906727.0,-133.3,Crítica,Saldo del dia vs. dia con datos anterior (2026-07-24). Umbrales +-15% / +-30%.
saldo_ramo,6028,6028 - Vida,202607,2026-07-28,-2210192.0,-2965593.0,25.47,Advertencia,Saldo del dia vs. dia con datos anterior (2026-07-27). Umbrales +-15% / +-30%.
saldo_ramo,6028,6028 - Vida,202607,2026-07-29,-731813.0,-2210192.0,66.89,Crítica,Saldo del dia vs. dia con datos anterior (2026-07-28). Umbrales +-15% / +-30%.
saldo_ramo,6028,6028 - Vida,202607,2026-07-30,-12200166.0,-731813.0,-1567.12,Crítica,Saldo del dia vs. dia con datos anterior (2026-07-29). Umbrales +-15% / +-30%.
saldo_ramo,6028,6028 - Vida,202607,2026-07-31,-6097947.0,-12200166.0,50.02,Crítica,Saldo del dia vs. dia con datos anterior (2026-07-30). Umbrales +-15% / +-30%.
saldo_ramo,6028,6028 - Vida,202608,2026-08-03,-2100551.0,-6097947.0,65.55,Crítica,Saldo del dia vs. dia con datos anterior (2026-07-31). Umbrales +-15% / +-30%.
saldo_ramo,6028,6028 - Vida,202608,2026-08-04,-251512.0,-2100551.0,88.03,Crítica,Saldo del dia vs. dia con datos anterior (2026-08-03). Umbrales +-15% / +-30%.
saldo_ramo,6028,6028 - Vida,202608,2026-08-05,-2346346.0,-251512.0,-832.9,Crítica,Saldo del dia vs. dia con datos anterior (2026-08-04). Umbrales +-15% / +-30%.
saldo_ramo,6028,6028 - Vida,202608,2026-08-06,8296433475.0,-2346346.0,353689.52,Crítica,Saldo del dia vs. dia con datos anterior (2026-08-05). Umbrales +-15% / +-30%.
saldo_ramo,6028,6028 - Vida,202608,2026-08-10,27882860.0,8296433475.0,-99.66,Crítica,Saldo del dia vs. dia con datos anterior (2026-08-06). Umbrales +-15% / +-30%.
saldo_ramo,6028,6028 - Vida,202608,2026-08-11,-6578049.0,27882860.0,-123.59,Crítica,Saldo del dia vs. dia con datos anterior (2026-08-10). Umbrales +-15% / +-30%.
saldo_ramo,6031,6031 - Autos,202605,2026-05-14,1290791485.0,,,Sin base,Saldo del dia vs. dia con datos anterior (s/d). Umbrales +-15% / +-30%.
saldo_ramo,6031,6031 - Autos,202605,2026-05-15,635778229.0,1290791485.0,-50.75,Crítica,Saldo del dia vs. dia con datos anterior (2026-05-14). Umbrales +-15% / +-30%.
saldo_ramo,6031,6031 - Autos,202605,2026-05-16,293058457.0,635778229.0,-53.91,Crítica,Saldo del dia vs. dia con datos anterior (2026-05-15). Umbrales +-15% / +-30%.
saldo_ramo,6031,6031 - Autos,202605,2026-05-17,146196510.0,293058457.0,-50.11,Crítica,Saldo del dia vs. dia con datos anterior (2026-05-16). Umbrales +-15% / +-30%.
saldo_ramo,6031,6031 - Autos,202605,2026-05-18,40777268.0,146196510.0,-72.11,Crítica,Saldo del dia vs. dia con datos anterior (2026-05-17). Umbrales +-15% / +-30%.
saldo_ramo,6031,6031 - Autos,202605,2026-05-19,271475060.0,40777268.0,565.75,Crítica,Saldo del dia vs. dia con datos anterior (2026-05-18). Umbrales +-15% / +-30%.
saldo_ramo,6031,6031 - Autos,202605,2026-05-20,904557773.0,271475060.0,233.2,Crítica,Saldo del dia vs. dia con datos anterior (2026-05-19). Umbrales +-15% / +-30%.
saldo_ramo,6031,6031 - Autos,202605,2026-05-21,790970831.0,904557773.0,-12.56,Normal,Saldo del dia vs. dia con datos anterior (2026-05-20). Umbrales +-15% / +-30%.
saldo_ramo,6031,6031 - Autos,202605,2026-05-22,547860925.0,790970831.0,-30.74,Crítica,Saldo del dia vs. dia con datos anterior (2026-05-21). Umbrales +-15% / +-30%.
saldo_ramo,6031,6031 - Autos,202605,2026-05-23,123778786.0,547860925.0,-77.41,Crítica,Saldo del dia vs. dia con datos anterior (2026-05-22). Umbrales +-15% / +-30%.
saldo_ramo,6031,6031 - Autos,202605,2026-05-24,96789088.0,123778786.0,-21.8,Advertencia,Saldo del dia vs. dia con datos anterior (2026-05-23). Umbrales +-15% / +-30%.
saldo_ramo,6031,6031 - Autos,202605,2026-05-25,1362152386.0,96789088.0,1307.34,Crítica,Saldo del dia vs. dia con datos anterior (2026-05-24). Umbrales +-15% / +-30%.
saldo_ramo,6031,6031 - Autos,202605,2026-05-26,553730725.0,1362152386.0,-59.35,Crítica,Saldo del dia vs. dia con datos anterior (2026-05-25). Umbrales +-15% / +-30%.
saldo_ramo,6031,6031 - Autos,202605,2026-05-27,999856689.0,553730725.0,80.57,Crítica,Saldo del dia vs. dia con datos anterior (2026-05-26). Umbrales +-15% / +-30%.
saldo_ramo,6031,6031 - Autos,202605,2026-05-28,812407143.0,999856689.0,-18.75,Advertencia,Saldo del dia vs. dia con datos anterior (2026-05-27). Umbrales +-15% / +-30%.
saldo_ramo,6031,6031 - Autos,202605,2026-05-29,738004009.0,812407143.0,-9.16,Normal,Saldo del dia vs. dia con datos anterior (2026-05-28). Umbrales +-15% / +-30%.
saldo_ramo,6031,6031 - Autos,202605,2026-05-30,138483648.0,738004009.0,-81.24,Crítica,Saldo del dia vs. dia con datos anterior (2026-05-29). Umbrales +-15% / +-30%.
saldo_ramo,6031,6031 - Autos,202605,2026-05-31,-6821068.0,138483648.0,-104.93,Crítica,Saldo del dia vs. dia con datos anterior (2026-05-30). Umbrales +-15% / +-30%.
saldo_ramo,6031,6031 - Autos,202606,2026-06-01,1236392023.0,-6821068.0,18226.08,Crítica,Saldo del dia vs. dia con datos anterior (2026-05-31). Umbrales +-15% / +-30%.
saldo_ramo,6031,6031 - Autos,202606,2026-06-02,732058261.0,1236392023.0,-40.79,Crítica,Saldo del dia vs. dia con datos anterior (2026-06-01). Umbrales +-15% / +-30%.
saldo_ramo,6031,6031 - Autos,202606,2026-06-03,755120140.0,732058261.0,3.15,Normal,Saldo del dia vs. dia con datos anterior (2026-06-02). Umbrales +-15% / +-30%.
saldo_ramo,6031,6031 - Autos,202606,2026-06-04,388316680.0,755120140.0,-48.58,Crítica,Saldo del dia vs. dia con datos anterior (2026-06-03). Umbrales +-15% / +-30%.
saldo_ramo,6031,6031 - Autos,202606,2026-06-05,530644167.0,388316680.0,36.65,Crítica,Saldo del dia vs. dia con datos anterior (2026-06-04). Umbrales +-15% / +-30%.
saldo_ramo,6031,6031 - Autos,202606,2026-06-06,208259548.0,530644167.0,-60.75,Crítica,Saldo del dia vs. dia con datos anterior (2026-06-05). Umbrales +-15% / +-30%.
saldo_ramo,6031,6031 - Autos,202606,2026-06-07,174142637.0,208259548.0,-16.38,Advertencia,Saldo del dia vs. dia con datos anterior (2026-06-06). Umbrales +-15% / +-30%.
saldo_ramo,6031,6031 - Autos,202606,2026-06-08,194862244.0,174142637.0,11.9,Normal,Saldo del dia vs. dia con datos anterior (2026-06-07). Umbrales +-15% / +-30%.
saldo_ramo,6031,6031 - Autos,202606,2026-06-09,1151353138.0,194862244.0,490.85,Crítica,Saldo del dia vs. dia con datos anterior (2026-06-08). Umbrales +-15% / +-30%.
saldo_ramo,6031,6031 - Autos,202606,2026-06-10,1173370213.0,1151353138.0,1.91,Normal,Saldo del dia vs. dia con datos anterior (2026-06-09). Umbrales +-15% / +-30%.
saldo_ramo,6031,6031 - Autos,202606,2026-06-11,1259871283.0,1173370213.0,7.37,Normal,Saldo del dia vs. dia con datos anterior (2026-06-10). Umbrales +-15% / +-30%.
saldo_ramo,6031,6031 - Autos,202606,2026-06-12,688212781.0,1259871283.0,-45.37,Crítica,Saldo del dia vs. dia con datos anterior (2026-06-11). Umbrales +-15% / +-30%.
saldo_ramo,6031,6031 - Autos,202606,2026-06-13,159929475.0,688212781.0,-76.76,Crítica,Saldo del dia vs. dia con datos anterior (2026-06-12). Umbrales +-15% / +-30%.
saldo_ramo,6031,6031 - Autos,202606,2026-06-14,63699206.0,159929475.0,-60.17,Crítica,Saldo del dia vs. dia con datos anterior (2026-06-13). Umbrales +-15% / +-30%.
saldo_ramo,6031,6031 - Autos,202606,2026-06-15,261714345.0,63699206.0,310.86,Crítica,Saldo del dia vs. dia con datos anterior (2026-06-14). Umbrales +-15% / +-30%.
saldo_ramo,6031,6031 - Autos,202606,2026-06-16,578358185.0,261714345.0,120.99,Crítica,Saldo del dia vs. dia con datos anterior (2026-06-15). Umbrales +-15% / +-30%.
saldo_ramo,6031,6031 - Autos,202606,2026-06-17,790405344.0,578358185.0,36.66,Crítica,Saldo del dia vs. dia con datos anterior (2026-06-16). Umbrales +-15% / +-30%.
saldo_ramo,6031,6031 - Autos,202606,2026-06-18,560034663.0,790405344.0,-29.15,Advertencia,Saldo del dia vs. dia con datos anterior (2026-06-17). Umbrales +-15% / +-30%.
saldo_ramo,6031,6031 - Autos,202606,2026-06-19,767954929.0,560034663.0,37.13,Crítica,Saldo del dia vs. dia con datos anterior (2026-06-18). Umbrales +-15% / +-30%.
saldo_ramo,6031,6031 - Autos,202606,2026-06-20,168205247.0,767954929.0,-78.1,Crítica,Saldo del dia vs. dia con datos anterior (2026-06-19). Umbrales +-15% / +-30%.
saldo_ramo,6031,6031 - Autos,202606,2026-06-21,317512410.0,168205247.0,88.76,Crítica,Saldo del dia vs. dia con datos anterior (2026-06-20). Umbrales +-15% / +-30%.
saldo_ramo,6031,6031 - Autos,202606,2026-06-22,890074270.0,317512410.0,180.33,Crítica,Saldo del dia vs. dia con datos anterior (2026-06-21). Umbrales +-15% / +-30%.
saldo_ramo,6031,6031 - Autos,202606,2026-06-23,1416270791.0,890074270.0,59.12,Crítica,Saldo del dia vs. dia con datos anterior (2026-06-22). Umbrales +-15% / +-30%.
saldo_ramo,6031,6031 - Autos,202606,2026-06-24,788393687.0,1416270791.0,-44.33,Crítica,Saldo del dia vs. dia con datos anterior (2026-06-23). Umbrales +-15% / +-30%.
saldo_ramo,6031,6031 - Autos,202606,2026-06-25,1927357585.0,788393687.0,144.47,Crítica,Saldo del dia vs. dia con datos anterior (2026-06-24). Umbrales +-15% / +-30%.
saldo_ramo,6031,6031 - Autos,202606,2026-06-26,883026675.0,1927357585.0,-54.18,Crítica,Saldo del dia vs. dia con datos anterior (2026-06-25). Umbrales +-15% / +-30%.
saldo_ramo,6031,6031 - Autos,202606,2026-06-27,204969771.0,883026675.0,-76.79,Crítica,Saldo del dia vs. dia con datos anterior (2026-06-26). Umbrales +-15% / +-30%.
saldo_ramo,6031,6031 - Autos,202606,2026-06-28,16636459.0,204969771.0,-91.88,Crítica,Saldo del dia vs. dia con datos anterior (2026-06-27). Umbrales +-15% / +-30%.
saldo_ramo,6031,6031 - Autos,202606,2026-06-29,101408210.0,16636459.0,509.55,Crítica,Saldo del dia vs. dia con datos anterior (2026-06-28). Umbrales +-15% / +-30%.
saldo_ramo,6031,6031 - Autos,202606,2026-06-30,1040288554.0,101408210.0,925.84,Crítica,Saldo del dia vs. dia con datos anterior (2026-06-29). Umbrales +-15% / +-30%.
saldo_ramo,6031,6031 - Autos,202607,2026-07-01,690383712.0,1040288554.0,-33.64,Crítica,Saldo del dia vs. dia con datos anterior (2026-06-30). Umbrales +-15% / +-30%.
saldo_ramo,6031,6031 - Autos,202607,2026-07-02,886343994.0,690383712.0,28.38,Advertencia,Saldo del dia vs. dia con datos anterior (2026-07-01). Umbrales +-15% / +-30%.
saldo_ramo,6031,6031 - Autos,202607,2026-07-03,602962221.0,886343994.0,-31.97,Crítica,Saldo del dia vs. dia con datos anterior (2026-07-02). Umbrales +-15% / +-30%.
saldo_ramo,6031,6031 - Autos,202607,2026-07-04,169458179.0,602962221.0,-71.9,Crítica,Saldo del dia vs. dia con datos anterior (2026-07-03). Umbrales +-15% / +-30%.
saldo_ramo,6031,6031 - Autos,202607,2026-07-05,32378629.0,169458179.0,-80.89,Crítica,Saldo del dia vs. dia con datos anterior (2026-07-04). Umbrales +-15% / +-30%.
saldo_ramo,6031,6031 - Autos,202607,2026-07-06,791729026.0,32378629.0,2345.22,Crítica,Saldo del dia vs. dia con datos anterior (2026-07-05). Umbrales +-15% / +-30%.
saldo_ramo,6031,6031 - Autos,202607,2026-07-07,494258218.0,791729026.0,-37.57,Crítica,Saldo del dia vs. dia con datos anterior (2026-07-06). Umbrales +-15% / +-30%.
saldo_ramo,6031,6031 - Autos,202607,2026-07-08,940523313.0,494258218.0,90.29,Crítica,Saldo del dia vs. dia con datos anterior (2026-07-07). Umbrales +-15% / +-30%.
saldo_ramo,6031,6031 - Autos,202607,2026-07-09,1303435571.0,940523313.0,38.59,Crítica,Saldo del dia vs. dia con datos anterior (2026-07-08). Umbrales +-15% / +-30%.
saldo_ramo,6031,6031 - Autos,202607,2026-07-10,910306534.0,1303435571.0,-30.16,Crítica,Saldo del dia vs. dia con datos anterior (2026-07-09). Umbrales +-15% / +-30%.
saldo_ramo,6031,6031 - Autos,202607,2026-07-11,244668573.0,910306534.0,-73.12,Crítica,Saldo del dia vs. dia con datos anterior (2026-07-10). Umbrales +-15% / +-30%.
saldo_ramo,6031,6031 - Autos,202607,2026-07-12,145289450.0,244668573.0,-40.62,Crítica,Saldo del dia vs. dia con datos anterior (2026-07-11). Umbrales +-15% / +-30%.
saldo_ramo,6031,6031 - Autos,202607,2026-07-13,-99304962.0,145289450.0,-168.35,Crítica,Saldo del dia vs. dia con datos anterior (2026-07-12). Umbrales +-15% / +-30%.
saldo_ramo,6031,6031 - Autos,202607,2026-07-14,865208094.0,-99304962.0,971.26,Crítica,Saldo del dia vs. dia con datos anterior (2026-07-13). Umbrales +-15% / +-30%.
saldo_ramo,6031,6031 - Autos,202607,2026-07-15,1415740306.0,865208094.0,63.63,Crítica,Saldo del dia vs. dia con datos anterior (2026-07-14). Umbrales +-15% / +-30%.
saldo_ramo,6031,6031 - Autos,202607,2026-07-16,832437624.0,1415740306.0,-41.2,Crítica,Saldo del dia vs. dia con datos anterior (2026-07-15). Umbrales +-15% / +-30%.
saldo_ramo,6031,6031 - Autos,202607,2026-07-17,874943346.0,832437624.0,5.11,Normal,Saldo del dia vs. dia con datos anterior (2026-07-16). Umbrales +-15% / +-30%.
saldo_ramo,6031,6031 - Autos,202607,2026-07-18,216758363.0,874943346.0,-75.23,Crítica,Saldo del dia vs. dia con datos anterior (2026-07-17). Umbrales +-15% / +-30%.
saldo_ramo,6031,6031 - Autos,202607,2026-07-19,17563332.0,216758363.0,-91.9,Crítica,Saldo del dia vs. dia con datos anterior (2026-07-18). Umbrales +-15% / +-30%.
saldo_ramo,6031,6031 - Autos,202607,2026-07-20,154931249.0,17563332.0,782.13,Crítica,Saldo del dia vs. dia con datos anterior (2026-07-19). Umbrales +-15% / +-30%.
saldo_ramo,6031,6031 - Autos,202607,2026-07-21,681072337.0,154931249.0,339.6,Crítica,Saldo del dia vs. dia con datos anterior (2026-07-20). Umbrales +-15% / +-30%.
saldo_ramo,6031,6031 - Autos,202607,2026-07-22,1175522888.0,681072337.0,72.6,Crítica,Saldo del dia vs. dia con datos anterior (2026-07-21). Umbrales +-15% / +-30%.
saldo_ramo,6031,6031 - Autos,202607,2026-07-23,1649889886.0,1175522888.0,40.35,Crítica,Saldo del dia vs. dia con datos anterior (2026-07-22). Umbrales +-15% / +-30%.
saldo_ramo,6031,6031 - Autos,202607,2026-07-24,1073723180.0,1649889886.0,-34.92,Crítica,Saldo del dia vs. dia con datos anterior (2026-07-23). Umbrales +-15% / +-30%.
saldo_ramo,6031,6031 - Autos,202607,2026-07-25,435069341.0,1073723180.0,-59.48,Crítica,Saldo del dia vs. dia con datos anterior (2026-07-24). Umbrales +-15% / +-30%.
saldo_ramo,6031,6031 - Autos,202607,2026-07-26,323539240.0,435069341.0,-25.64,Advertencia,Saldo del dia vs. dia con datos anterior (2026-07-25). Umbrales +-15% / +-30%.
saldo_ramo,6031,6031 - Autos,202607,2026-07-27,724646029.0,323539240.0,123.97,Crítica,Saldo del dia vs. dia con datos anterior (2026-07-26). Umbrales +-15% / +-30%.
saldo_ramo,6031,6031 - Autos,202607,2026-07-28,982270258.0,724646029.0,35.55,Crítica,Saldo del dia vs. dia con datos anterior (2026-07-27). Umbrales +-15% / +-30%.
saldo_ramo,6031,6031 - Autos,202607,2026-07-29,802735494.0,982270258.0,-18.28,Advertencia,Saldo del dia vs. dia con datos anterior (2026-07-28). Umbrales +-15% / +-30%.
saldo_ramo,6031,6031 - Autos,202607,2026-07-30,916663965.0,802735494.0,14.19,Normal,Saldo del dia vs. dia con datos anterior (2026-07-29). Umbrales +-15% / +-30%.
saldo_ramo,6031,6031 - Autos,202607,2026-07-31,905578277.0,916663965.0,-1.21,Normal,Saldo del dia vs. dia con datos anterior (2026-07-30). Umbrales +-15% / +-30%.
saldo_ramo,6031,6031 - Autos,202608,2026-08-01,392798897.0,905578277.0,-56.62,Crítica,Saldo del dia vs. dia con datos anterior (2026-07-31). Umbrales +-15% / +-30%.
saldo_ramo,6031,6031 - Autos,202608,2026-08-02,36728642.0,392798897.0,-90.65,Crítica,Saldo del dia vs. dia con datos anterior (2026-08-01). Umbrales +-15% / +-30%.
saldo_ramo,6031,6031 - Autos,202608,2026-08-03,1086026571.0,36728642.0,2856.89,Crítica,Saldo del dia vs. dia con datos anterior (2026-08-02). Umbrales +-15% / +-30%.
saldo_ramo,6031,6031 - Autos,202608,2026-08-04,968140270.0,1086026571.0,-10.85,Normal,Saldo del dia vs. dia con datos anterior (2026-08-03). Umbrales +-15% / +-30%.
saldo_ramo,6031,6031 - Autos,202608,2026-08-05,557313915.0,968140270.0,-42.43,Crítica,Saldo del dia vs. dia con datos anterior (2026-08-04). Umbrales +-15% / +-30%.
saldo_ramo,6031,6031 - Autos,202608,2026-08-06,1444695159.0,557313915.0,159.22,Crítica,Saldo del dia vs. dia con datos anterior (2026-08-05). Umbrales +-15% / +-30%.
saldo_ramo,6031,6031 - Autos,202608,2026-08-07,60618921.0,1444695159.0,-95.8,Crítica,Saldo del dia vs. dia con datos anterior (2026-08-06). Umbrales +-15% / +-30%.
saldo_ramo,6031,6031 - Autos,202608,2026-08-08,128249828.0,60618921.0,111.57,Crítica,Saldo del dia vs. dia con datos anterior (2026-08-07). Umbrales +-15% / +-30%.
saldo_ramo,6031,6031 - Autos,202608,2026-08-09,79162280.0,128249828.0,-38.27,Crítica,Saldo del dia vs. dia con datos anterior (2026-08-08). Umbrales +-15% / +-30%.
saldo_ramo,6031,6031 - Autos,202608,2026-08-10,601141483.0,79162280.0,659.38,Crítica,Saldo del dia vs. dia con datos anterior (2026-08-09). Umbrales +-15% / +-30%.
saldo_ramo,6031,6031 - Autos,202608,2026-08-11,934682833.0,601141483.0,55.48,Crítica,Saldo del dia vs. dia con datos anterior (2026-08-10). Umbrales +-15% / +-30%.
saldo_ramo,6033,6033 - Autos,202605,2026-05-14,817562355.0,,,Sin base,Saldo del dia vs. dia con datos anterior (s/d). Umbrales +-15% / +-30%.
saldo_ramo,6033,6033 - Autos,202605,2026-05-15,549447374.0,817562355.0,-32.79,Crítica,Saldo del dia vs. dia con datos anterior (2026-05-14). Umbrales +-15% / +-30%.
saldo_ramo,6033,6033 - Autos,202605,2026-05-16,120117108.0,549447374.0,-78.14,Crítica,Saldo del dia vs. dia con datos anterior (2026-05-15). Umbrales +-15% / +-30%.
saldo_ramo,6033,6033 - Autos,202605,2026-05-17,71236325.0,120117108.0,-40.69,Crítica,Saldo del dia vs. dia con datos anterior (2026-05-16). Umbrales +-15% / +-30%.
saldo_ramo,6033,6033 - Autos,202605,2026-05-18,12992307.0,71236325.0,-81.76,Crítica,Saldo del dia vs. dia con datos anterior (2026-05-17). Umbrales +-15% / +-30%.
saldo_ramo,6033,6033 - Autos,202605,2026-05-19,261483823.0,12992307.0,1912.61,Crítica,Saldo del dia vs. dia con datos anterior (2026-05-18). Umbrales +-15% / +-30%.
saldo_ramo,6033,6033 - Autos,202605,2026-05-20,691943879.0,261483823.0,164.62,Crítica,Saldo del dia vs. dia con datos anterior (2026-05-19). Umbrales +-15% / +-30%.
saldo_ramo,6033,6033 - Autos,202605,2026-05-21,669317210.0,691943879.0,-3.27,Normal,Saldo del dia vs. dia con datos anterior (2026-05-20). Umbrales +-15% / +-30%.
saldo_ramo,6033,6033 - Autos,202605,2026-05-22,545547847.0,669317210.0,-18.49,Advertencia,Saldo del dia vs. dia con datos anterior (2026-05-21). Umbrales +-15% / +-30%.
saldo_ramo,6033,6033 - Autos,202605,2026-05-23,100841053.0,545547847.0,-81.52,Crítica,Saldo del dia vs. dia con datos anterior (2026-05-22). Umbrales +-15% / +-30%.
saldo_ramo,6033,6033 - Autos,202605,2026-05-24,87161357.0,100841053.0,-13.57,Normal,Saldo del dia vs. dia con datos anterior (2026-05-23). Umbrales +-15% / +-30%.
saldo_ramo,6033,6033 - Autos,202605,2026-05-25,895925133.0,87161357.0,927.89,Crítica,Saldo del dia vs. dia con datos anterior (2026-05-24). Umbrales +-15% / +-30%.
saldo_ramo,6033,6033 - Autos,202605,2026-05-26,452700756.0,895925133.0,-49.47,Crítica,Saldo del dia vs. dia con datos anterior (2026-05-25). Umbrales +-15% / +-30%.
saldo_ramo,6033,6033 - Autos,202605,2026-05-27,793596047.0,452700756.0,75.3,Crítica,Saldo del dia vs. dia con datos anterior (2026-05-26). Umbrales +-15% / +-30%.
saldo_ramo,6033,6033 - Autos,202605,2026-05-28,724572180.0,793596047.0,-8.7,Normal,Saldo del dia vs. dia con datos anterior (2026-05-27). Umbrales +-15% / +-30%.
saldo_ramo,6033,6033 - Autos,202605,2026-05-29,652004560.0,724572180.0,-10.02,Normal,Saldo del dia vs. dia con datos anterior (2026-05-28). Umbrales +-15% / +-30%.
saldo_ramo,6033,6033 - Autos,202605,2026-05-30,59473665.0,652004560.0,-90.88,Crítica,Saldo del dia vs. dia con datos anterior (2026-05-29). Umbrales +-15% / +-30%.
saldo_ramo,6033,6033 - Autos,202605,2026-05-31,3053628.0,59473665.0,-94.87,Crítica,Saldo del dia vs. dia con datos anterior (2026-05-30). Umbrales +-15% / +-30%.
saldo_ramo,6033,6033 - Autos,202606,2026-06-01,745755859.0,3053628.0,24321.96,Crítica,Saldo del dia vs. dia con datos anterior (2026-05-31). Umbrales +-15% / +-30%.
saldo_ramo,6033,6033 - Autos,202606,2026-06-02,1144867533.0,745755859.0,53.52,Crítica,Saldo del dia vs. dia con datos anterior (2026-06-01). Umbrales +-15% / +-30%.
saldo_ramo,6033,6033 - Autos,202606,2026-06-03,637296869.0,1144867533.0,-44.33,Crítica,Saldo del dia vs. dia con datos anterior (2026-06-02). Umbrales +-15% / +-30%.
saldo_ramo,6033,6033 - Autos,202606,2026-06-04,506116637.0,637296869.0,-20.58,Advertencia,Saldo del dia vs. dia con datos anterior (2026-06-03). Umbrales +-15% / +-30%.
saldo_ramo,6033,6033 - Autos,202606,2026-06-05,543713154.0,506116637.0,7.43,Normal,Saldo del dia vs. dia con datos anterior (2026-06-04). Umbrales +-15% / +-30%.
saldo_ramo,6033,6033 - Autos,202606,2026-06-06,121757665.0,543713154.0,-77.61,Crítica,Saldo del dia vs. dia con datos anterior (2026-06-05). Umbrales +-15% / +-30%.
saldo_ramo,6033,6033 - Autos,202606,2026-06-07,174411158.0,121757665.0,43.24,Crítica,Saldo del dia vs. dia con datos anterior (2026-06-06). Umbrales +-15% / +-30%.
saldo_ramo,6033,6033 - Autos,202606,2026-06-08,129218790.0,174411158.0,-25.91,Advertencia,Saldo del dia vs. dia con datos anterior (2026-06-07). Umbrales +-15% / +-30%.
saldo_ramo,6033,6033 - Autos,202606,2026-06-09,1174153366.0,129218790.0,808.66,Crítica,Saldo del dia vs. dia con datos anterior (2026-06-08). Umbrales +-15% / +-30%.
saldo_ramo,6033,6033 - Autos,202606,2026-06-10,1085979695.0,1174153366.0,-7.51,Normal,Saldo del dia vs. dia con datos anterior (2026-06-09). Umbrales +-15% / +-30%.
saldo_ramo,6033,6033 - Autos,202606,2026-06-11,803698603.0,1085979695.0,-25.99,Advertencia,Saldo del dia vs. dia con datos anterior (2026-06-10). Umbrales +-15% / +-30%.
saldo_ramo,6033,6033 - Autos,202606,2026-06-12,615311222.0,803698603.0,-23.44,Advertencia,Saldo del dia vs. dia con datos anterior (2026-06-11). Umbrales +-15% / +-30%.
saldo_ramo,6033,6033 - Autos,202606,2026-06-13,65052366.0,615311222.0,-89.43,Crítica,Saldo del dia vs. dia con datos anterior (2026-06-12). Umbrales +-15% / +-30%.
saldo_ramo,6033,6033 - Autos,202606,2026-06-14,70558097.0,65052366.0,8.46,Normal,Saldo del dia vs. dia con datos anterior (2026-06-13). Umbrales +-15% / +-30%.
saldo_ramo,6033,6033 - Autos,202606,2026-06-15,155278857.0,70558097.0,120.07,Crítica,Saldo del dia vs. dia con datos anterior (2026-06-14). Umbrales +-15% / +-30%.
saldo_ramo,6033,6033 - Autos,202606,2026-06-16,515474722.0,155278857.0,231.97,Crítica,Saldo del dia vs. dia con datos anterior (2026-06-15). Umbrales +-15% / +-30%.
saldo_ramo,6033,6033 - Autos,202606,2026-06-17,599054347.0,515474722.0,16.21,Advertencia,Saldo del dia vs. dia con datos anterior (2026-06-16). Umbrales +-15% / +-30%.
saldo_ramo,6033,6033 - Autos,202606,2026-06-18,443926424.0,599054347.0,-25.9,Advertencia,Saldo del dia vs. dia con datos anterior (2026-06-17). Umbrales +-15% / +-30%.
saldo_ramo,6033,6033 - Autos,202606,2026-06-19,615149100.0,443926424.0,38.57,Crítica,Saldo del dia vs. dia con datos anterior (2026-06-18). Umbrales +-15% / +-30%.
saldo_ramo,6033,6033 - Autos,202606,2026-06-20,124992044.0,615149100.0,-79.68,Crítica,Saldo del dia vs. dia con datos anterior (2026-06-19). Umbrales +-15% / +-30%.
saldo_ramo,6033,6033 - Autos,202606,2026-06-21,218874019.0,124992044.0,75.11,Crítica,Saldo del dia vs. dia con datos anterior (2026-06-20). Umbrales +-15% / +-30%.
saldo_ramo,6033,6033 - Autos,202606,2026-06-22,662728034.0,218874019.0,202.79,Crítica,Saldo del dia vs. dia con datos anterior (2026-06-21). Umbrales +-15% / +-30%.
saldo_ramo,6033,6033 - Autos,202606,2026-06-23,1160017880.0,662728034.0,75.04,Crítica,Saldo del dia vs. dia con datos anterior (2026-06-22). Umbrales +-15% / +-30%.
saldo_ramo,6033,6033 - Autos,202606,2026-06-24,702635763.0,1160017880.0,-39.43,Crítica,Saldo del dia vs. dia con datos anterior (2026-06-23). Umbrales +-15% / +-30%.
saldo_ramo,6033,6033 - Autos,202606,2026-06-25,1170615933.0,702635763.0,66.6,Crítica,Saldo del dia vs. dia con datos anterior (2026-06-24). Umbrales +-15% / +-30%.
saldo_ramo,6033,6033 - Autos,202606,2026-06-26,847446563.0,1170615933.0,-27.61,Advertencia,Saldo del dia vs. dia con datos anterior (2026-06-25). Umbrales +-15% / +-30%.
saldo_ramo,6033,6033 - Autos,202606,2026-06-27,165222187.0,847446563.0,-80.5,Crítica,Saldo del dia vs. dia con datos anterior (2026-06-26). Umbrales +-15% / +-30%.
saldo_ramo,6033,6033 - Autos,202606,2026-06-28,14777864.0,165222187.0,-91.06,Crítica,Saldo del dia vs. dia con datos anterior (2026-06-27). Umbrales +-15% / +-30%.
saldo_ramo,6033,6033 - Autos,202606,2026-06-29,69824063.0,14777864.0,372.49,Crítica,Saldo del dia vs. dia con datos anterior (2026-06-28). Umbrales +-15% / +-30%.
saldo_ramo,6033,6033 - Autos,202606,2026-06-30,833518018.0,69824063.0,1093.74,Crítica,Saldo del dia vs. dia con datos anterior (2026-06-29). Umbrales +-15% / +-30%.
saldo_ramo,6033,6033 - Autos,202607,2026-07-01,597359823.0,833518018.0,-28.33,Advertencia,Saldo del dia vs. dia con datos anterior (2026-06-30). Umbrales +-15% / +-30%.
saldo_ramo,6033,6033 - Autos,202607,2026-07-02,643506596.0,597359823.0,7.73,Normal,Saldo del dia vs. dia con datos anterior (2026-07-01). Umbrales +-15% / +-30%.
saldo_ramo,6033,6033 - Autos,202607,2026-07-03,602049660.0,643506596.0,-6.44,Normal,Saldo del dia vs. dia con datos anterior (2026-07-02). Umbrales +-15% / +-30%.
saldo_ramo,6033,6033 - Autos,202607,2026-07-04,159744524.0,602049660.0,-73.47,Crítica,Saldo del dia vs. dia con datos anterior (2026-07-03). Umbrales +-15% / +-30%.
saldo_ramo,6033,6033 - Autos,202607,2026-07-05,47596949.0,159744524.0,-70.2,Crítica,Saldo del dia vs. dia con datos anterior (2026-07-04). Umbrales +-15% / +-30%.
saldo_ramo,6033,6033 - Autos,202607,2026-07-06,518985346.0,47596949.0,990.38,Crítica,Saldo del dia vs. dia con datos anterior (2026-07-05). Umbrales +-15% / +-30%.
saldo_ramo,6033,6033 - Autos,202607,2026-07-07,852395304.0,518985346.0,64.24,Crítica,Saldo del dia vs. dia con datos anterior (2026-07-06). Umbrales +-15% / +-30%.
saldo_ramo,6033,6033 - Autos,202607,2026-07-08,792451140.0,852395304.0,-7.03,Normal,Saldo del dia vs. dia con datos anterior (2026-07-07). Umbrales +-15% / +-30%.
saldo_ramo,6033,6033 - Autos,202607,2026-07-09,1007621492.0,792451140.0,27.15,Advertencia,Saldo del dia vs. dia con datos anterior (2026-07-08). Umbrales +-15% / +-30%.
saldo_ramo,6033,6033 - Autos,202607,2026-07-10,878422850.0,1007621492.0,-12.82,Normal,Saldo del dia vs. dia con datos anterior (2026-07-09). Umbrales +-15% / +-30%.
saldo_ramo,6033,6033 - Autos,202607,2026-07-11,150118715.0,878422850.0,-82.91,Crítica,Saldo del dia vs. dia con datos anterior (2026-07-10). Umbrales +-15% / +-30%.
saldo_ramo,6033,6033 - Autos,202607,2026-07-12,114981061.0,150118715.0,-23.41,Advertencia,Saldo del dia vs. dia con datos anterior (2026-07-11). Umbrales +-15% / +-30%.
saldo_ramo,6033,6033 - Autos,202607,2026-07-13,-124110091.0,114981061.0,-207.94,Crítica,Saldo del dia vs. dia con datos anterior (2026-07-12). Umbrales +-15% / +-30%.
saldo_ramo,6033,6033 - Autos,202607,2026-07-14,1047313773.0,-124110091.0,943.86,Crítica,Saldo del dia vs. dia con datos anterior (2026-07-13). Umbrales +-15% / +-30%.
saldo_ramo,6033,6033 - Autos,202607,2026-07-15,979460476.0,1047313773.0,-6.48,Normal,Saldo del dia vs. dia con datos anterior (2026-07-14). Umbrales +-15% / +-30%.
saldo_ramo,6033,6033 - Autos,202607,2026-07-16,779982725.0,979460476.0,-20.37,Advertencia,Saldo del dia vs. dia con datos anterior (2026-07-15). Umbrales +-15% / +-30%.
saldo_ramo,6033,6033 - Autos,202607,2026-07-17,815181946.0,779982725.0,4.51,Normal,Saldo del dia vs. dia con datos anterior (2026-07-16). Umbrales +-15% / +-30%.
saldo_ramo,6033,6033 - Autos,202607,2026-07-18,113084144.0,815181946.0,-86.13,Crítica,Saldo del dia vs. dia con datos anterior (2026-07-17). Umbrales +-15% / +-30%.
saldo_ramo,6033,6033 - Autos,202607,2026-07-19,19102814.0,113084144.0,-83.11,Crítica,Saldo del dia vs. dia con datos anterior (2026-07-18). Umbrales +-15% / +-30%.
saldo_ramo,6033,6033 - Autos,202607,2026-07-20,108561456.0,19102814.0,468.3,Crítica,Saldo del dia vs. dia con datos anterior (2026-07-19). Umbrales +-15% / +-30%.
saldo_ramo,6033,6033 - Autos,202607,2026-07-21,548759578.0,108561456.0,405.48,Crítica,Saldo del dia vs. dia con datos anterior (2026-07-20). Umbrales +-15% / +-30%.
saldo_ramo,6033,6033 - Autos,202607,2026-07-22,773340256.0,548759578.0,40.93,Crítica,Saldo del dia vs. dia con datos anterior (2026-07-21). Umbrales +-15% / +-30%.
saldo_ramo,6033,6033 - Autos,202607,2026-07-23,1121087350.0,773340256.0,44.97,Crítica,Saldo del dia vs. dia con datos anterior (2026-07-22). Umbrales +-15% / +-30%.
saldo_ramo,6033,6033 - Autos,202607,2026-07-24,824161147.0,1121087350.0,-26.49,Advertencia,Saldo del dia vs. dia con datos anterior (2026-07-23). Umbrales +-15% / +-30%.
saldo_ramo,6033,6033 - Autos,202607,2026-07-25,265092127.0,824161147.0,-67.83,Crítica,Saldo del dia vs. dia con datos anterior (2026-07-24). Umbrales +-15% / +-30%.
saldo_ramo,6033,6033 - Autos,202607,2026-07-26,216180455.0,265092127.0,-18.45,Advertencia,Saldo del dia vs. dia con datos anterior (2026-07-25). Umbrales +-15% / +-30%.
saldo_ramo,6033,6033 - Autos,202607,2026-07-27,396174819.0,216180455.0,83.26,Crítica,Saldo del dia vs. dia con datos anterior (2026-07-26). Umbrales +-15% / +-30%.
saldo_ramo,6033,6033 - Autos,202607,2026-07-28,693782192.0,396174819.0,75.12,Crítica,Saldo del dia vs. dia con datos anterior (2026-07-27). Umbrales +-15% / +-30%.
saldo_ramo,6033,6033 - Autos,202607,2026-07-29,749917897.0,693782192.0,8.09,Normal,Saldo del dia vs. dia con datos anterior (2026-07-28). Umbrales +-15% / +-30%.
saldo_ramo,6033,6033 - Autos,202607,2026-07-30,807153274.0,749917897.0,7.63,Normal,Saldo del dia vs. dia con datos anterior (2026-07-29). Umbrales +-15% / +-30%.
saldo_ramo,6033,6033 - Autos,202607,2026-07-31,775230098.0,807153274.0,-3.96,Normal,Saldo del dia vs. dia con datos anterior (2026-07-30). Umbrales +-15% / +-30%.
saldo_ramo,6033,6033 - Autos,202608,2026-08-01,255948049.0,775230098.0,-66.98,Crítica,Saldo del dia vs. dia con datos anterior (2026-07-31). Umbrales +-15% / +-30%.
saldo_ramo,6033,6033 - Autos,202608,2026-08-02,30261844.0,255948049.0,-88.18,Crítica,Saldo del dia vs. dia con datos anterior (2026-08-01). Umbrales +-15% / +-30%.
saldo_ramo,6033,6033 - Autos,202608,2026-08-03,864885173.0,30261844.0,2758.01,Crítica,Saldo del dia vs. dia con datos anterior (2026-08-02). Umbrales +-15% / +-30%.
saldo_ramo,6033,6033 - Autos,202608,2026-08-04,570170815.0,864885173.0,-34.08,Crítica,Saldo del dia vs. dia con datos anterior (2026-08-03). Umbrales +-15% / +-30%.
saldo_ramo,6033,6033 - Autos,202608,2026-08-05,311715710.0,570170815.0,-45.33,Crítica,Saldo del dia vs. dia con datos anterior (2026-08-04). Umbrales +-15% / +-30%.
saldo_ramo,6033,6033 - Autos,202608,2026-08-06,1163645247.0,311715710.0,273.3,Crítica,Saldo del dia vs. dia con datos anterior (2026-08-05). Umbrales +-15% / +-30%.
saldo_ramo,6033,6033 - Autos,202608,2026-08-07,38876819.0,1163645247.0,-96.66,Crítica,Saldo del dia vs. dia con datos anterior (2026-08-06). Umbrales +-15% / +-30%.
saldo_ramo,6033,6033 - Autos,202608,2026-08-08,83768412.0,38876819.0,115.47,Crítica,Saldo del dia vs. dia con datos anterior (2026-08-07). Umbrales +-15% / +-30%.
saldo_ramo,6033,6033 - Autos,202608,2026-08-09,144585903.0,83768412.0,72.6,Crítica,Saldo del dia vs. dia con datos anterior (2026-08-08). Umbrales +-15% / +-30%.
saldo_ramo,6033,6033 - Autos,202608,2026-08-10,463797689.0,144585903.0,220.78,Crítica,Saldo del dia vs. dia con datos anterior (2026-08-09). Umbrales +-15% / +-30%.
saldo_ramo,6033,6033 - Autos,202608,2026-08-11,622978616.0,463797689.0,34.32,Crítica,Saldo del dia vs. dia con datos anterior (2026-08-10). Umbrales +-15% / +-30%.
saldo_ramo,6034,6034 - Autos,202605,2026-05-14,152056702.0,,,Sin base,Saldo del dia vs. dia con datos anterior (s/d). Umbrales +-15% / +-30%.
saldo_ramo,6034,6034 - Autos,202605,2026-05-15,57781123.0,152056702.0,-62.0,Crítica,Saldo del dia vs. dia con datos anterior (2026-05-14). Umbrales +-15% / +-30%.
saldo_ramo,6034,6034 - Autos,202605,2026-05-16,18079558.0,57781123.0,-68.71,Crítica,Saldo del dia vs. dia con datos anterior (2026-05-15). Umbrales +-15% / +-30%.
saldo_ramo,6034,6034 - Autos,202605,2026-05-17,3978688.0,18079558.0,-77.99,Crítica,Saldo del dia vs. dia con datos anterior (2026-05-16). Umbrales +-15% / +-30%.
saldo_ramo,6034,6034 - Autos,202605,2026-05-18,5900056.0,3978688.0,48.29,Crítica,Saldo del dia vs. dia con datos anterior (2026-05-17). Umbrales +-15% / +-30%.
saldo_ramo,6034,6034 - Autos,202605,2026-05-19,14024143.0,5900056.0,137.7,Crítica,Saldo del dia vs. dia con datos anterior (2026-05-18). Umbrales +-15% / +-30%.
saldo_ramo,6034,6034 - Autos,202605,2026-05-20,60688079.0,14024143.0,332.74,Crítica,Saldo del dia vs. dia con datos anterior (2026-05-19). Umbrales +-15% / +-30%.
saldo_ramo,6034,6034 - Autos,202605,2026-05-21,59950697.0,60688079.0,-1.22,Normal,Saldo del dia vs. dia con datos anterior (2026-05-20). Umbrales +-15% / +-30%.
saldo_ramo,6034,6034 - Autos,202605,2026-05-22,61909771.0,59950697.0,3.27,Normal,Saldo del dia vs. dia con datos anterior (2026-05-21). Umbrales +-15% / +-30%.
saldo_ramo,6034,6034 - Autos,202605,2026-05-23,18097305.0,61909771.0,-70.77,Crítica,Saldo del dia vs. dia con datos anterior (2026-05-22). Umbrales +-15% / +-30%.
saldo_ramo,6034,6034 - Autos,202605,2026-05-24,3414613.0,18097305.0,-81.13,Crítica,Saldo del dia vs. dia con datos anterior (2026-05-23). Umbrales +-15% / +-30%.
saldo_ramo,6034,6034 - Autos,202605,2026-05-25,129778517.0,3414613.0,3700.68,Crítica,Saldo del dia vs. dia con datos anterior (2026-05-24). Umbrales +-15% / +-30%.
saldo_ramo,6034,6034 - Autos,202605,2026-05-26,23274401.0,129778517.0,-82.07,Crítica,Saldo del dia vs. dia con datos anterior (2026-05-25). Umbrales +-15% / +-30%.
saldo_ramo,6034,6034 - Autos,202605,2026-05-27,75204084.0,23274401.0,223.12,Crítica,Saldo del dia vs. dia con datos anterior (2026-05-26). Umbrales +-15% / +-30%.
saldo_ramo,6034,6034 - Autos,202605,2026-05-28,75038691.0,75204084.0,-0.22,Normal,Saldo del dia vs. dia con datos anterior (2026-05-27). Umbrales +-15% / +-30%.
saldo_ramo,6034,6034 - Autos,202605,2026-05-29,64115193.0,75038691.0,-14.56,Normal,Saldo del dia vs. dia con datos anterior (2026-05-28). Umbrales +-15% / +-30%.
saldo_ramo,6034,6034 - Autos,202605,2026-05-30,17942427.0,64115193.0,-72.02,Crítica,Saldo del dia vs. dia con datos anterior (2026-05-29). Umbrales +-15% / +-30%.
saldo_ramo,6034,6034 - Autos,202606,2026-06-01,84970040.0,17942427.0,373.57,Crítica,Saldo del dia vs. dia con datos anterior (2026-05-30). Umbrales +-15% / +-30%.
saldo_ramo,6034,6034 - Autos,202606,2026-06-02,86288857.0,84970040.0,1.55,Normal,Saldo del dia vs. dia con datos anterior (2026-06-01). Umbrales +-15% / +-30%.
saldo_ramo,6034,6034 - Autos,202606,2026-06-03,72333692.0,86288857.0,-16.17,Advertencia,Saldo del dia vs. dia con datos anterior (2026-06-02). Umbrales +-15% / +-30%.
saldo_ramo,6034,6034 - Autos,202606,2026-06-04,41967263.0,72333692.0,-41.98,Crítica,Saldo del dia vs. dia con datos anterior (2026-06-03). Umbrales +-15% / +-30%.
saldo_ramo,6034,6034 - Autos,202606,2026-06-05,58336119.0,41967263.0,39.0,Crítica,Saldo del dia vs. dia con datos anterior (2026-06-04). Umbrales +-15% / +-30%.
saldo_ramo,6034,6034 - Autos,202606,2026-06-06,30745943.0,58336119.0,-47.3,Crítica,Saldo del dia vs. dia con datos anterior (2026-06-05). Umbrales +-15% / +-30%.
saldo_ramo,6034,6034 - Autos,202606,2026-06-07,12016101.0,30745943.0,-60.92,Crítica,Saldo del dia vs. dia con datos anterior (2026-06-06). Umbrales +-15% / +-30%.
saldo_ramo,6034,6034 - Autos,202606,2026-06-08,10718649.0,12016101.0,-10.8,Normal,Saldo del dia vs. dia con datos anterior (2026-06-07). Umbrales +-15% / +-30%.
saldo_ramo,6034,6034 - Autos,202606,2026-06-09,342089.0,10718649.0,-96.81,Crítica,Saldo del dia vs. dia con datos anterior (2026-06-08). Umbrales +-15% / +-30%.
saldo_ramo,6034,6034 - Autos,202606,2026-06-10,123880563.0,342089.0,36112.96,Crítica,Saldo del dia vs. dia con datos anterior (2026-06-09). Umbrales +-15% / +-30%.
saldo_ramo,6034,6034 - Autos,202606,2026-06-11,149925017.0,123880563.0,21.02,Advertencia,Saldo del dia vs. dia con datos anterior (2026-06-10). Umbrales +-15% / +-30%.
saldo_ramo,6034,6034 - Autos,202606,2026-06-12,66262303.0,149925017.0,-55.8,Crítica,Saldo del dia vs. dia con datos anterior (2026-06-11). Umbrales +-15% / +-30%.
saldo_ramo,6034,6034 - Autos,202606,2026-06-13,18276773.0,66262303.0,-72.42,Crítica,Saldo del dia vs. dia con datos anterior (2026-06-12). Umbrales +-15% / +-30%.
saldo_ramo,6034,6034 - Autos,202606,2026-06-14,3821039.0,18276773.0,-79.09,Crítica,Saldo del dia vs. dia con datos anterior (2026-06-13). Umbrales +-15% / +-30%.
saldo_ramo,6034,6034 - Autos,202606,2026-06-15,22909767.0,3821039.0,499.57,Crítica,Saldo del dia vs. dia con datos anterior (2026-06-14). Umbrales +-15% / +-30%.
saldo_ramo,6034,6034 - Autos,202606,2026-06-16,-10244768.0,22909767.0,-144.72,Crítica,Saldo del dia vs. dia con datos anterior (2026-06-15). Umbrales +-15% / +-30%.
saldo_ramo,6034,6034 - Autos,202606,2026-06-17,48684234.0,-10244768.0,575.21,Crítica,Saldo del dia vs. dia con datos anterior (2026-06-16). Umbrales +-15% / +-30%.
saldo_ramo,6034,6034 - Autos,202606,2026-06-18,42413374.0,48684234.0,-12.88,Normal,Saldo del dia vs. dia con datos anterior (2026-06-17). Umbrales +-15% / +-30%.
saldo_ramo,6034,6034 - Autos,202606,2026-06-19,64296734.0,42413374.0,51.6,Crítica,Saldo del dia vs. dia con datos anterior (2026-06-18). Umbrales +-15% / +-30%.
saldo_ramo,6034,6034 - Autos,202606,2026-06-20,27753769.0,64296734.0,-56.83,Crítica,Saldo del dia vs. dia con datos anterior (2026-06-19). Umbrales +-15% / +-30%.
saldo_ramo,6034,6034 - Autos,202606,2026-06-21,10268292.0,27753769.0,-63.0,Crítica,Saldo del dia vs. dia con datos anterior (2026-06-20). Umbrales +-15% / +-30%.
saldo_ramo,6034,6034 - Autos,202606,2026-06-22,35589680.0,10268292.0,246.6,Crítica,Saldo del dia vs. dia con datos anterior (2026-06-21). Umbrales +-15% / +-30%.
saldo_ramo,6034,6034 - Autos,202606,2026-06-23,138576921.0,35589680.0,289.37,Crítica,Saldo del dia vs. dia con datos anterior (2026-06-22). Umbrales +-15% / +-30%.
saldo_ramo,6034,6034 - Autos,202606,2026-06-24,59308127.0,138576921.0,-57.2,Crítica,Saldo del dia vs. dia con datos anterior (2026-06-23). Umbrales +-15% / +-30%.
saldo_ramo,6034,6034 - Autos,202606,2026-06-25,211258142.0,59308127.0,256.2,Crítica,Saldo del dia vs. dia con datos anterior (2026-06-24). Umbrales +-15% / +-30%.
saldo_ramo,6034,6034 - Autos,202606,2026-06-26,44337263.0,211258142.0,-79.01,Crítica,Saldo del dia vs. dia con datos anterior (2026-06-25). Umbrales +-15% / +-30%.
saldo_ramo,6034,6034 - Autos,202606,2026-06-27,25034974.0,44337263.0,-43.54,Crítica,Saldo del dia vs. dia con datos anterior (2026-06-26). Umbrales +-15% / +-30%.
saldo_ramo,6034,6034 - Autos,202606,2026-06-28,2072992.0,25034974.0,-91.72,Crítica,Saldo del dia vs. dia con datos anterior (2026-06-27). Umbrales +-15% / +-30%.
saldo_ramo,6034,6034 - Autos,202606,2026-06-29,5006552.0,2072992.0,141.51,Crítica,Saldo del dia vs. dia con datos anterior (2026-06-28). Umbrales +-15% / +-30%.
saldo_ramo,6034,6034 - Autos,202606,2026-06-30,98782435.0,5006552.0,1873.06,Crítica,Saldo del dia vs. dia con datos anterior (2026-06-29). Umbrales +-15% / +-30%.
saldo_ramo,6034,6034 - Autos,202607,2026-07-01,24139887.0,98782435.0,-75.56,Crítica,Saldo del dia vs. dia con datos anterior (2026-06-30). Umbrales +-15% / +-30%.
saldo_ramo,6034,6034 - Autos,202607,2026-07-02,60396296.0,24139887.0,150.19,Crítica,Saldo del dia vs. dia con datos anterior (2026-07-01). Umbrales +-15% / +-30%.
saldo_ramo,6034,6034 - Autos,202607,2026-07-03,54296753.0,60396296.0,-10.1,Normal,Saldo del dia vs. dia con datos anterior (2026-07-02). Umbrales +-15% / +-30%.
saldo_ramo,6034,6034 - Autos,202607,2026-07-04,26570736.0,54296753.0,-51.06,Crítica,Saldo del dia vs. dia con datos anterior (2026-07-03). Umbrales +-15% / +-30%.
saldo_ramo,6034,6034 - Autos,202607,2026-07-05,10081740.0,26570736.0,-62.06,Crítica,Saldo del dia vs. dia con datos anterior (2026-07-04). Umbrales +-15% / +-30%.
saldo_ramo,6034,6034 - Autos,202607,2026-07-06,34066067.0,10081740.0,237.9,Crítica,Saldo del dia vs. dia con datos anterior (2026-07-05). Umbrales +-15% / +-30%.
saldo_ramo,6034,6034 - Autos,202607,2026-07-07,30857019.0,34066067.0,-9.42,Normal,Saldo del dia vs. dia con datos anterior (2026-07-06). Umbrales +-15% / +-30%.
saldo_ramo,6034,6034 - Autos,202607,2026-07-08,95956587.0,30857019.0,210.97,Crítica,Saldo del dia vs. dia con datos anterior (2026-07-07). Umbrales +-15% / +-30%.
saldo_ramo,6034,6034 - Autos,202607,2026-07-09,118759034.0,95956587.0,23.76,Advertencia,Saldo del dia vs. dia con datos anterior (2026-07-08). Umbrales +-15% / +-30%.
saldo_ramo,6034,6034 - Autos,202607,2026-07-10,68973740.0,118759034.0,-41.92,Crítica,Saldo del dia vs. dia con datos anterior (2026-07-09). Umbrales +-15% / +-30%.
saldo_ramo,6034,6034 - Autos,202607,2026-07-11,36303430.0,68973740.0,-47.37,Crítica,Saldo del dia vs. dia con datos anterior (2026-07-10). Umbrales +-15% / +-30%.
saldo_ramo,6034,6034 - Autos,202607,2026-07-12,5723349.0,36303430.0,-84.23,Crítica,Saldo del dia vs. dia con datos anterior (2026-07-11). Umbrales +-15% / +-30%.
saldo_ramo,6034,6034 - Autos,202607,2026-07-13,-13794777.0,5723349.0,-341.03,Crítica,Saldo del dia vs. dia con datos anterior (2026-07-12). Umbrales +-15% / +-30%.
saldo_ramo,6034,6034 - Autos,202607,2026-07-14,60810677.0,-13794777.0,540.82,Crítica,Saldo del dia vs. dia con datos anterior (2026-07-13). Umbrales +-15% / +-30%.
saldo_ramo,6034,6034 - Autos,202607,2026-07-15,151063208.0,60810677.0,148.42,Crítica,Saldo del dia vs. dia con datos anterior (2026-07-14). Umbrales +-15% / +-30%.
saldo_ramo,6034,6034 - Autos,202607,2026-07-16,43902930.0,151063208.0,-70.94,Crítica,Saldo del dia vs. dia con datos anterior (2026-07-15). Umbrales +-15% / +-30%.
saldo_ramo,6034,6034 - Autos,202607,2026-07-17,90848288.0,43902930.0,106.93,Crítica,Saldo del dia vs. dia con datos anterior (2026-07-16). Umbrales +-15% / +-30%.
saldo_ramo,6034,6034 - Autos,202607,2026-07-18,22821030.0,90848288.0,-74.88,Crítica,Saldo del dia vs. dia con datos anterior (2026-07-17). Umbrales +-15% / +-30%.
saldo_ramo,6034,6034 - Autos,202607,2026-07-19,-1376000.0,22821030.0,-106.03,Crítica,Saldo del dia vs. dia con datos anterior (2026-07-18). Umbrales +-15% / +-30%.
saldo_ramo,6034,6034 - Autos,202607,2026-07-20,4597549.0,-1376000.0,434.12,Crítica,Saldo del dia vs. dia con datos anterior (2026-07-19). Umbrales +-15% / +-30%.
saldo_ramo,6034,6034 - Autos,202607,2026-07-21,36320044.0,4597549.0,689.99,Crítica,Saldo del dia vs. dia con datos anterior (2026-07-20). Umbrales +-15% / +-30%.
saldo_ramo,6034,6034 - Autos,202607,2026-07-22,93461497.0,36320044.0,157.33,Crítica,Saldo del dia vs. dia con datos anterior (2026-07-21). Umbrales +-15% / +-30%.
saldo_ramo,6034,6034 - Autos,202607,2026-07-23,186116131.0,93461497.0,99.14,Crítica,Saldo del dia vs. dia con datos anterior (2026-07-22). Umbrales +-15% / +-30%.
saldo_ramo,6034,6034 - Autos,202607,2026-07-24,70398471.0,186116131.0,-62.17,Crítica,Saldo del dia vs. dia con datos anterior (2026-07-23). Umbrales +-15% / +-30%.
saldo_ramo,6034,6034 - Autos,202607,2026-07-25,33574746.0,70398471.0,-52.31,Crítica,Saldo del dia vs. dia con datos anterior (2026-07-24). Umbrales +-15% / +-30%.
saldo_ramo,6034,6034 - Autos,202607,2026-07-26,21871414.0,33574746.0,-34.86,Crítica,Saldo del dia vs. dia con datos anterior (2026-07-25). Umbrales +-15% / +-30%.
saldo_ramo,6034,6034 - Autos,202607,2026-07-27,23372042.0,21871414.0,6.86,Normal,Saldo del dia vs. dia con datos anterior (2026-07-26). Umbrales +-15% / +-30%.
saldo_ramo,6034,6034 - Autos,202607,2026-07-28,62774343.0,23372042.0,168.59,Crítica,Saldo del dia vs. dia con datos anterior (2026-07-27). Umbrales +-15% / +-30%.
saldo_ramo,6034,6034 - Autos,202607,2026-07-29,47500010.0,62774343.0,-24.33,Advertencia,Saldo del dia vs. dia con datos anterior (2026-07-28). Umbrales +-15% / +-30%.
saldo_ramo,6034,6034 - Autos,202607,2026-07-30,42943529.0,47500010.0,-9.59,Normal,Saldo del dia vs. dia con datos anterior (2026-07-29). Umbrales +-15% / +-30%.
saldo_ramo,6034,6034 - Autos,202607,2026-07-31,41604152.0,42943529.0,-3.12,Normal,Saldo del dia vs. dia con datos anterior (2026-07-30). Umbrales +-15% / +-30%.
saldo_ramo,6034,6034 - Autos,202608,2026-08-01,38052381.0,41604152.0,-8.54,Normal,Saldo del dia vs. dia con datos anterior (2026-07-31). Umbrales +-15% / +-30%.
saldo_ramo,6034,6034 - Autos,202608,2026-08-02,3346878.0,38052381.0,-91.2,Crítica,Saldo del dia vs. dia con datos anterior (2026-08-01). Umbrales +-15% / +-30%.
saldo_ramo,6034,6034 - Autos,202608,2026-08-03,96082951.0,3346878.0,2770.82,Crítica,Saldo del dia vs. dia con datos anterior (2026-08-02). Umbrales +-15% / +-30%.
saldo_ramo,6034,6034 - Autos,202608,2026-08-04,50421039.0,96082951.0,-47.52,Crítica,Saldo del dia vs. dia con datos anterior (2026-08-03). Umbrales +-15% / +-30%.
saldo_ramo,6034,6034 - Autos,202608,2026-08-05,27543948.0,50421039.0,-45.37,Crítica,Saldo del dia vs. dia con datos anterior (2026-08-04). Umbrales +-15% / +-30%.
saldo_ramo,6034,6034 - Autos,202608,2026-08-06,94984690.0,27543948.0,244.85,Crítica,Saldo del dia vs. dia con datos anterior (2026-08-05). Umbrales +-15% / +-30%.
saldo_ramo,6034,6034 - Autos,202608,2026-08-07,4211496.0,94984690.0,-95.57,Crítica,Saldo del dia vs. dia con datos anterior (2026-08-06). Umbrales +-15% / +-30%.
saldo_ramo,6034,6034 - Autos,202608,2026-08-08,12316911.0,4211496.0,192.46,Crítica,Saldo del dia vs. dia con datos anterior (2026-08-07). Umbrales +-15% / +-30%.
saldo_ramo,6034,6034 - Autos,202608,2026-08-09,5760602.0,12316911.0,-53.23,Crítica,Saldo del dia vs. dia con datos anterior (2026-08-08). Umbrales +-15% / +-30%.
saldo_ramo,6034,6034 - Autos,202608,2026-08-10,5626782.0,5760602.0,-2.32,Normal,Saldo del dia vs. dia con datos anterior (2026-08-09). Umbrales +-15% / +-30%.
saldo_ramo,6034,6034 - Autos,202608,2026-08-11,46279965.0,5626782.0,722.49,Crítica,Saldo del dia vs. dia con datos anterior (2026-08-10). Umbrales +-15% / +-30%.
saldo_ramo,6035,6035 - Autos,202605,2026-05-15,917203.0,,,Sin base,Saldo del dia vs. dia con datos anterior (s/d). Umbrales +-15% / +-30%.
saldo_ramo,6035,6035 - Autos,202605,2026-05-16,1197482.0,917203.0,30.56,Crítica,Saldo del dia vs. dia con datos anterior (2026-05-15). Umbrales +-15% / +-30%.
saldo_ramo,6035,6035 - Autos,202605,2026-05-19,-889891.0,1197482.0,-174.31,Crítica,Saldo del dia vs. dia con datos anterior (2026-05-16). Umbrales +-15% / +-30%.
saldo_ramo,6035,6035 - Autos,202605,2026-05-20,1397464.0,-889891.0,257.04,Crítica,Saldo del dia vs. dia con datos anterior (2026-05-19). Umbrales +-15% / +-30%.
saldo_ramo,6035,6035 - Autos,202605,2026-05-21,5776039.0,1397464.0,313.32,Crítica,Saldo del dia vs. dia con datos anterior (2026-05-20). Umbrales +-15% / +-30%.
saldo_ramo,6035,6035 - Autos,202605,2026-05-22,887371.0,5776039.0,-84.64,Crítica,Saldo del dia vs. dia con datos anterior (2026-05-21). Umbrales +-15% / +-30%.
saldo_ramo,6035,6035 - Autos,202605,2026-05-25,991559.0,887371.0,11.74,Normal,Saldo del dia vs. dia con datos anterior (2026-05-22). Umbrales +-15% / +-30%.
saldo_ramo,6035,6035 - Autos,202605,2026-05-27,1044651.0,991559.0,5.35,Normal,Saldo del dia vs. dia con datos anterior (2026-05-25). Umbrales +-15% / +-30%.
saldo_ramo,6035,6035 - Autos,202605,2026-05-28,2972169.0,1044651.0,184.51,Crítica,Saldo del dia vs. dia con datos anterior (2026-05-27). Umbrales +-15% / +-30%.
saldo_ramo,6035,6035 - Autos,202606,2026-06-01,3322891.0,2972169.0,11.8,Normal,Saldo del dia vs. dia con datos anterior (2026-05-28). Umbrales +-15% / +-30%.
saldo_ramo,6035,6035 - Autos,202606,2026-06-03,1077727.0,3322891.0,-67.57,Crítica,Saldo del dia vs. dia con datos anterior (2026-06-01). Umbrales +-15% / +-30%.
saldo_ramo,6035,6035 - Autos,202606,2026-06-05,1580443.0,1077727.0,46.65,Crítica,Saldo del dia vs. dia con datos anterior (2026-06-03). Umbrales +-15% / +-30%.
saldo_ramo,6035,6035 - Autos,202606,2026-06-09,343100.0,1580443.0,-78.29,Crítica,Saldo del dia vs. dia con datos anterior (2026-06-05). Umbrales +-15% / +-30%.
saldo_ramo,6035,6035 - Autos,202606,2026-06-10,968462.0,343100.0,182.27,Crítica,Saldo del dia vs. dia con datos anterior (2026-06-09). Umbrales +-15% / +-30%.
saldo_ramo,6035,6035 - Autos,202606,2026-06-11,1446503.0,968462.0,49.36,Crítica,Saldo del dia vs. dia con datos anterior (2026-06-10). Umbrales +-15% / +-30%.
saldo_ramo,6035,6035 - Autos,202606,2026-06-14,990152.0,1446503.0,-31.55,Crítica,Saldo del dia vs. dia con datos anterior (2026-06-11). Umbrales +-15% / +-30%.
saldo_ramo,6035,6035 - Autos,202606,2026-06-16,-988206.0,990152.0,-199.8,Crítica,Saldo del dia vs. dia con datos anterior (2026-06-14). Umbrales +-15% / +-30%.
saldo_ramo,6035,6035 - Autos,202606,2026-06-18,450382.0,-988206.0,145.58,Crítica,Saldo del dia vs. dia con datos anterior (2026-06-16). Umbrales +-15% / +-30%.
saldo_ramo,6035,6035 - Autos,202606,2026-06-19,460990.0,450382.0,2.36,Normal,Saldo del dia vs. dia con datos anterior (2026-06-18). Umbrales +-15% / +-30%.
saldo_ramo,6035,6035 - Autos,202606,2026-06-23,2073119.0,460990.0,349.71,Crítica,Saldo del dia vs. dia con datos anterior (2026-06-19). Umbrales +-15% / +-30%.
saldo_ramo,6035,6035 - Autos,202606,2026-06-24,1169337.0,2073119.0,-43.6,Crítica,Saldo del dia vs. dia con datos anterior (2026-06-23). Umbrales +-15% / +-30%.
saldo_ramo,6035,6035 - Autos,202606,2026-06-25,5045144.0,1169337.0,331.45,Crítica,Saldo del dia vs. dia con datos anterior (2026-06-24). Umbrales +-15% / +-30%.
saldo_ramo,6035,6035 - Autos,202606,2026-06-26,1556817.0,5045144.0,-69.14,Crítica,Saldo del dia vs. dia con datos anterior (2026-06-25). Umbrales +-15% / +-30%.
saldo_ramo,6035,6035 - Autos,202606,2026-06-30,477587.0,1556817.0,-69.32,Crítica,Saldo del dia vs. dia con datos anterior (2026-06-26). Umbrales +-15% / +-30%.
saldo_ramo,6035,6035 - Autos,202607,2026-07-01,5199708.0,477587.0,988.75,Crítica,Saldo del dia vs. dia con datos anterior (2026-06-30). Umbrales +-15% / +-30%.
saldo_ramo,6035,6035 - Autos,202607,2026-07-03,1106486.0,5199708.0,-78.72,Crítica,Saldo del dia vs. dia con datos anterior (2026-07-01). Umbrales +-15% / +-30%.
saldo_ramo,6035,6035 - Autos,202607,2026-07-06,-1992748.0,1106486.0,-280.1,Crítica,Saldo del dia vs. dia con datos anterior (2026-07-03). Umbrales +-15% / +-30%.
saldo_ramo,6035,6035 - Autos,202607,2026-07-08,779011.0,-1992748.0,139.09,Crítica,Saldo del dia vs. dia con datos anterior (2026-07-06). Umbrales +-15% / +-30%.
saldo_ramo,6035,6035 - Autos,202607,2026-07-09,949401.0,779011.0,21.87,Advertencia,Saldo del dia vs. dia con datos anterior (2026-07-08). Umbrales +-15% / +-30%.
saldo_ramo,6035,6035 - Autos,202607,2026-07-10,763175.0,949401.0,-19.62,Advertencia,Saldo del dia vs. dia con datos anterior (2026-07-09). Umbrales +-15% / +-30%.
saldo_ramo,6035,6035 - Autos,202607,2026-07-12,1467146.0,763175.0,92.24,Crítica,Saldo del dia vs. dia con datos anterior (2026-07-10). Umbrales +-15% / +-30%.
saldo_ramo,6035,6035 - Autos,202607,2026-07-13,1195999.0,1467146.0,-18.48,Advertencia,Saldo del dia vs. dia con datos anterior (2026-07-12). Umbrales +-15% / +-30%.
saldo_ramo,6035,6035 - Autos,202607,2026-07-15,-1376329.0,1195999.0,-215.08,Crítica,Saldo del dia vs. dia con datos anterior (2026-07-13). Umbrales +-15% / +-30%.
saldo_ramo,6035,6035 - Autos,202607,2026-07-16,2462631.0,-1376329.0,278.93,Crítica,Saldo del dia vs. dia con datos anterior (2026-07-15). Umbrales +-15% / +-30%.
saldo_ramo,6035,6035 - Autos,202607,2026-07-21,1794411.0,2462631.0,-27.13,Advertencia,Saldo del dia vs. dia con datos anterior (2026-07-16). Umbrales +-15% / +-30%.
saldo_ramo,6035,6035 - Autos,202607,2026-07-22,2138671.0,1794411.0,19.19,Advertencia,Saldo del dia vs. dia con datos anterior (2026-07-21). Umbrales +-15% / +-30%.
saldo_ramo,6035,6035 - Autos,202607,2026-07-23,1263622.0,2138671.0,-40.92,Crítica,Saldo del dia vs. dia con datos anterior (2026-07-22). Umbrales +-15% / +-30%.
saldo_ramo,6035,6035 - Autos,202607,2026-07-27,4252987.0,1263622.0,236.57,Crítica,Saldo del dia vs. dia con datos anterior (2026-07-23). Umbrales +-15% / +-30%.
saldo_ramo,6035,6035 - Autos,202607,2026-07-28,1105633.0,4252987.0,-74.0,Crítica,Saldo del dia vs. dia con datos anterior (2026-07-27). Umbrales +-15% / +-30%.
saldo_ramo,6035,6035 - Autos,202607,2026-07-29,1441907.0,1105633.0,30.41,Crítica,Saldo del dia vs. dia con datos anterior (2026-07-28). Umbrales +-15% / +-30%.
saldo_ramo,6035,6035 - Autos,202607,2026-07-31,1315706.0,1441907.0,-8.75,Normal,Saldo del dia vs. dia con datos anterior (2026-07-29). Umbrales +-15% / +-30%.
saldo_ramo,6035,6035 - Autos,202608,2026-08-01,1805765.0,1315706.0,37.25,Crítica,Saldo del dia vs. dia con datos anterior (2026-07-31). Umbrales +-15% / +-30%.
saldo_ramo,6035,6035 - Autos,202608,2026-08-03,1719805.0,1805765.0,-4.76,Normal,Saldo del dia vs. dia con datos anterior (2026-08-01). Umbrales +-15% / +-30%.
saldo_ramo,6035,6035 - Autos,202608,2026-08-04,-1387801.0,1719805.0,-180.7,Crítica,Saldo del dia vs. dia con datos anterior (2026-08-03). Umbrales +-15% / +-30%.
saldo_ramo,6035,6035 - Autos,202608,2026-08-05,1210772.0,-1387801.0,187.24,Crítica,Saldo del dia vs. dia con datos anterior (2026-08-04). Umbrales +-15% / +-30%.
saldo_ramo,6035,6035 - Autos,202608,2026-08-06,2667989.0,1210772.0,120.35,Crítica,Saldo del dia vs. dia con datos anterior (2026-08-05). Umbrales +-15% / +-30%.
saldo_ramo,6035,6035 - Autos,202608,2026-08-10,612876.0,2667989.0,-77.03,Crítica,Saldo del dia vs. dia con datos anterior (2026-08-06). Umbrales +-15% / +-30%.
saldo_ramo,6035,6035 - Autos,202608,2026-08-11,2822212.0,612876.0,360.49,Crítica,Saldo del dia vs. dia con datos anterior (2026-08-10). Umbrales +-15% / +-30%.
saldo_ramo,6038,6038 - Autos,202605,2026-05-14,2533011.0,,,Sin base,Saldo del dia vs. dia con datos anterior (s/d). Umbrales +-15% / +-30%.
saldo_ramo,6038,6038 - Autos,202605,2026-05-15,943910.0,2533011.0,-62.74,Crítica,Saldo del dia vs. dia con datos anterior (2026-05-14). Umbrales +-15% / +-30%.
saldo_ramo,6038,6038 - Autos,202605,2026-05-19,5702971.0,943910.0,504.19,Crítica,Saldo del dia vs. dia con datos anterior (2026-05-15). Umbrales +-15% / +-30%.
saldo_ramo,6038,6038 - Autos,202605,2026-05-20,2674955.0,5702971.0,-53.1,Crítica,Saldo del dia vs. dia con datos anterior (2026-05-19). Umbrales +-15% / +-30%.
saldo_ramo,6038,6038 - Autos,202605,2026-05-21,4506337.0,2674955.0,68.46,Crítica,Saldo del dia vs. dia con datos anterior (2026-05-20). Umbrales +-15% / +-30%.
saldo_ramo,6038,6038 - Autos,202605,2026-05-22,1236002.0,4506337.0,-72.57,Crítica,Saldo del dia vs. dia con datos anterior (2026-05-21). Umbrales +-15% / +-30%.
saldo_ramo,6038,6038 - Autos,202605,2026-05-25,13177940.0,1236002.0,966.17,Crítica,Saldo del dia vs. dia con datos anterior (2026-05-22). Umbrales +-15% / +-30%.
saldo_ramo,6038,6038 - Autos,202605,2026-05-26,-1372587.0,13177940.0,-110.42,Crítica,Saldo del dia vs. dia con datos anterior (2026-05-25). Umbrales +-15% / +-30%.
saldo_ramo,6038,6038 - Autos,202605,2026-05-27,13311830.0,-1372587.0,1069.84,Crítica,Saldo del dia vs. dia con datos anterior (2026-05-26). Umbrales +-15% / +-30%.
saldo_ramo,6038,6038 - Autos,202605,2026-05-28,8590079.0,13311830.0,-35.47,Crítica,Saldo del dia vs. dia con datos anterior (2026-05-27). Umbrales +-15% / +-30%.
saldo_ramo,6038,6038 - Autos,202605,2026-05-29,1528015.0,8590079.0,-82.21,Crítica,Saldo del dia vs. dia con datos anterior (2026-05-28). Umbrales +-15% / +-30%.
saldo_ramo,6038,6038 - Autos,202606,2026-06-01,9738837.0,1528015.0,537.35,Crítica,Saldo del dia vs. dia con datos anterior (2026-05-29). Umbrales +-15% / +-30%.
saldo_ramo,6038,6038 - Autos,202606,2026-06-02,-1453460.0,9738837.0,-114.92,Crítica,Saldo del dia vs. dia con datos anterior (2026-06-01). Umbrales +-15% / +-30%.
saldo_ramo,6038,6038 - Autos,202606,2026-06-03,1349602.0,-1453460.0,192.85,Crítica,Saldo del dia vs. dia con datos anterior (2026-06-02). Umbrales +-15% / +-30%.
saldo_ramo,6038,6038 - Autos,202606,2026-06-04,5271898.0,1349602.0,290.63,Crítica,Saldo del dia vs. dia con datos anterior (2026-06-03). Umbrales +-15% / +-30%.
saldo_ramo,6038,6038 - Autos,202606,2026-06-05,8526301.0,5271898.0,61.73,Crítica,Saldo del dia vs. dia con datos anterior (2026-06-04). Umbrales +-15% / +-30%.
saldo_ramo,6038,6038 - Autos,202606,2026-06-09,16042688.0,8526301.0,88.16,Crítica,Saldo del dia vs. dia con datos anterior (2026-06-05). Umbrales +-15% / +-30%.
saldo_ramo,6038,6038 - Autos,202606,2026-06-10,8313559.0,16042688.0,-48.18,Crítica,Saldo del dia vs. dia con datos anterior (2026-06-09). Umbrales +-15% / +-30%.
saldo_ramo,6038,6038 - Autos,202606,2026-06-11,6992263.0,8313559.0,-15.89,Advertencia,Saldo del dia vs. dia con datos anterior (2026-06-10). Umbrales +-15% / +-30%.
saldo_ramo,6038,6038 - Autos,202606,2026-06-12,425864.0,6992263.0,-93.91,Crítica,Saldo del dia vs. dia con datos anterior (2026-06-11). Umbrales +-15% / +-30%.
saldo_ramo,6038,6038 - Autos,202606,2026-06-16,-2551805.0,425864.0,-699.21,Crítica,Saldo del dia vs. dia con datos anterior (2026-06-12). Umbrales +-15% / +-30%.
saldo_ramo,6038,6038 - Autos,202606,2026-06-17,3971307.0,-2551805.0,255.63,Crítica,Saldo del dia vs. dia con datos anterior (2026-06-16). Umbrales +-15% / +-30%.
saldo_ramo,6038,6038 - Autos,202606,2026-06-18,6376980.0,3971307.0,60.58,Crítica,Saldo del dia vs. dia con datos anterior (2026-06-17). Umbrales +-15% / +-30%.
saldo_ramo,6038,6038 - Autos,202606,2026-06-19,23192202.0,6376980.0,263.69,Crítica,Saldo del dia vs. dia con datos anterior (2026-06-18). Umbrales +-15% / +-30%.
saldo_ramo,6038,6038 - Autos,202606,2026-06-22,268174.0,23192202.0,-98.84,Crítica,Saldo del dia vs. dia con datos anterior (2026-06-19). Umbrales +-15% / +-30%.
saldo_ramo,6038,6038 - Autos,202606,2026-06-23,7322216.0,268174.0,2630.4,Crítica,Saldo del dia vs. dia con datos anterior (2026-06-22). Umbrales +-15% / +-30%.
saldo_ramo,6038,6038 - Autos,202606,2026-06-24,5305538.0,7322216.0,-27.54,Advertencia,Saldo del dia vs. dia con datos anterior (2026-06-23). Umbrales +-15% / +-30%.
saldo_ramo,6038,6038 - Autos,202606,2026-06-25,4715688.0,5305538.0,-11.12,Normal,Saldo del dia vs. dia con datos anterior (2026-06-24). Umbrales +-15% / +-30%.
saldo_ramo,6038,6038 - Autos,202606,2026-06-26,-4446516.0,4715688.0,-194.29,Crítica,Saldo del dia vs. dia con datos anterior (2026-06-25). Umbrales +-15% / +-30%.
saldo_ramo,6038,6038 - Autos,202606,2026-06-29,2225419.0,-4446516.0,150.05,Crítica,Saldo del dia vs. dia con datos anterior (2026-06-26). Umbrales +-15% / +-30%.
saldo_ramo,6038,6038 - Autos,202606,2026-06-30,875645.0,2225419.0,-60.65,Crítica,Saldo del dia vs. dia con datos anterior (2026-06-29). Umbrales +-15% / +-30%.
saldo_ramo,6038,6038 - Autos,202607,2026-07-01,-4929297.0,875645.0,-662.93,Crítica,Saldo del dia vs. dia con datos anterior (2026-06-30). Umbrales +-15% / +-30%.
saldo_ramo,6038,6038 - Autos,202607,2026-07-02,2727102.0,-4929297.0,155.32,Crítica,Saldo del dia vs. dia con datos anterior (2026-07-01). Umbrales +-15% / +-30%.
saldo_ramo,6038,6038 - Autos,202607,2026-07-03,1648568.0,2727102.0,-39.55,Crítica,Saldo del dia vs. dia con datos anterior (2026-07-02). Umbrales +-15% / +-30%.
saldo_ramo,6038,6038 - Autos,202607,2026-07-04,7717418.0,1648568.0,368.13,Crítica,Saldo del dia vs. dia con datos anterior (2026-07-03). Umbrales +-15% / +-30%.
saldo_ramo,6038,6038 - Autos,202607,2026-07-06,48043.0,7717418.0,-99.38,Crítica,Saldo del dia vs. dia con datos anterior (2026-07-04). Umbrales +-15% / +-30%.
saldo_ramo,6038,6038 - Autos,202607,2026-07-07,5778934.0,48043.0,11928.67,Crítica,Saldo del dia vs. dia con datos anterior (2026-07-06). Umbrales +-15% / +-30%.
saldo_ramo,6038,6038 - Autos,202607,2026-07-08,8564758.0,5778934.0,48.21,Crítica,Saldo del dia vs. dia con datos anterior (2026-07-07). Umbrales +-15% / +-30%.
saldo_ramo,6038,6038 - Autos,202607,2026-07-09,18744168.0,8564758.0,118.85,Crítica,Saldo del dia vs. dia con datos anterior (2026-07-08). Umbrales +-15% / +-30%.
saldo_ramo,6038,6038 - Autos,202607,2026-07-10,11499303.0,18744168.0,-38.65,Crítica,Saldo del dia vs. dia con datos anterior (2026-07-09). Umbrales +-15% / +-30%.
saldo_ramo,6038,6038 - Autos,202607,2026-07-11,7680846.0,11499303.0,-33.21,Crítica,Saldo del dia vs. dia con datos anterior (2026-07-10). Umbrales +-15% / +-30%.
saldo_ramo,6038,6038 - Autos,202607,2026-07-13,-2106369.0,7680846.0,-127.42,Crítica,Saldo del dia vs. dia con datos anterior (2026-07-11). Umbrales +-15% / +-30%.
saldo_ramo,6038,6038 - Autos,202607,2026-07-14,14195603.0,-2106369.0,773.94,Crítica,Saldo del dia vs. dia con datos anterior (2026-07-13). Umbrales +-15% / +-30%.
saldo_ramo,6038,6038 - Autos,202607,2026-07-15,16497243.0,14195603.0,16.21,Advertencia,Saldo del dia vs. dia con datos anterior (2026-07-14). Umbrales +-15% / +-30%.
saldo_ramo,6038,6038 - Autos,202607,2026-07-16,6333625.0,16497243.0,-61.61,Crítica,Saldo del dia vs. dia con datos anterior (2026-07-15). Umbrales +-15% / +-30%.
saldo_ramo,6038,6038 - Autos,202607,2026-07-17,7005079.0,6333625.0,10.6,Normal,Saldo del dia vs. dia con datos anterior (2026-07-16). Umbrales +-15% / +-30%.
saldo_ramo,6038,6038 - Autos,202607,2026-07-18,2691282.0,7005079.0,-61.58,Crítica,Saldo del dia vs. dia con datos anterior (2026-07-17). Umbrales +-15% / +-30%.
saldo_ramo,6038,6038 - Autos,202607,2026-07-20,1217002.0,2691282.0,-54.78,Crítica,Saldo del dia vs. dia con datos anterior (2026-07-18). Umbrales +-15% / +-30%.
saldo_ramo,6038,6038 - Autos,202607,2026-07-21,5482782.0,1217002.0,350.52,Crítica,Saldo del dia vs. dia con datos anterior (2026-07-20). Umbrales +-15% / +-30%.
saldo_ramo,6038,6038 - Autos,202607,2026-07-22,1286962.0,5482782.0,-76.53,Crítica,Saldo del dia vs. dia con datos anterior (2026-07-21). Umbrales +-15% / +-30%.
saldo_ramo,6038,6038 - Autos,202607,2026-07-23,3792077.0,1286962.0,194.65,Crítica,Saldo del dia vs. dia con datos anterior (2026-07-22). Umbrales +-15% / +-30%.
saldo_ramo,6038,6038 - Autos,202607,2026-07-24,4078016.0,3792077.0,7.54,Normal,Saldo del dia vs. dia con datos anterior (2026-07-23). Umbrales +-15% / +-30%.
saldo_ramo,6038,6038 - Autos,202607,2026-07-25,1484552.0,4078016.0,-63.6,Crítica,Saldo del dia vs. dia con datos anterior (2026-07-24). Umbrales +-15% / +-30%.
saldo_ramo,6038,6038 - Autos,202607,2026-07-27,-2670646.0,1484552.0,-279.9,Crítica,Saldo del dia vs. dia con datos anterior (2026-07-25). Umbrales +-15% / +-30%.
saldo_ramo,6038,6038 - Autos,202607,2026-07-28,759173.0,-2670646.0,128.43,Crítica,Saldo del dia vs. dia con datos anterior (2026-07-27). Umbrales +-15% / +-30%.
saldo_ramo,6038,6038 - Autos,202607,2026-07-29,7674011.0,759173.0,910.84,Crítica,Saldo del dia vs. dia con datos anterior (2026-07-28). Umbrales +-15% / +-30%.
saldo_ramo,6038,6038 - Autos,202607,2026-07-30,10703447.0,7674011.0,39.48,Crítica,Saldo del dia vs. dia con datos anterior (2026-07-29). Umbrales +-15% / +-30%.
saldo_ramo,6038,6038 - Autos,202607,2026-07-31,10793621.0,10703447.0,0.84,Normal,Saldo del dia vs. dia con datos anterior (2026-07-30). Umbrales +-15% / +-30%.
saldo_ramo,6038,6038 - Autos,202608,2026-08-01,3105674.0,10793621.0,-71.23,Crítica,Saldo del dia vs. dia con datos anterior (2026-07-31). Umbrales +-15% / +-30%.
saldo_ramo,6038,6038 - Autos,202608,2026-08-03,-2526996.0,3105674.0,-181.37,Crítica,Saldo del dia vs. dia con datos anterior (2026-08-01). Umbrales +-15% / +-30%.
saldo_ramo,6038,6038 - Autos,202608,2026-08-04,9208628.0,-2526996.0,464.41,Crítica,Saldo del dia vs. dia con datos anterior (2026-08-03). Umbrales +-15% / +-30%.
saldo_ramo,6038,6038 - Autos,202608,2026-08-05,-1352459.0,9208628.0,-114.69,Crítica,Saldo del dia vs. dia con datos anterior (2026-08-04). Umbrales +-15% / +-30%.
saldo_ramo,6038,6038 - Autos,202608,2026-08-06,3265831.0,-1352459.0,341.47,Crítica,Saldo del dia vs. dia con datos anterior (2026-08-05). Umbrales +-15% / +-30%.
saldo_ramo,6038,6038 - Autos,202608,2026-08-08,5110856.0,3265831.0,56.49,Crítica,Saldo del dia vs. dia con datos anterior (2026-08-06). Umbrales +-15% / +-30%.
saldo_ramo,6038,6038 - Autos,202608,2026-08-10,2379806.0,5110856.0,-53.44,Crítica,Saldo del dia vs. dia con datos anterior (2026-08-08). Umbrales +-15% / +-30%.
saldo_ramo,6038,6038 - Autos,202608,2026-08-11,5549819.0,2379806.0,133.2,Crítica,Saldo del dia vs. dia con datos anterior (2026-08-10). Umbrales +-15% / +-30%.
saldo_ramo,6039,6039 - Autos,202605,2026-05-14,112621883.0,,,Sin base,Saldo del dia vs. dia con datos anterior (s/d). Umbrales +-15% / +-30%.
saldo_ramo,6039,6039 - Autos,202605,2026-05-15,153485902.0,112621883.0,36.28,Crítica,Saldo del dia vs. dia con datos anterior (2026-05-14). Umbrales +-15% / +-30%.
saldo_ramo,6039,6039 - Autos,202605,2026-05-16,36734724.0,153485902.0,-76.07,Crítica,Saldo del dia vs. dia con datos anterior (2026-05-15). Umbrales +-15% / +-30%.
saldo_ramo,6039,6039 - Autos,202605,2026-05-17,8336779.0,36734724.0,-77.31,Crítica,Saldo del dia vs. dia con datos anterior (2026-05-16). Umbrales +-15% / +-30%.
saldo_ramo,6039,6039 - Autos,202605,2026-05-19,52003810.0,8336779.0,523.79,Crítica,Saldo del dia vs. dia con datos anterior (2026-05-17). Umbrales +-15% / +-30%.
saldo_ramo,6039,6039 - Autos,202605,2026-05-20,145139416.0,52003810.0,179.09,Crítica,Saldo del dia vs. dia con datos anterior (2026-05-19). Umbrales +-15% / +-30%.
saldo_ramo,6039,6039 - Autos,202605,2026-05-21,82201061.0,145139416.0,-43.36,Crítica,Saldo del dia vs. dia con datos anterior (2026-05-20). Umbrales +-15% / +-30%.
saldo_ramo,6039,6039 - Autos,202605,2026-05-22,51434669.0,82201061.0,-37.43,Crítica,Saldo del dia vs. dia con datos anterior (2026-05-21). Umbrales +-15% / +-30%.
saldo_ramo,6039,6039 - Autos,202605,2026-05-23,19302770.0,51434669.0,-62.47,Crítica,Saldo del dia vs. dia con datos anterior (2026-05-22). Umbrales +-15% / +-30%.
saldo_ramo,6039,6039 - Autos,202605,2026-05-24,13273214.0,19302770.0,-31.24,Crítica,Saldo del dia vs. dia con datos anterior (2026-05-23). Umbrales +-15% / +-30%.
saldo_ramo,6039,6039 - Autos,202605,2026-05-25,23664605.0,13273214.0,78.29,Crítica,Saldo del dia vs. dia con datos anterior (2026-05-24). Umbrales +-15% / +-30%.
saldo_ramo,6039,6039 - Autos,202605,2026-05-26,78551098.0,23664605.0,231.93,Crítica,Saldo del dia vs. dia con datos anterior (2026-05-25). Umbrales +-15% / +-30%.
saldo_ramo,6039,6039 - Autos,202605,2026-05-27,221997607.0,78551098.0,182.62,Crítica,Saldo del dia vs. dia con datos anterior (2026-05-26). Umbrales +-15% / +-30%.
saldo_ramo,6039,6039 - Autos,202605,2026-05-28,132505218.0,221997607.0,-40.31,Crítica,Saldo del dia vs. dia con datos anterior (2026-05-27). Umbrales +-15% / +-30%.
saldo_ramo,6039,6039 - Autos,202605,2026-05-29,125385971.0,132505218.0,-5.37,Normal,Saldo del dia vs. dia con datos anterior (2026-05-28). Umbrales +-15% / +-30%.
saldo_ramo,6039,6039 - Autos,202605,2026-05-30,5091643.0,125385971.0,-95.94,Crítica,Saldo del dia vs. dia con datos anterior (2026-05-29). Umbrales +-15% / +-30%.
saldo_ramo,6039,6039 - Autos,202605,2026-05-31,-9145502.0,5091643.0,-279.62,Crítica,Saldo del dia vs. dia con datos anterior (2026-05-30). Umbrales +-15% / +-30%.
saldo_ramo,6039,6039 - Autos,202606,2026-06-01,132307812.0,-9145502.0,1546.7,Crítica,Saldo del dia vs. dia con datos anterior (2026-05-31). Umbrales +-15% / +-30%.
saldo_ramo,6039,6039 - Autos,202606,2026-06-02,104323979.0,132307812.0,-21.15,Advertencia,Saldo del dia vs. dia con datos anterior (2026-06-01). Umbrales +-15% / +-30%.
saldo_ramo,6039,6039 - Autos,202606,2026-06-03,77392662.0,104323979.0,-25.82,Advertencia,Saldo del dia vs. dia con datos anterior (2026-06-02). Umbrales +-15% / +-30%.
saldo_ramo,6039,6039 - Autos,202606,2026-06-04,-12043986.0,77392662.0,-115.56,Crítica,Saldo del dia vs. dia con datos anterior (2026-06-03). Umbrales +-15% / +-30%.
saldo_ramo,6039,6039 - Autos,202606,2026-06-05,94947895.0,-12043986.0,888.34,Crítica,Saldo del dia vs. dia con datos anterior (2026-06-04). Umbrales +-15% / +-30%.
saldo_ramo,6039,6039 - Autos,202606,2026-06-06,52064969.0,94947895.0,-45.16,Crítica,Saldo del dia vs. dia con datos anterior (2026-06-05). Umbrales +-15% / +-30%.
saldo_ramo,6039,6039 - Autos,202606,2026-06-07,81298866.0,52064969.0,56.15,Crítica,Saldo del dia vs. dia con datos anterior (2026-06-06). Umbrales +-15% / +-30%.
saldo_ramo,6039,6039 - Autos,202606,2026-06-08,10069932.0,81298866.0,-87.61,Crítica,Saldo del dia vs. dia con datos anterior (2026-06-07). Umbrales +-15% / +-30%.
saldo_ramo,6039,6039 - Autos,202606,2026-06-09,212421791.0,10069932.0,2009.47,Crítica,Saldo del dia vs. dia con datos anterior (2026-06-08). Umbrales +-15% / +-30%.
saldo_ramo,6039,6039 - Autos,202606,2026-06-10,156067142.0,212421791.0,-26.53,Advertencia,Saldo del dia vs. dia con datos anterior (2026-06-09). Umbrales +-15% / +-30%.
saldo_ramo,6039,6039 - Autos,202606,2026-06-11,8095174.0,156067142.0,-94.81,Crítica,Saldo del dia vs. dia con datos anterior (2026-06-10). Umbrales +-15% / +-30%.
saldo_ramo,6039,6039 - Autos,202606,2026-06-12,120839444.0,8095174.0,1392.73,Crítica,Saldo del dia vs. dia con datos anterior (2026-06-11). Umbrales +-15% / +-30%.
saldo_ramo,6039,6039 - Autos,202606,2026-06-13,23070821.0,120839444.0,-80.91,Crítica,Saldo del dia vs. dia con datos anterior (2026-06-12). Umbrales +-15% / +-30%.
saldo_ramo,6039,6039 - Autos,202606,2026-06-14,36566224.0,23070821.0,58.5,Crítica,Saldo del dia vs. dia con datos anterior (2026-06-13). Umbrales +-15% / +-30%.
saldo_ramo,6039,6039 - Autos,202606,2026-06-15,12410826.0,36566224.0,-66.06,Crítica,Saldo del dia vs. dia con datos anterior (2026-06-14). Umbrales +-15% / +-30%.
saldo_ramo,6039,6039 - Autos,202606,2026-06-16,93767544.0,12410826.0,655.53,Crítica,Saldo del dia vs. dia con datos anterior (2026-06-15). Umbrales +-15% / +-30%.
saldo_ramo,6039,6039 - Autos,202606,2026-06-17,164631121.0,93767544.0,75.57,Crítica,Saldo del dia vs. dia con datos anterior (2026-06-16). Umbrales +-15% / +-30%.
saldo_ramo,6039,6039 - Autos,202606,2026-06-18,46178680.0,164631121.0,-71.95,Crítica,Saldo del dia vs. dia con datos anterior (2026-06-17). Umbrales +-15% / +-30%.
saldo_ramo,6039,6039 - Autos,202606,2026-06-19,115374230.0,46178680.0,149.84,Crítica,Saldo del dia vs. dia con datos anterior (2026-06-18). Umbrales +-15% / +-30%.
saldo_ramo,6039,6039 - Autos,202606,2026-06-20,1592764.0,115374230.0,-98.62,Crítica,Saldo del dia vs. dia con datos anterior (2026-06-19). Umbrales +-15% / +-30%.
saldo_ramo,6039,6039 - Autos,202606,2026-06-21,43793172.0,1592764.0,2649.51,Crítica,Saldo del dia vs. dia con datos anterior (2026-06-20). Umbrales +-15% / +-30%.
saldo_ramo,6039,6039 - Autos,202606,2026-06-22,165315468.0,43793172.0,277.49,Crítica,Saldo del dia vs. dia con datos anterior (2026-06-21). Umbrales +-15% / +-30%.
saldo_ramo,6039,6039 - Autos,202606,2026-06-23,293489658.0,165315468.0,77.53,Crítica,Saldo del dia vs. dia con datos anterior (2026-06-22). Umbrales +-15% / +-30%.
saldo_ramo,6039,6039 - Autos,202606,2026-06-24,191062772.0,293489658.0,-34.9,Crítica,Saldo del dia vs. dia con datos anterior (2026-06-23). Umbrales +-15% / +-30%.
saldo_ramo,6039,6039 - Autos,202606,2026-06-25,215275637.0,191062772.0,12.67,Normal,Saldo del dia vs. dia con datos anterior (2026-06-24). Umbrales +-15% / +-30%.
saldo_ramo,6039,6039 - Autos,202606,2026-06-26,139606706.0,215275637.0,-35.15,Crítica,Saldo del dia vs. dia con datos anterior (2026-06-25). Umbrales +-15% / +-30%.
saldo_ramo,6039,6039 - Autos,202606,2026-06-27,4921447.0,139606706.0,-96.47,Crítica,Saldo del dia vs. dia con datos anterior (2026-06-26). Umbrales +-15% / +-30%.
saldo_ramo,6039,6039 - Autos,202606,2026-06-28,-726883.0,4921447.0,-114.77,Crítica,Saldo del dia vs. dia con datos anterior (2026-06-27). Umbrales +-15% / +-30%.
saldo_ramo,6039,6039 - Autos,202606,2026-06-29,24679137.0,-726883.0,3495.2,Crítica,Saldo del dia vs. dia con datos anterior (2026-06-28). Umbrales +-15% / +-30%.
saldo_ramo,6039,6039 - Autos,202606,2026-06-30,229317642.0,24679137.0,829.2,Crítica,Saldo del dia vs. dia con datos anterior (2026-06-29). Umbrales +-15% / +-30%.
saldo_ramo,6039,6039 - Autos,202607,2026-07-01,128278370.0,229317642.0,-44.06,Crítica,Saldo del dia vs. dia con datos anterior (2026-06-30). Umbrales +-15% / +-30%.
saldo_ramo,6039,6039 - Autos,202607,2026-07-02,170173152.0,128278370.0,32.66,Crítica,Saldo del dia vs. dia con datos anterior (2026-07-01). Umbrales +-15% / +-30%.
saldo_ramo,6039,6039 - Autos,202607,2026-07-03,134978391.0,170173152.0,-20.68,Advertencia,Saldo del dia vs. dia con datos anterior (2026-07-02). Umbrales +-15% / +-30%.
saldo_ramo,6039,6039 - Autos,202607,2026-07-06,104413396.0,134978391.0,-22.64,Advertencia,Saldo del dia vs. dia con datos anterior (2026-07-03). Umbrales +-15% / +-30%.
saldo_ramo,6039,6039 - Autos,202607,2026-07-07,26093315.0,104413396.0,-75.01,Crítica,Saldo del dia vs. dia con datos anterior (2026-07-06). Umbrales +-15% / +-30%.
saldo_ramo,6039,6039 - Autos,202607,2026-07-08,140326200.0,26093315.0,437.79,Crítica,Saldo del dia vs. dia con datos anterior (2026-07-07). Umbrales +-15% / +-30%.
saldo_ramo,6039,6039 - Autos,202607,2026-07-09,177194412.0,140326200.0,26.27,Advertencia,Saldo del dia vs. dia con datos anterior (2026-07-08). Umbrales +-15% / +-30%.
saldo_ramo,6039,6039 - Autos,202607,2026-07-10,81373272.0,177194412.0,-54.08,Crítica,Saldo del dia vs. dia con datos anterior (2026-07-09). Umbrales +-15% / +-30%.
saldo_ramo,6039,6039 - Autos,202607,2026-07-11,13593113.0,81373272.0,-83.3,Crítica,Saldo del dia vs. dia con datos anterior (2026-07-10). Umbrales +-15% / +-30%.
saldo_ramo,6039,6039 - Autos,202607,2026-07-13,29401084.0,13593113.0,116.29,Crítica,Saldo del dia vs. dia con datos anterior (2026-07-11). Umbrales +-15% / +-30%.
saldo_ramo,6039,6039 - Autos,202607,2026-07-14,173042359.0,29401084.0,488.56,Crítica,Saldo del dia vs. dia con datos anterior (2026-07-13). Umbrales +-15% / +-30%.
saldo_ramo,6039,6039 - Autos,202607,2026-07-15,39552104.0,173042359.0,-77.14,Crítica,Saldo del dia vs. dia con datos anterior (2026-07-14). Umbrales +-15% / +-30%.
saldo_ramo,6039,6039 - Autos,202607,2026-07-16,19603600.0,39552104.0,-50.44,Crítica,Saldo del dia vs. dia con datos anterior (2026-07-15). Umbrales +-15% / +-30%.
saldo_ramo,6039,6039 - Autos,202607,2026-07-17,76023922.0,19603600.0,287.81,Crítica,Saldo del dia vs. dia con datos anterior (2026-07-16). Umbrales +-15% / +-30%.
saldo_ramo,6039,6039 - Autos,202607,2026-07-18,13528851.0,76023922.0,-82.2,Crítica,Saldo del dia vs. dia con datos anterior (2026-07-17). Umbrales +-15% / +-30%.
saldo_ramo,6039,6039 - Autos,202607,2026-07-20,-5367116.0,13528851.0,-139.67,Crítica,Saldo del dia vs. dia con datos anterior (2026-07-18). Umbrales +-15% / +-30%.
saldo_ramo,6039,6039 - Autos,202607,2026-07-21,-7433932.0,-5367116.0,-38.51,Crítica,Saldo del dia vs. dia con datos anterior (2026-07-20). Umbrales +-15% / +-30%.
saldo_ramo,6039,6039 - Autos,202607,2026-07-22,173862150.0,-7433932.0,2438.76,Crítica,Saldo del dia vs. dia con datos anterior (2026-07-21). Umbrales +-15% / +-30%.
saldo_ramo,6039,6039 - Autos,202607,2026-07-23,81510335.0,173862150.0,-53.12,Crítica,Saldo del dia vs. dia con datos anterior (2026-07-22). Umbrales +-15% / +-30%.
saldo_ramo,6039,6039 - Autos,202607,2026-07-24,192121016.0,81510335.0,135.7,Crítica,Saldo del dia vs. dia con datos anterior (2026-07-23). Umbrales +-15% / +-30%.
saldo_ramo,6039,6039 - Autos,202607,2026-07-25,52557889.0,192121016.0,-72.64,Crítica,Saldo del dia vs. dia con datos anterior (2026-07-24). Umbrales +-15% / +-30%.
saldo_ramo,6039,6039 - Autos,202607,2026-07-26,54488648.0,52557889.0,3.67,Normal,Saldo del dia vs. dia con datos anterior (2026-07-25). Umbrales +-15% / +-30%.
saldo_ramo,6039,6039 - Autos,202607,2026-07-27,148544594.0,54488648.0,172.62,Crítica,Saldo del dia vs. dia con datos anterior (2026-07-26). Umbrales +-15% / +-30%.
saldo_ramo,6039,6039 - Autos,202607,2026-07-28,223822475.0,148544594.0,50.68,Crítica,Saldo del dia vs. dia con datos anterior (2026-07-27). Umbrales +-15% / +-30%.
saldo_ramo,6039,6039 - Autos,202607,2026-07-29,136967138.0,223822475.0,-38.81,Crítica,Saldo del dia vs. dia con datos anterior (2026-07-28). Umbrales +-15% / +-30%.
saldo_ramo,6039,6039 - Autos,202607,2026-07-30,68565418.0,136967138.0,-49.94,Crítica,Saldo del dia vs. dia con datos anterior (2026-07-29). Umbrales +-15% / +-30%.
saldo_ramo,6039,6039 - Autos,202607,2026-07-31,132006399.0,68565418.0,92.53,Crítica,Saldo del dia vs. dia con datos anterior (2026-07-30). Umbrales +-15% / +-30%.
saldo_ramo,6039,6039 - Autos,202608,2026-08-01,30514979.0,132006399.0,-76.88,Crítica,Saldo del dia vs. dia con datos anterior (2026-07-31). Umbrales +-15% / +-30%.
saldo_ramo,6039,6039 - Autos,202608,2026-08-03,172251915.0,30514979.0,464.48,Crítica,Saldo del dia vs. dia con datos anterior (2026-08-01). Umbrales +-15% / +-30%.
saldo_ramo,6039,6039 - Autos,202608,2026-08-04,64015288.0,172251915.0,-62.84,Crítica,Saldo del dia vs. dia con datos anterior (2026-08-03). Umbrales +-15% / +-30%.
saldo_ramo,6039,6039 - Autos,202608,2026-08-05,25824145.0,64015288.0,-59.66,Crítica,Saldo del dia vs. dia con datos anterior (2026-08-04). Umbrales +-15% / +-30%.
saldo_ramo,6039,6039 - Autos,202608,2026-08-06,94586050.0,25824145.0,266.27,Crítica,Saldo del dia vs. dia con datos anterior (2026-08-05). Umbrales +-15% / +-30%.
saldo_ramo,6039,6039 - Autos,202608,2026-08-07,3793179.0,94586050.0,-95.99,Crítica,Saldo del dia vs. dia con datos anterior (2026-08-06). Umbrales +-15% / +-30%.
saldo_ramo,6039,6039 - Autos,202608,2026-08-08,2945277.0,3793179.0,-22.35,Advertencia,Saldo del dia vs. dia con datos anterior (2026-08-07). Umbrales +-15% / +-30%.
saldo_ramo,6039,6039 - Autos,202608,2026-08-09,8760739.0,2945277.0,197.45,Crítica,Saldo del dia vs. dia con datos anterior (2026-08-08). Umbrales +-15% / +-30%.
saldo_ramo,6039,6039 - Autos,202608,2026-08-10,27387578.0,8760739.0,212.62,Crítica,Saldo del dia vs. dia con datos anterior (2026-08-09). Umbrales +-15% / +-30%.
saldo_ramo,6039,6039 - Autos,202608,2026-08-11,124366045.0,27387578.0,354.1,Crítica,Saldo del dia vs. dia con datos anterior (2026-08-10). Umbrales +-15% / +-30%.
saldo_ramo,6042,6042 - Autos,202607,2026-07-25,-1950312.0,,,Sin base,Saldo del dia vs. dia con datos anterior (s/d). Umbrales +-15% / +-30%.
saldo_ramo,6046,6046 - Autos,202605,2026-05-15,-528388.0,,,Sin base,Saldo del dia vs. dia con datos anterior (s/d). Umbrales +-15% / +-30%.
saldo_ramo,6046,6046 - Autos,202605,2026-05-19,-590788.0,-528388.0,-11.81,Normal,Saldo del dia vs. dia con datos anterior (2026-05-15). Umbrales +-15% / +-30%.
saldo_ramo,6046,6046 - Autos,202605,2026-05-20,-634475.0,-590788.0,-7.39,Normal,Saldo del dia vs. dia con datos anterior (2026-05-19). Umbrales +-15% / +-30%.
saldo_ramo,6046,6046 - Autos,202605,2026-05-22,276056.0,-634475.0,143.51,Crítica,Saldo del dia vs. dia con datos anterior (2026-05-20). Umbrales +-15% / +-30%.
saldo_ramo,6046,6046 - Autos,202605,2026-05-25,2913178.0,276056.0,955.29,Crítica,Saldo del dia vs. dia con datos anterior (2026-05-22). Umbrales +-15% / +-30%.
saldo_ramo,6046,6046 - Autos,202605,2026-05-26,-3355207.0,2913178.0,-215.17,Crítica,Saldo del dia vs. dia con datos anterior (2026-05-25). Umbrales +-15% / +-30%.
saldo_ramo,6046,6046 - Autos,202605,2026-05-27,2392302.0,-3355207.0,171.3,Crítica,Saldo del dia vs. dia con datos anterior (2026-05-26). Umbrales +-15% / +-30%.
saldo_ramo,6046,6046 - Autos,202605,2026-05-28,478945.0,2392302.0,-79.98,Crítica,Saldo del dia vs. dia con datos anterior (2026-05-27). Umbrales +-15% / +-30%.
saldo_ramo,6046,6046 - Autos,202605,2026-05-29,2013759.0,478945.0,320.46,Crítica,Saldo del dia vs. dia con datos anterior (2026-05-28). Umbrales +-15% / +-30%.
saldo_ramo,6046,6046 - Autos,202605,2026-05-30,947746.0,2013759.0,-52.94,Crítica,Saldo del dia vs. dia con datos anterior (2026-05-29). Umbrales +-15% / +-30%.
saldo_ramo,6046,6046 - Autos,202606,2026-06-01,11339301.0,947746.0,1096.45,Crítica,Saldo del dia vs. dia con datos anterior (2026-05-30). Umbrales +-15% / +-30%.
saldo_ramo,6046,6046 - Autos,202606,2026-06-02,-377333.0,11339301.0,-103.33,Crítica,Saldo del dia vs. dia con datos anterior (2026-06-01). Umbrales +-15% / +-30%.
saldo_ramo,6046,6046 - Autos,202606,2026-06-03,221791.0,-377333.0,158.78,Crítica,Saldo del dia vs. dia con datos anterior (2026-06-02). Umbrales +-15% / +-30%.
saldo_ramo,6046,6046 - Autos,202606,2026-06-04,11382819.0,221791.0,5032.23,Crítica,Saldo del dia vs. dia con datos anterior (2026-06-03). Umbrales +-15% / +-30%.
saldo_ramo,6046,6046 - Autos,202606,2026-06-05,3497191.0,11382819.0,-69.28,Crítica,Saldo del dia vs. dia con datos anterior (2026-06-04). Umbrales +-15% / +-30%.
saldo_ramo,6046,6046 - Autos,202606,2026-06-06,109723223.0,3497191.0,3037.47,Crítica,Saldo del dia vs. dia con datos anterior (2026-06-05). Umbrales +-15% / +-30%.
saldo_ramo,6046,6046 - Autos,202606,2026-06-09,-3863919.0,109723223.0,-103.52,Crítica,Saldo del dia vs. dia con datos anterior (2026-06-06). Umbrales +-15% / +-30%.
saldo_ramo,6046,6046 - Autos,202606,2026-06-10,984483.0,-3863919.0,125.48,Crítica,Saldo del dia vs. dia con datos anterior (2026-06-09). Umbrales +-15% / +-30%.
saldo_ramo,6046,6046 - Autos,202606,2026-06-11,7940929.0,984483.0,706.61,Crítica,Saldo del dia vs. dia con datos anterior (2026-06-10). Umbrales +-15% / +-30%.
saldo_ramo,6046,6046 - Autos,202606,2026-06-12,16835907.0,7940929.0,112.01,Crítica,Saldo del dia vs. dia con datos anterior (2026-06-11). Umbrales +-15% / +-30%.
saldo_ramo,6046,6046 - Autos,202606,2026-06-16,-5057564.0,16835907.0,-130.04,Crítica,Saldo del dia vs. dia con datos anterior (2026-06-12). Umbrales +-15% / +-30%.
saldo_ramo,6046,6046 - Autos,202606,2026-06-17,-371587.0,-5057564.0,92.65,Crítica,Saldo del dia vs. dia con datos anterior (2026-06-16). Umbrales +-15% / +-30%.
saldo_ramo,6046,6046 - Autos,202606,2026-06-18,-47628.0,-371587.0,87.18,Crítica,Saldo del dia vs. dia con datos anterior (2026-06-17). Umbrales +-15% / +-30%.
saldo_ramo,6046,6046 - Autos,202606,2026-06-19,1116094.0,-47628.0,2443.36,Crítica,Saldo del dia vs. dia con datos anterior (2026-06-18). Umbrales +-15% / +-30%.
saldo_ramo,6046,6046 - Autos,202606,2026-06-22,-314158.0,1116094.0,-128.15,Crítica,Saldo del dia vs. dia con datos anterior (2026-06-19). Umbrales +-15% / +-30%.
saldo_ramo,6046,6046 - Autos,202606,2026-06-23,596424.0,-314158.0,289.85,Crítica,Saldo del dia vs. dia con datos anterior (2026-06-22). Umbrales +-15% / +-30%.
saldo_ramo,6046,6046 - Autos,202606,2026-06-24,1571757.0,596424.0,163.53,Crítica,Saldo del dia vs. dia con datos anterior (2026-06-23). Umbrales +-15% / +-30%.
saldo_ramo,6046,6046 - Autos,202606,2026-06-25,-2579817.0,1571757.0,-264.14,Crítica,Saldo del dia vs. dia con datos anterior (2026-06-24). Umbrales +-15% / +-30%.
saldo_ramo,6046,6046 - Autos,202606,2026-06-26,14761563.0,-2579817.0,672.19,Crítica,Saldo del dia vs. dia con datos anterior (2026-06-25). Umbrales +-15% / +-30%.
saldo_ramo,6046,6046 - Autos,202606,2026-06-27,-453722.0,14761563.0,-103.07,Crítica,Saldo del dia vs. dia con datos anterior (2026-06-26). Umbrales +-15% / +-30%.
saldo_ramo,6046,6046 - Autos,202606,2026-06-30,-1756407.0,-453722.0,-287.11,Crítica,Saldo del dia vs. dia con datos anterior (2026-06-27). Umbrales +-15% / +-30%.
saldo_ramo,6046,6046 - Autos,202607,2026-07-03,3896260.0,-1756407.0,321.83,Crítica,Saldo del dia vs. dia con datos anterior (2026-06-30). Umbrales +-15% / +-30%.
saldo_ramo,6046,6046 - Autos,202607,2026-07-04,102302173.0,3896260.0,2525.65,Crítica,Saldo del dia vs. dia con datos anterior (2026-07-03). Umbrales +-15% / +-30%.
saldo_ramo,6046,6046 - Autos,202607,2026-07-06,447515.0,102302173.0,-99.56,Crítica,Saldo del dia vs. dia con datos anterior (2026-07-04). Umbrales +-15% / +-30%.
saldo_ramo,6046,6046 - Autos,202607,2026-07-07,250726.0,447515.0,-43.97,Crítica,Saldo del dia vs. dia con datos anterior (2026-07-06). Umbrales +-15% / +-30%.
saldo_ramo,6046,6046 - Autos,202607,2026-07-08,-749904.0,250726.0,-399.09,Crítica,Saldo del dia vs. dia con datos anterior (2026-07-07). Umbrales +-15% / +-30%.
saldo_ramo,6046,6046 - Autos,202607,2026-07-09,-334612.0,-749904.0,55.38,Crítica,Saldo del dia vs. dia con datos anterior (2026-07-08). Umbrales +-15% / +-30%.
saldo_ramo,6046,6046 - Autos,202607,2026-07-10,2582981.0,-334612.0,871.93,Crítica,Saldo del dia vs. dia con datos anterior (2026-07-09). Umbrales +-15% / +-30%.
saldo_ramo,6046,6046 - Autos,202607,2026-07-14,-5747028.0,2582981.0,-322.5,Crítica,Saldo del dia vs. dia con datos anterior (2026-07-10). Umbrales +-15% / +-30%.
saldo_ramo,6046,6046 - Autos,202607,2026-07-15,121349.0,-5747028.0,102.11,Crítica,Saldo del dia vs. dia con datos anterior (2026-07-14). Umbrales +-15% / +-30%.
saldo_ramo,6046,6046 - Autos,202607,2026-07-16,-933960.0,121349.0,-869.65,Crítica,Saldo del dia vs. dia con datos anterior (2026-07-15). Umbrales +-15% / +-30%.
saldo_ramo,6046,6046 - Autos,202607,2026-07-17,5747028.0,-933960.0,715.34,Crítica,Saldo del dia vs. dia con datos anterior (2026-07-16). Umbrales +-15% / +-30%.
saldo_ramo,6046,6046 - Autos,202607,2026-07-21,-689680.0,5747028.0,-112.0,Crítica,Saldo del dia vs. dia con datos anterior (2026-07-17). Umbrales +-15% / +-30%.
saldo_ramo,6046,6046 - Autos,202607,2026-07-22,1429545.0,-689680.0,307.28,Crítica,Saldo del dia vs. dia con datos anterior (2026-07-21). Umbrales +-15% / +-30%.
saldo_ramo,6046,6046 - Autos,202607,2026-07-23,-1560771.0,1429545.0,-209.18,Crítica,Saldo del dia vs. dia con datos anterior (2026-07-22). Umbrales +-15% / +-30%.
saldo_ramo,6046,6046 - Autos,202607,2026-07-24,-24458.0,-1560771.0,98.43,Crítica,Saldo del dia vs. dia con datos anterior (2026-07-23). Umbrales +-15% / +-30%.
saldo_ramo,6046,6046 - Autos,202607,2026-07-25,-941470.0,-24458.0,-3749.33,Crítica,Saldo del dia vs. dia con datos anterior (2026-07-24). Umbrales +-15% / +-30%.
saldo_ramo,6046,6046 - Autos,202607,2026-07-27,-651964.0,-941470.0,30.75,Crítica,Saldo del dia vs. dia con datos anterior (2026-07-25). Umbrales +-15% / +-30%.
saldo_ramo,6046,6046 - Autos,202607,2026-07-28,-1354174.0,-651964.0,-107.71,Crítica,Saldo del dia vs. dia con datos anterior (2026-07-27). Umbrales +-15% / +-30%.
saldo_ramo,6046,6046 - Autos,202607,2026-07-29,4475947.0,-1354174.0,430.53,Crítica,Saldo del dia vs. dia con datos anterior (2026-07-28). Umbrales +-15% / +-30%.
saldo_ramo,6046,6046 - Autos,202607,2026-07-30,-517050.0,4475947.0,-111.55,Crítica,Saldo del dia vs. dia con datos anterior (2026-07-29). Umbrales +-15% / +-30%.
saldo_ramo,6046,6046 - Autos,202607,2026-07-31,13863079.0,-517050.0,2781.19,Crítica,Saldo del dia vs. dia con datos anterior (2026-07-30). Umbrales +-15% / +-30%.
saldo_ramo,6046,6046 - Autos,202608,2026-08-01,90942812.0,13863079.0,556.01,Crítica,Saldo del dia vs. dia con datos anterior (2026-07-31). Umbrales +-15% / +-30%.
saldo_ramo,6046,6046 - Autos,202608,2026-08-03,-59742.0,90942812.0,-100.07,Crítica,Saldo del dia vs. dia con datos anterior (2026-08-01). Umbrales +-15% / +-30%.
saldo_ramo,6046,6046 - Autos,202608,2026-08-04,-6235390.0,-59742.0,-10337.2,Crítica,Saldo del dia vs. dia con datos anterior (2026-08-03). Umbrales +-15% / +-30%.
saldo_ramo,6046,6046 - Autos,202608,2026-08-05,6169534.0,-6235390.0,198.94,Crítica,Saldo del dia vs. dia con datos anterior (2026-08-04). Umbrales +-15% / +-30%.
saldo_ramo,6046,6046 - Autos,202608,2026-08-06,2994922.0,6169534.0,-51.46,Crítica,Saldo del dia vs. dia con datos anterior (2026-08-05). Umbrales +-15% / +-30%.
saldo_ramo,6046,6046 - Autos,202608,2026-08-08,143227.0,2994922.0,-95.22,Crítica,Saldo del dia vs. dia con datos anterior (2026-08-06). Umbrales +-15% / +-30%.
saldo_ramo,6046,6046 - Autos,202608,2026-08-10,-718983.0,143227.0,-601.99,Crítica,Saldo del dia vs. dia con datos anterior (2026-08-08). Umbrales +-15% / +-30%.
saldo_ramo,6046,6046 - Autos,202608,2026-08-11,-5343232.0,-718983.0,-643.17,Crítica,Saldo del dia vs. dia con datos anterior (2026-08-10). Umbrales +-15% / +-30%.
saldo_ramo,6047,6047 - Autos,202605,2026-05-14,-1003378.0,,,Sin base,Saldo del dia vs. dia con datos anterior (s/d). Umbrales +-15% / +-30%.
saldo_ramo,6047,6047 - Autos,202605,2026-05-15,-829384.0,-1003378.0,17.34,Advertencia,Saldo del dia vs. dia con datos anterior (2026-05-14). Umbrales +-15% / +-30%.
saldo_ramo,6047,6047 - Autos,202605,2026-05-21,-200192.0,-829384.0,75.86,Crítica,Saldo del dia vs. dia con datos anterior (2026-05-15). Umbrales +-15% / +-30%.
saldo_ramo,6047,6047 - Autos,202605,2026-05-22,-318736.0,-200192.0,-59.22,Crítica,Saldo del dia vs. dia con datos anterior (2026-05-21). Umbrales +-15% / +-30%.
saldo_ramo,6047,6047 - Autos,202605,2026-05-27,-107246.0,-318736.0,66.35,Crítica,Saldo del dia vs. dia con datos anterior (2026-05-22). Umbrales +-15% / +-30%.
saldo_ramo,6047,6047 - Autos,202605,2026-05-30,1072460.0,-107246.0,1100.0,Crítica,Saldo del dia vs. dia con datos anterior (2026-05-27). Umbrales +-15% / +-30%.
saldo_ramo,6047,6047 - Autos,202606,2026-06-03,-1510097.0,1072460.0,-240.81,Crítica,Saldo del dia vs. dia con datos anterior (2026-05-30). Umbrales +-15% / +-30%.
saldo_ramo,6047,6047 - Autos,202606,2026-06-04,0.0,-1510097.0,100.0,Crítica,Saldo del dia vs. dia con datos anterior (2026-06-03). Umbrales +-15% / +-30%.
saldo_ramo,6047,6047 - Autos,202606,2026-06-05,-2261568.0,0.0,,Sin base,Saldo del dia vs. dia con datos anterior (2026-06-04). Umbrales +-15% / +-30%.
saldo_ramo,6047,6047 - Autos,202606,2026-06-06,296342735.0,-2261568.0,13203.42,Crítica,Saldo del dia vs. dia con datos anterior (2026-06-05). Umbrales +-15% / +-30%.
saldo_ramo,6047,6047 - Autos,202606,2026-06-22,0.0,296342735.0,-100.0,Crítica,Saldo del dia vs. dia con datos anterior (2026-06-06). Umbrales +-15% / +-30%.
saldo_ramo,6047,6047 - Autos,202606,2026-06-24,-178743.0,0.0,,Sin base,Saldo del dia vs. dia con datos anterior (2026-06-22). Umbrales +-15% / +-30%.
saldo_ramo,6047,6047 - Autos,202606,2026-06-25,178743.0,-178743.0,200.0,Crítica,Saldo del dia vs. dia con datos anterior (2026-06-24). Umbrales +-15% / +-30%.
saldo_ramo,6047,6047 - Autos,202606,2026-06-30,1510097.0,178743.0,744.84,Crítica,Saldo del dia vs. dia con datos anterior (2026-06-25). Umbrales +-15% / +-30%.
saldo_ramo,6047,6047 - Autos,202607,2026-07-04,297109316.0,1510097.0,19574.85,Crítica,Saldo del dia vs. dia con datos anterior (2026-06-30). Umbrales +-15% / +-30%.
saldo_ramo,6047,6047 - Autos,202607,2026-07-06,-1588075.0,297109316.0,-100.53,Crítica,Saldo del dia vs. dia con datos anterior (2026-07-04). Umbrales +-15% / +-30%.
saldo_ramo,6047,6047 - Autos,202607,2026-07-09,-774554.0,-1588075.0,51.23,Crítica,Saldo del dia vs. dia con datos anterior (2026-07-06). Umbrales +-15% / +-30%.
saldo_ramo,6047,6047 - Autos,202607,2026-07-10,2362623.0,-774554.0,405.03,Crítica,Saldo del dia vs. dia con datos anterior (2026-07-09). Umbrales +-15% / +-30%.
saldo_ramo,6047,6047 - Autos,202607,2026-07-17,0.0,2362623.0,-100.0,Crítica,Saldo del dia vs. dia con datos anterior (2026-07-10). Umbrales +-15% / +-30%.
saldo_ramo,6047,6047 - Autos,202607,2026-07-23,-4257609.0,0.0,,Sin base,Saldo del dia vs. dia con datos anterior (2026-07-17). Umbrales +-15% / +-30%.
saldo_ramo,6047,6047 - Autos,202607,2026-07-30,-284003.0,-4257609.0,93.33,Crítica,Saldo del dia vs. dia con datos anterior (2026-07-23). Umbrales +-15% / +-30%.
saldo_ramo,6047,6047 - Autos,202607,2026-07-31,284003.0,-284003.0,200.0,Crítica,Saldo del dia vs. dia con datos anterior (2026-07-30). Umbrales +-15% / +-30%.
saldo_ramo,6047,6047 - Autos,202608,2026-08-01,295336869.0,284003.0,103890.76,Crítica,Saldo del dia vs. dia con datos anterior (2026-07-31). Umbrales +-15% / +-30%.
saldo_ramo,6047,6047 - Autos,202608,2026-08-04,-1024760.0,295336869.0,-100.35,Crítica,Saldo del dia vs. dia con datos anterior (2026-08-01). Umbrales +-15% / +-30%.
saldo_ramo,6047,6047 - Autos,202608,2026-08-07,601769.0,-1024760.0,158.72,Crítica,Saldo del dia vs. dia con datos anterior (2026-08-04). Umbrales +-15% / +-30%.
saldo_ramo,6048,6048 - Autos,202605,2026-05-14,-49666750.0,,,Sin base,Saldo del dia vs. dia con datos anterior (s/d). Umbrales +-15% / +-30%.
saldo_ramo,6048,6048 - Autos,202605,2026-05-15,9023225.0,-49666750.0,118.17,Crítica,Saldo del dia vs. dia con datos anterior (2026-05-14). Umbrales +-15% / +-30%.
saldo_ramo,6048,6048 - Autos,202605,2026-05-16,4298627.0,9023225.0,-52.36,Crítica,Saldo del dia vs. dia con datos anterior (2026-05-15). Umbrales +-15% / +-30%.
saldo_ramo,6048,6048 - Autos,202605,2026-05-19,-11776651.0,4298627.0,-373.96,Crítica,Saldo del dia vs. dia con datos anterior (2026-05-16). Umbrales +-15% / +-30%.
saldo_ramo,6048,6048 - Autos,202605,2026-05-20,-2561968.0,-11776651.0,78.25,Crítica,Saldo del dia vs. dia con datos anterior (2026-05-19). Umbrales +-15% / +-30%.
saldo_ramo,6048,6048 - Autos,202605,2026-05-21,-1761130.0,-2561968.0,31.26,Crítica,Saldo del dia vs. dia con datos anterior (2026-05-20). Umbrales +-15% / +-30%.
saldo_ramo,6048,6048 - Autos,202605,2026-05-22,696656.0,-1761130.0,139.56,Crítica,Saldo del dia vs. dia con datos anterior (2026-05-21). Umbrales +-15% / +-30%.
saldo_ramo,6048,6048 - Autos,202605,2026-05-25,-201122451.0,696656.0,-28969.69,Crítica,Saldo del dia vs. dia con datos anterior (2026-05-22). Umbrales +-15% / +-30%.
saldo_ramo,6048,6048 - Autos,202605,2026-05-26,-22846888.0,-201122451.0,88.64,Crítica,Saldo del dia vs. dia con datos anterior (2026-05-25). Umbrales +-15% / +-30%.
saldo_ramo,6048,6048 - Autos,202605,2026-05-27,-2120382.0,-22846888.0,90.72,Crítica,Saldo del dia vs. dia con datos anterior (2026-05-26). Umbrales +-15% / +-30%.
saldo_ramo,6048,6048 - Autos,202605,2026-05-28,-2860433.0,-2120382.0,-34.9,Crítica,Saldo del dia vs. dia con datos anterior (2026-05-27). Umbrales +-15% / +-30%.
saldo_ramo,6048,6048 - Autos,202605,2026-05-30,2409324.0,-2860433.0,184.23,Crítica,Saldo del dia vs. dia con datos anterior (2026-05-28). Umbrales +-15% / +-30%.
saldo_ramo,6048,6048 - Autos,202606,2026-06-01,-12660614.0,2409324.0,-625.48,Crítica,Saldo del dia vs. dia con datos anterior (2026-05-30). Umbrales +-15% / +-30%.
saldo_ramo,6048,6048 - Autos,202606,2026-06-02,-5820518.0,-12660614.0,54.03,Crítica,Saldo del dia vs. dia con datos anterior (2026-06-01). Umbrales +-15% / +-30%.
saldo_ramo,6048,6048 - Autos,202606,2026-06-03,12707929.0,-5820518.0,318.33,Crítica,Saldo del dia vs. dia con datos anterior (2026-06-02). Umbrales +-15% / +-30%.
saldo_ramo,6048,6048 - Autos,202606,2026-06-05,1383242.0,12707929.0,-89.12,Crítica,Saldo del dia vs. dia con datos anterior (2026-06-03). Umbrales +-15% / +-30%.
saldo_ramo,6048,6048 - Autos,202606,2026-06-06,1295067.0,1383242.0,-6.37,Normal,Saldo del dia vs. dia con datos anterior (2026-06-05). Umbrales +-15% / +-30%.
saldo_ramo,6048,6048 - Autos,202606,2026-06-07,255464050.0,1295067.0,19625.93,Crítica,Saldo del dia vs. dia con datos anterior (2026-06-06). Umbrales +-15% / +-30%.
saldo_ramo,6048,6048 - Autos,202606,2026-06-09,-1298400.0,255464050.0,-100.51,Crítica,Saldo del dia vs. dia con datos anterior (2026-06-07). Umbrales +-15% / +-30%.
saldo_ramo,6048,6048 - Autos,202606,2026-06-10,-30140.0,-1298400.0,97.68,Crítica,Saldo del dia vs. dia con datos anterior (2026-06-09). Umbrales +-15% / +-30%.
saldo_ramo,6048,6048 - Autos,202606,2026-06-11,-112354.0,-30140.0,-272.77,Crítica,Saldo del dia vs. dia con datos anterior (2026-06-10). Umbrales +-15% / +-30%.
saldo_ramo,6048,6048 - Autos,202606,2026-06-12,1818168633.0,-112354.0,1618350.02,Crítica,Saldo del dia vs. dia con datos anterior (2026-06-11). Umbrales +-15% / +-30%.
saldo_ramo,6048,6048 - Autos,202606,2026-06-16,-683133.0,1818168633.0,-100.04,Crítica,Saldo del dia vs. dia con datos anterior (2026-06-12). Umbrales +-15% / +-30%.
saldo_ramo,6048,6048 - Autos,202606,2026-06-17,67400.0,-683133.0,109.87,Crítica,Saldo del dia vs. dia con datos anterior (2026-06-16). Umbrales +-15% / +-30%.
saldo_ramo,6048,6048 - Autos,202606,2026-06-18,-47753091.0,67400.0,-70950.28,Crítica,Saldo del dia vs. dia con datos anterior (2026-06-17). Umbrales +-15% / +-30%.
saldo_ramo,6048,6048 - Autos,202606,2026-06-19,80111088.0,-47753091.0,267.76,Crítica,Saldo del dia vs. dia con datos anterior (2026-06-18). Umbrales +-15% / +-30%.
saldo_ramo,6048,6048 - Autos,202606,2026-06-22,-1401874.0,80111088.0,-101.75,Crítica,Saldo del dia vs. dia con datos anterior (2026-06-19). Umbrales +-15% / +-30%.
saldo_ramo,6048,6048 - Autos,202606,2026-06-23,-533880.0,-1401874.0,61.92,Crítica,Saldo del dia vs. dia con datos anterior (2026-06-22). Umbrales +-15% / +-30%.
saldo_ramo,6048,6048 - Autos,202606,2026-06-24,-69512879.0,-533880.0,-12920.32,Crítica,Saldo del dia vs. dia con datos anterior (2026-06-23). Umbrales +-15% / +-30%.
saldo_ramo,6048,6048 - Autos,202606,2026-06-25,-289036.0,-69512879.0,99.58,Crítica,Saldo del dia vs. dia con datos anterior (2026-06-24). Umbrales +-15% / +-30%.
saldo_ramo,6048,6048 - Autos,202606,2026-06-26,12753153.0,-289036.0,4512.31,Crítica,Saldo del dia vs. dia con datos anterior (2026-06-25). Umbrales +-15% / +-30%.
saldo_ramo,6048,6048 - Autos,202606,2026-06-27,813033.0,12753153.0,-93.62,Crítica,Saldo del dia vs. dia con datos anterior (2026-06-26). Umbrales +-15% / +-30%.
saldo_ramo,6048,6048 - Autos,202607,2026-07-01,-4133328.0,813033.0,-608.38,Crítica,Saldo del dia vs. dia con datos anterior (2026-06-27). Umbrales +-15% / +-30%.
saldo_ramo,6048,6048 - Autos,202607,2026-07-02,-255800.0,-4133328.0,93.81,Crítica,Saldo del dia vs. dia con datos anterior (2026-07-01). Umbrales +-15% / +-30%.
saldo_ramo,6048,6048 - Autos,202607,2026-07-03,401090.0,-255800.0,256.8,Crítica,Saldo del dia vs. dia con datos anterior (2026-07-02). Umbrales +-15% / +-30%.
saldo_ramo,6048,6048 - Autos,202607,2026-07-04,208751464.0,401090.0,51946.04,Crítica,Saldo del dia vs. dia con datos anterior (2026-07-03). Umbrales +-15% / +-30%.
saldo_ramo,6048,6048 - Autos,202607,2026-07-06,1583750361.0,208751464.0,658.68,Crítica,Saldo del dia vs. dia con datos anterior (2026-07-04). Umbrales +-15% / +-30%.
saldo_ramo,6048,6048 - Autos,202607,2026-07-07,-15312.0,1583750361.0,-100.0,Crítica,Saldo del dia vs. dia con datos anterior (2026-07-06). Umbrales +-15% / +-30%.
saldo_ramo,6048,6048 - Autos,202607,2026-07-09,-76652286.0,-15312.0,-500502.7,Crítica,Saldo del dia vs. dia con datos anterior (2026-07-07). Umbrales +-15% / +-30%.
saldo_ramo,6048,6048 - Autos,202607,2026-07-10,8273509.0,-76652286.0,110.79,Crítica,Saldo del dia vs. dia con datos anterior (2026-07-09). Umbrales +-15% / +-30%.
saldo_ramo,6048,6048 - Autos,202607,2026-07-11,8113692.0,8273509.0,-1.93,Normal,Saldo del dia vs. dia con datos anterior (2026-07-10). Umbrales +-15% / +-30%.
saldo_ramo,6048,6048 - Autos,202607,2026-07-15,-466458.0,8113692.0,-105.75,Crítica,Saldo del dia vs. dia con datos anterior (2026-07-11). Umbrales +-15% / +-30%.
saldo_ramo,6048,6048 - Autos,202607,2026-07-16,-167876.0,-466458.0,64.01,Crítica,Saldo del dia vs. dia con datos anterior (2026-07-15). Umbrales +-15% / +-30%.
saldo_ramo,6048,6048 - Autos,202607,2026-07-17,1802328.0,-167876.0,1173.61,Crítica,Saldo del dia vs. dia con datos anterior (2026-07-16). Umbrales +-15% / +-30%.
saldo_ramo,6048,6048 - Autos,202607,2026-07-21,-261692.0,1802328.0,-114.52,Crítica,Saldo del dia vs. dia con datos anterior (2026-07-17). Umbrales +-15% / +-30%.
saldo_ramo,6048,6048 - Autos,202607,2026-07-22,226400.0,-261692.0,186.51,Crítica,Saldo del dia vs. dia con datos anterior (2026-07-21). Umbrales +-15% / +-30%.
saldo_ramo,6048,6048 - Autos,202607,2026-07-23,14654696.0,226400.0,6372.92,Crítica,Saldo del dia vs. dia con datos anterior (2026-07-22). Umbrales +-15% / +-30%.
saldo_ramo,6048,6048 - Autos,202607,2026-07-24,-288033498.0,14654696.0,-2065.47,Crítica,Saldo del dia vs. dia con datos anterior (2026-07-23). Umbrales +-15% / +-30%.
saldo_ramo,6048,6048 - Autos,202607,2026-07-27,189437180.0,-288033498.0,165.77,Crítica,Saldo del dia vs. dia con datos anterior (2026-07-24). Umbrales +-15% / +-30%.
saldo_ramo,6048,6048 - Autos,202607,2026-07-28,-6710905.0,189437180.0,-103.54,Crítica,Saldo del dia vs. dia con datos anterior (2026-07-27). Umbrales +-15% / +-30%.
saldo_ramo,6048,6048 - Autos,202607,2026-07-29,-993027.0,-6710905.0,85.2,Crítica,Saldo del dia vs. dia con datos anterior (2026-07-28). Umbrales +-15% / +-30%.
saldo_ramo,6048,6048 - Autos,202607,2026-07-30,-1019886.0,-993027.0,-2.7,Normal,Saldo del dia vs. dia con datos anterior (2026-07-29). Umbrales +-15% / +-30%.
saldo_ramo,6048,6048 - Autos,202607,2026-07-31,17552.0,-1019886.0,101.72,Crítica,Saldo del dia vs. dia con datos anterior (2026-07-30). Umbrales +-15% / +-30%.
saldo_ramo,6048,6048 - Autos,202608,2026-08-01,3173175.0,17552.0,17978.71,Crítica,Saldo del dia vs. dia con datos anterior (2026-07-31). Umbrales +-15% / +-30%.
saldo_ramo,6048,6048 - Autos,202608,2026-08-02,1497081525.0,3173175.0,47079.29,Crítica,Saldo del dia vs. dia con datos anterior (2026-08-01). Umbrales +-15% / +-30%.
saldo_ramo,6048,6048 - Autos,202608,2026-08-03,-82319621.0,1497081525.0,-105.5,Crítica,Saldo del dia vs. dia con datos anterior (2026-08-02). Umbrales +-15% / +-30%.
saldo_ramo,6048,6048 - Autos,202608,2026-08-04,-1553225.0,-82319621.0,98.11,Crítica,Saldo del dia vs. dia con datos anterior (2026-08-03). Umbrales +-15% / +-30%.
saldo_ramo,6048,6048 - Autos,202608,2026-08-06,-5914256.0,-1553225.0,-280.77,Crítica,Saldo del dia vs. dia con datos anterior (2026-08-04). Umbrales +-15% / +-30%.
saldo_ramo,6048,6048 - Autos,202608,2026-08-07,3757591.0,-5914256.0,163.53,Crítica,Saldo del dia vs. dia con datos anterior (2026-08-06). Umbrales +-15% / +-30%.
saldo_ramo,6048,6048 - Autos,202608,2026-08-10,-105204.0,3757591.0,-102.8,Crítica,Saldo del dia vs. dia con datos anterior (2026-08-07). Umbrales +-15% / +-30%.
saldo_ramo,6048,6048 - Autos,202608,2026-08-11,-25918131.0,-105204.0,-24536.07,Crítica,Saldo del dia vs. dia con datos anterior (2026-08-10). Umbrales +-15% / +-30%.
saldo_ramo,6049,6049 - Autos,202605,2026-05-21,-265931.0,,,Sin base,Saldo del dia vs. dia con datos anterior (s/d). Umbrales +-15% / +-30%.
saldo_ramo,6049,6049 - Autos,202605,2026-05-25,-199620.0,-265931.0,24.94,Advertencia,Saldo del dia vs. dia con datos anterior (2026-05-21). Umbrales +-15% / +-30%.
saldo_ramo,6049,6049 - Autos,202605,2026-05-30,399240.0,-199620.0,300.0,Crítica,Saldo del dia vs. dia con datos anterior (2026-05-25). Umbrales +-15% / +-30%.
saldo_ramo,6049,6049 - Autos,202606,2026-06-03,-202033.0,399240.0,-150.6,Crítica,Saldo del dia vs. dia con datos anterior (2026-05-30). Umbrales +-15% / +-30%.
saldo_ramo,6049,6049 - Autos,202606,2026-06-04,-202031.0,-202033.0,0.0,Normal,Saldo del dia vs. dia con datos anterior (2026-06-03). Umbrales +-15% / +-30%.
saldo_ramo,6049,6049 - Autos,202606,2026-06-05,228657.0,-202031.0,213.18,Crítica,Saldo del dia vs. dia con datos anterior (2026-06-04). Umbrales +-15% / +-30%.
saldo_ramo,6049,6049 - Autos,202606,2026-06-06,42819414.0,228657.0,18626.48,Crítica,Saldo del dia vs. dia con datos anterior (2026-06-05). Umbrales +-15% / +-30%.
saldo_ramo,6049,6049 - Autos,202606,2026-06-10,-216494.0,42819414.0,-100.51,Crítica,Saldo del dia vs. dia con datos anterior (2026-06-06). Umbrales +-15% / +-30%.
saldo_ramo,6049,6049 - Autos,202606,2026-06-11,126425.0,-216494.0,158.4,Crítica,Saldo del dia vs. dia con datos anterior (2026-06-10). Umbrales +-15% / +-30%.
saldo_ramo,6049,6049 - Autos,202606,2026-06-18,-573605.0,126425.0,-553.71,Crítica,Saldo del dia vs. dia con datos anterior (2026-06-11). Umbrales +-15% / +-30%.
saldo_ramo,6049,6049 - Autos,202606,2026-06-19,416112.0,-573605.0,172.54,Crítica,Saldo del dia vs. dia con datos anterior (2026-06-18). Umbrales +-15% / +-30%.
saldo_ramo,6049,6049 - Autos,202606,2026-06-22,-295831.0,416112.0,-171.09,Crítica,Saldo del dia vs. dia con datos anterior (2026-06-19). Umbrales +-15% / +-30%.
saldo_ramo,6049,6049 - Autos,202606,2026-06-23,-216461.0,-295831.0,26.83,Advertencia,Saldo del dia vs. dia con datos anterior (2026-06-22). Umbrales +-15% / +-30%.
saldo_ramo,6049,6049 - Autos,202606,2026-06-25,-245072.0,-216461.0,-13.22,Normal,Saldo del dia vs. dia con datos anterior (2026-06-23). Umbrales +-15% / +-30%.
saldo_ramo,6049,6049 - Autos,202606,2026-06-26,216461.0,-245072.0,188.33,Crítica,Saldo del dia vs. dia con datos anterior (2026-06-25). Umbrales +-15% / +-30%.
saldo_ramo,6049,6049 - Autos,202607,2026-07-01,-199620.0,216461.0,-192.22,Crítica,Saldo del dia vs. dia con datos anterior (2026-06-26). Umbrales +-15% / +-30%.
saldo_ramo,6049,6049 - Autos,202607,2026-07-03,557545.0,-199620.0,379.3,Crítica,Saldo del dia vs. dia con datos anterior (2026-07-01). Umbrales +-15% / +-30%.
saldo_ramo,6049,6049 - Autos,202607,2026-07-04,42053526.0,557545.0,7442.62,Crítica,Saldo del dia vs. dia con datos anterior (2026-07-03). Umbrales +-15% / +-30%.
saldo_ramo,6049,6049 - Autos,202607,2026-07-06,159813.0,42053526.0,-99.62,Crítica,Saldo del dia vs. dia con datos anterior (2026-07-04). Umbrales +-15% / +-30%.
saldo_ramo,6049,6049 - Autos,202607,2026-07-10,598860.0,159813.0,274.73,Crítica,Saldo del dia vs. dia con datos anterior (2026-07-06). Umbrales +-15% / +-30%.
saldo_ramo,6049,6049 - Autos,202607,2026-07-16,-598845.0,598860.0,-200.0,Crítica,Saldo del dia vs. dia con datos anterior (2026-07-10). Umbrales +-15% / +-30%.
saldo_ramo,6049,6049 - Autos,202607,2026-07-17,1.0,-598845.0,100.0,Crítica,Saldo del dia vs. dia con datos anterior (2026-07-16). Umbrales +-15% / +-30%.
saldo_ramo,6049,6049 - Autos,202607,2026-07-30,-209804.0,1.0,-20980500.0,Crítica,Saldo del dia vs. dia con datos anterior (2026-07-17). Umbrales +-15% / +-30%.
saldo_ramo,6049,6049 - Autos,202608,2026-08-01,42623922.0,-209804.0,20416.07,Crítica,Saldo del dia vs. dia con datos anterior (2026-07-30). Umbrales +-15% / +-30%.
saldo_ramo,6049,6049 - Autos,202608,2026-08-05,355360.0,42623922.0,-99.17,Crítica,Saldo del dia vs. dia con datos anterior (2026-08-01). Umbrales +-15% / +-30%.
saldo_ramo,6049,6049 - Autos,202608,2026-08-06,-216461.0,355360.0,-160.91,Crítica,Saldo del dia vs. dia con datos anterior (2026-08-05). Umbrales +-15% / +-30%.
saldo_ramo,6049,6049 - Autos,202608,2026-08-07,1423134.0,-216461.0,757.46,Crítica,Saldo del dia vs. dia con datos anterior (2026-08-06). Umbrales +-15% / +-30%.
saldo_ramo,6052,6052 - Vida,202605,2026-05-14,199393473.0,,,Sin base,Saldo del dia vs. dia con datos anterior (s/d). Umbrales +-15% / +-30%.
saldo_ramo,6052,6052 - Vida,202605,2026-05-15,-262959900.0,199393473.0,-231.88,Crítica,Saldo del dia vs. dia con datos anterior (2026-05-14). Umbrales +-15% / +-30%.
saldo_ramo,6052,6052 - Vida,202605,2026-05-19,4623087934.0,-262959900.0,1858.1,Crítica,Saldo del dia vs. dia con datos anterior (2026-05-15). Umbrales +-15% / +-30%.
saldo_ramo,6052,6052 - Vida,202605,2026-05-21,962413212.0,4623087934.0,-79.18,Crítica,Saldo del dia vs. dia con datos anterior (2026-05-19). Umbrales +-15% / +-30%.
saldo_ramo,6052,6052 - Vida,202605,2026-05-22,57483596.0,962413212.0,-94.03,Crítica,Saldo del dia vs. dia con datos anterior (2026-05-21). Umbrales +-15% / +-30%.
saldo_ramo,6052,6052 - Vida,202605,2026-05-25,3585369988.0,57483596.0,6137.21,Crítica,Saldo del dia vs. dia con datos anterior (2026-05-22). Umbrales +-15% / +-30%.
saldo_ramo,6052,6052 - Vida,202605,2026-05-26,307212840.0,3585369988.0,-91.43,Crítica,Saldo del dia vs. dia con datos anterior (2026-05-25). Umbrales +-15% / +-30%.
saldo_ramo,6052,6052 - Vida,202605,2026-05-27,122440714.0,307212840.0,-60.14,Crítica,Saldo del dia vs. dia con datos anterior (2026-05-26). Umbrales +-15% / +-30%.
saldo_ramo,6052,6052 - Vida,202605,2026-05-28,37484827.0,122440714.0,-69.39,Crítica,Saldo del dia vs. dia con datos anterior (2026-05-27). Umbrales +-15% / +-30%.
saldo_ramo,6052,6052 - Vida,202606,2026-06-09,21839704.0,37484827.0,-41.74,Crítica,Saldo del dia vs. dia con datos anterior (2026-05-28). Umbrales +-15% / +-30%.
saldo_ramo,6052,6052 - Vida,202606,2026-06-10,34410705.0,21839704.0,57.56,Crítica,Saldo del dia vs. dia con datos anterior (2026-06-09). Umbrales +-15% / +-30%.
saldo_ramo,6052,6052 - Vida,202606,2026-06-12,189995410.0,34410705.0,452.14,Crítica,Saldo del dia vs. dia con datos anterior (2026-06-10). Umbrales +-15% / +-30%.
saldo_ramo,6052,6052 - Vida,202606,2026-06-16,5661083488.0,189995410.0,2879.59,Crítica,Saldo del dia vs. dia con datos anterior (2026-06-12). Umbrales +-15% / +-30%.
saldo_ramo,6052,6052 - Vida,202606,2026-06-17,465186387.0,5661083488.0,-91.78,Crítica,Saldo del dia vs. dia con datos anterior (2026-06-16). Umbrales +-15% / +-30%.
saldo_ramo,6052,6052 - Vida,202606,2026-06-18,1507434254.0,465186387.0,224.05,Crítica,Saldo del dia vs. dia con datos anterior (2026-06-17). Umbrales +-15% / +-30%.
saldo_ramo,6052,6052 - Vida,202606,2026-06-19,1498916603.0,1507434254.0,-0.57,Normal,Saldo del dia vs. dia con datos anterior (2026-06-18). Umbrales +-15% / +-30%.
saldo_ramo,6052,6052 - Vida,202606,2026-06-22,-28122687.0,1498916603.0,-101.88,Crítica,Saldo del dia vs. dia con datos anterior (2026-06-19). Umbrales +-15% / +-30%.
saldo_ramo,6052,6052 - Vida,202606,2026-06-24,1972690705.0,-28122687.0,7114.59,Crítica,Saldo del dia vs. dia con datos anterior (2026-06-22). Umbrales +-15% / +-30%.
saldo_ramo,6052,6052 - Vida,202606,2026-06-25,149267489.0,1972690705.0,-92.43,Crítica,Saldo del dia vs. dia con datos anterior (2026-06-24). Umbrales +-15% / +-30%.
saldo_ramo,6052,6052 - Vida,202606,2026-06-30,64853036.0,149267489.0,-56.55,Crítica,Saldo del dia vs. dia con datos anterior (2026-06-25). Umbrales +-15% / +-30%.
saldo_ramo,6052,6052 - Vida,202607,2026-07-03,1524590.0,64853036.0,-97.65,Crítica,Saldo del dia vs. dia con datos anterior (2026-06-30). Umbrales +-15% / +-30%.
saldo_ramo,6052,6052 - Vida,202607,2026-07-06,54087677.0,1524590.0,3447.69,Crítica,Saldo del dia vs. dia con datos anterior (2026-07-03). Umbrales +-15% / +-30%.
saldo_ramo,6052,6052 - Vida,202607,2026-07-07,15157.0,54087677.0,-99.97,Crítica,Saldo del dia vs. dia con datos anterior (2026-07-06). Umbrales +-15% / +-30%.
saldo_ramo,6052,6052 - Vida,202607,2026-07-09,185198670.0,15157.0,1221768.91,Crítica,Saldo del dia vs. dia con datos anterior (2026-07-07). Umbrales +-15% / +-30%.
saldo_ramo,6052,6052 - Vida,202607,2026-07-10,667188683.0,185198670.0,260.26,Crítica,Saldo del dia vs. dia con datos anterior (2026-07-09). Umbrales +-15% / +-30%.
saldo_ramo,6052,6052 - Vida,202607,2026-07-14,398946000.0,667188683.0,-40.2,Crítica,Saldo del dia vs. dia con datos anterior (2026-07-10). Umbrales +-15% / +-30%.
saldo_ramo,6052,6052 - Vida,202607,2026-07-15,355737789.0,398946000.0,-10.83,Normal,Saldo del dia vs. dia con datos anterior (2026-07-14). Umbrales +-15% / +-30%.
saldo_ramo,6052,6052 - Vida,202607,2026-07-16,5168194.0,355737789.0,-98.55,Crítica,Saldo del dia vs. dia con datos anterior (2026-07-15). Umbrales +-15% / +-30%.
saldo_ramo,6052,6052 - Vida,202607,2026-07-17,1795183565.0,5168194.0,34635.22,Crítica,Saldo del dia vs. dia con datos anterior (2026-07-16). Umbrales +-15% / +-30%.
saldo_ramo,6052,6052 - Vida,202607,2026-07-21,432770318.0,1795183565.0,-75.89,Crítica,Saldo del dia vs. dia con datos anterior (2026-07-17). Umbrales +-15% / +-30%.
saldo_ramo,6052,6052 - Vida,202607,2026-07-22,4977995183.0,432770318.0,1050.26,Crítica,Saldo del dia vs. dia con datos anterior (2026-07-21). Umbrales +-15% / +-30%.
saldo_ramo,6052,6052 - Vida,202607,2026-07-23,1985619256.0,4977995183.0,-60.11,Crítica,Saldo del dia vs. dia con datos anterior (2026-07-22). Umbrales +-15% / +-30%.
saldo_ramo,6052,6052 - Vida,202607,2026-07-24,787207533.0,1985619256.0,-60.35,Crítica,Saldo del dia vs. dia con datos anterior (2026-07-23). Umbrales +-15% / +-30%.
saldo_ramo,6052,6052 - Vida,202607,2026-07-27,21102173.0,787207533.0,-97.32,Crítica,Saldo del dia vs. dia con datos anterior (2026-07-24). Umbrales +-15% / +-30%.
saldo_ramo,6052,6052 - Vida,202608,2026-08-04,393216800.0,21102173.0,1763.39,Crítica,Saldo del dia vs. dia con datos anterior (2026-07-27). Umbrales +-15% / +-30%.
saldo_ramo,6052,6052 - Vida,202608,2026-08-05,14865.0,393216800.0,-100.0,Crítica,Saldo del dia vs. dia con datos anterior (2026-08-04). Umbrales +-15% / +-30%.
saldo_ramo,6060,6060 - Autos,202605,2026-05-21,-1167076.0,,,Sin base,Saldo del dia vs. dia con datos anterior (s/d). Umbrales +-15% / +-30%.
saldo_ramo,6060,6060 - Autos,202605,2026-05-25,-1015135.0,-1167076.0,13.02,Normal,Saldo del dia vs. dia con datos anterior (2026-05-21). Umbrales +-15% / +-30%.
saldo_ramo,6060,6060 - Autos,202605,2026-05-27,1260161.0,-1015135.0,224.14,Crítica,Saldo del dia vs. dia con datos anterior (2026-05-25). Umbrales +-15% / +-30%.
saldo_ramo,6060,6060 - Autos,202605,2026-05-28,7238745.0,1260161.0,474.43,Crítica,Saldo del dia vs. dia con datos anterior (2026-05-27). Umbrales +-15% / +-30%.
saldo_ramo,6060,6060 - Autos,202606,2026-06-09,-223328.0,7238745.0,-103.09,Crítica,Saldo del dia vs. dia con datos anterior (2026-05-28). Umbrales +-15% / +-30%.
saldo_ramo,6060,6060 - Autos,202606,2026-06-25,8342682.0,-223328.0,3835.62,Crítica,Saldo del dia vs. dia con datos anterior (2026-06-09). Umbrales +-15% / +-30%.
saldo_ramo,6060,6060 - Autos,202607,2026-07-01,-1407513.0,8342682.0,-116.87,Crítica,Saldo del dia vs. dia con datos anterior (2026-06-25). Umbrales +-15% / +-30%.
saldo_ramo,6060,6060 - Autos,202607,2026-07-06,-2218038.0,-1407513.0,-57.59,Crítica,Saldo del dia vs. dia con datos anterior (2026-07-01). Umbrales +-15% / +-30%.
saldo_ramo,6060,6060 - Autos,202607,2026-07-22,1710256.0,-2218038.0,177.11,Crítica,Saldo del dia vs. dia con datos anterior (2026-07-06). Umbrales +-15% / +-30%.
saldo_ramo,6060,6060 - Autos,202607,2026-07-24,9022376.0,1710256.0,427.55,Crítica,Saldo del dia vs. dia con datos anterior (2026-07-22). Umbrales +-15% / +-30%.
saldo_ramo,6061,6061 - Autos,202605,2026-05-26,-78534.0,,,Sin base,Saldo del dia vs. dia con datos anterior (s/d). Umbrales +-15% / +-30%.
saldo_ramo,6061,6061 - Autos,202605,2026-05-27,123239.0,-78534.0,256.92,Crítica,Saldo del dia vs. dia con datos anterior (2026-05-26). Umbrales +-15% / +-30%.
saldo_ramo,6061,6061 - Autos,202605,2026-05-28,-1709525.0,123239.0,-1487.16,Crítica,Saldo del dia vs. dia con datos anterior (2026-05-27). Umbrales +-15% / +-30%.
saldo_ramo,6061,6061 - Autos,202606,2026-06-02,-898666.0,-1709525.0,47.43,Crítica,Saldo del dia vs. dia con datos anterior (2026-05-28). Umbrales +-15% / +-30%.
saldo_ramo,6061,6061 - Autos,202606,2026-06-03,-85097.0,-898666.0,90.53,Crítica,Saldo del dia vs. dia con datos anterior (2026-06-02). Umbrales +-15% / +-30%.
saldo_ramo,6061,6061 - Autos,202606,2026-06-04,-76930.0,-85097.0,9.6,Normal,Saldo del dia vs. dia con datos anterior (2026-06-03). Umbrales +-15% / +-30%.
saldo_ramo,6061,6061 - Autos,202606,2026-06-05,66197416.0,-76930.0,86148.9,Crítica,Saldo del dia vs. dia con datos anterior (2026-06-04). Umbrales +-15% / +-30%.
saldo_ramo,6061,6061 - Autos,202606,2026-06-09,-483623.0,66197416.0,-100.73,Crítica,Saldo del dia vs. dia con datos anterior (2026-06-05). Umbrales +-15% / +-30%.
saldo_ramo,6061,6061 - Autos,202606,2026-06-10,-220578.0,-483623.0,54.39,Crítica,Saldo del dia vs. dia con datos anterior (2026-06-09). Umbrales +-15% / +-30%.
saldo_ramo,6061,6061 - Autos,202606,2026-06-12,-482529.0,-220578.0,-118.76,Crítica,Saldo del dia vs. dia con datos anterior (2026-06-10). Umbrales +-15% / +-30%.
saldo_ramo,6061,6061 - Autos,202606,2026-06-17,-151464.0,-482529.0,68.61,Crítica,Saldo del dia vs. dia con datos anterior (2026-06-12). Umbrales +-15% / +-30%.
saldo_ramo,6061,6061 - Autos,202606,2026-06-22,-672532.0,-151464.0,-344.02,Crítica,Saldo del dia vs. dia con datos anterior (2026-06-17). Umbrales +-15% / +-30%.
saldo_ramo,6061,6061 - Autos,202606,2026-06-23,-168133.0,-672532.0,75.0,Crítica,Saldo del dia vs. dia con datos anterior (2026-06-22). Umbrales +-15% / +-30%.
saldo_ramo,6061,6061 - Autos,202606,2026-06-24,-43650.0,-168133.0,74.04,Crítica,Saldo del dia vs. dia con datos anterior (2026-06-23). Umbrales +-15% / +-30%.
saldo_ramo,6061,6061 - Autos,202606,2026-06-25,-502174.0,-43650.0,-1050.46,Crítica,Saldo del dia vs. dia con datos anterior (2026-06-24). Umbrales +-15% / +-30%.
saldo_ramo,6061,6061 - Autos,202606,2026-06-26,-75991.0,-502174.0,84.87,Crítica,Saldo del dia vs. dia con datos anterior (2026-06-25). Umbrales +-15% / +-30%.
saldo_ramo,6061,6061 - Autos,202606,2026-06-28,-415605.0,-75991.0,-446.91,Crítica,Saldo del dia vs. dia con datos anterior (2026-06-26). Umbrales +-15% / +-30%.
saldo_ramo,6061,6061 - Autos,202607,2026-07-03,64232100.0,-415605.0,15555.08,Crítica,Saldo del dia vs. dia con datos anterior (2026-06-28). Umbrales +-15% / +-30%.
saldo_ramo,6061,6061 - Autos,202607,2026-07-07,-4018534.0,64232100.0,-106.26,Crítica,Saldo del dia vs. dia con datos anterior (2026-07-03). Umbrales +-15% / +-30%.
saldo_ramo,6061,6061 - Autos,202607,2026-07-08,-86882.0,-4018534.0,97.84,Crítica,Saldo del dia vs. dia con datos anterior (2026-07-07). Umbrales +-15% / +-30%.
saldo_ramo,6061,6061 - Autos,202607,2026-07-14,-91466.0,-86882.0,-5.28,Normal,Saldo del dia vs. dia con datos anterior (2026-07-08). Umbrales +-15% / +-30%.
saldo_ramo,6061,6061 - Autos,202607,2026-07-15,-201288.0,-91466.0,-120.07,Crítica,Saldo del dia vs. dia con datos anterior (2026-07-14). Umbrales +-15% / +-30%.
saldo_ramo,6061,6061 - Autos,202607,2026-07-17,-49655.0,-201288.0,75.33,Crítica,Saldo del dia vs. dia con datos anterior (2026-07-15). Umbrales +-15% / +-30%.
saldo_ramo,6061,6061 - Autos,202607,2026-07-21,-91895.0,-49655.0,-85.07,Crítica,Saldo del dia vs. dia con datos anterior (2026-07-17). Umbrales +-15% / +-30%.
saldo_ramo,6061,6061 - Autos,202607,2026-07-23,-64838.0,-91895.0,29.44,Advertencia,Saldo del dia vs. dia con datos anterior (2026-07-21). Umbrales +-15% / +-30%.
saldo_ramo,6061,6061 - Autos,202607,2026-07-27,145828.0,-64838.0,324.91,Crítica,Saldo del dia vs. dia con datos anterior (2026-07-23). Umbrales +-15% / +-30%.
saldo_ramo,6061,6061 - Autos,202607,2026-07-28,-110775.0,145828.0,-175.96,Crítica,Saldo del dia vs. dia con datos anterior (2026-07-27). Umbrales +-15% / +-30%.
saldo_ramo,6061,6061 - Autos,202607,2026-07-29,-428584.0,-110775.0,-286.9,Crítica,Saldo del dia vs. dia con datos anterior (2026-07-28). Umbrales +-15% / +-30%.
saldo_ramo,6061,6061 - Autos,202607,2026-07-30,-1623489.0,-428584.0,-278.8,Crítica,Saldo del dia vs. dia con datos anterior (2026-07-29). Umbrales +-15% / +-30%.
saldo_ramo,6061,6061 - Autos,202607,2026-07-31,-104681.0,-1623489.0,93.55,Crítica,Saldo del dia vs. dia con datos anterior (2026-07-30). Umbrales +-15% / +-30%.
saldo_ramo,6061,6061 - Autos,202608,2026-08-11,62223402.0,-104681.0,59540.97,Crítica,Saldo del dia vs. dia con datos anterior (2026-07-31). Umbrales +-15% / +-30%.
saldo_ramo,6071,6071 - Hogar,202605,2026-05-14,10633863.0,,,Sin base,Saldo del dia vs. dia con datos anterior (s/d). Umbrales +-15% / +-30%.
saldo_ramo,6071,6071 - Hogar,202605,2026-05-19,2215944.0,10633863.0,-79.16,Crítica,Saldo del dia vs. dia con datos anterior (2026-05-14). Umbrales +-15% / +-30%.
saldo_ramo,6071,6071 - Hogar,202605,2026-05-20,220518254.0,2215944.0,9851.44,Crítica,Saldo del dia vs. dia con datos anterior (2026-05-19). Umbrales +-15% / +-30%.
saldo_ramo,6071,6071 - Hogar,202605,2026-05-21,94367755.0,220518254.0,-57.21,Crítica,Saldo del dia vs. dia con datos anterior (2026-05-20). Umbrales +-15% / +-30%.
saldo_ramo,6071,6071 - Hogar,202605,2026-05-25,-78468.0,94367755.0,-100.08,Crítica,Saldo del dia vs. dia con datos anterior (2026-05-21). Umbrales +-15% / +-30%.
saldo_ramo,6071,6071 - Hogar,202605,2026-05-26,-1.0,-78468.0,100.0,Crítica,Saldo del dia vs. dia con datos anterior (2026-05-25). Umbrales +-15% / +-30%.
saldo_ramo,6071,6071 - Hogar,202605,2026-05-28,-184444.0,-1.0,-18444300.0,Crítica,Saldo del dia vs. dia con datos anterior (2026-05-26). Umbrales +-15% / +-30%.
saldo_ramo,6071,6071 - Hogar,202605,2026-05-29,34310.0,-184444.0,118.6,Crítica,Saldo del dia vs. dia con datos anterior (2026-05-28). Umbrales +-15% / +-30%.
saldo_ramo,6071,6071 - Hogar,202606,2026-06-01,-36383.0,34310.0,-206.04,Crítica,Saldo del dia vs. dia con datos anterior (2026-05-29). Umbrales +-15% / +-30%.
saldo_ramo,6071,6071 - Hogar,202606,2026-06-04,29753.0,-36383.0,181.78,Crítica,Saldo del dia vs. dia con datos anterior (2026-06-01). Umbrales +-15% / +-30%.
saldo_ramo,6071,6071 - Hogar,202606,2026-06-05,17415.0,29753.0,-41.47,Crítica,Saldo del dia vs. dia con datos anterior (2026-06-04). Umbrales +-15% / +-30%.
saldo_ramo,6071,6071 - Hogar,202606,2026-06-06,6154094.0,17415.0,35237.89,Crítica,Saldo del dia vs. dia con datos anterior (2026-06-05). Umbrales +-15% / +-30%.
saldo_ramo,6071,6071 - Hogar,202606,2026-06-09,93818167.0,6154094.0,1424.48,Crítica,Saldo del dia vs. dia con datos anterior (2026-06-06). Umbrales +-15% / +-30%.
saldo_ramo,6071,6071 - Hogar,202606,2026-06-10,2283497.0,93818167.0,-97.57,Crítica,Saldo del dia vs. dia con datos anterior (2026-06-09). Umbrales +-15% / +-30%.
saldo_ramo,6071,6071 - Hogar,202606,2026-06-11,1390539.0,2283497.0,-39.1,Crítica,Saldo del dia vs. dia con datos anterior (2026-06-10). Umbrales +-15% / +-30%.
saldo_ramo,6071,6071 - Hogar,202606,2026-06-12,8131614.0,1390539.0,484.78,Crítica,Saldo del dia vs. dia con datos anterior (2026-06-11). Umbrales +-15% / +-30%.
saldo_ramo,6071,6071 - Hogar,202606,2026-06-16,70588.0,8131614.0,-99.13,Crítica,Saldo del dia vs. dia con datos anterior (2026-06-12). Umbrales +-15% / +-30%.
saldo_ramo,6071,6071 - Hogar,202606,2026-06-19,104603606.0,70588.0,148088.94,Crítica,Saldo del dia vs. dia con datos anterior (2026-06-16). Umbrales +-15% / +-30%.
saldo_ramo,6071,6071 - Hogar,202606,2026-06-22,244647336.0,104603606.0,133.88,Crítica,Saldo del dia vs. dia con datos anterior (2026-06-19). Umbrales +-15% / +-30%.
saldo_ramo,6071,6071 - Hogar,202606,2026-06-30,-240306.0,244647336.0,-100.1,Crítica,Saldo del dia vs. dia con datos anterior (2026-06-22). Umbrales +-15% / +-30%.
saldo_ramo,6071,6071 - Hogar,202607,2026-07-01,-141743.0,-240306.0,41.02,Crítica,Saldo del dia vs. dia con datos anterior (2026-06-30). Umbrales +-15% / +-30%.
saldo_ramo,6071,6071 - Hogar,202607,2026-07-04,6071670.0,-141743.0,4383.58,Crítica,Saldo del dia vs. dia con datos anterior (2026-07-01). Umbrales +-15% / +-30%.
saldo_ramo,6071,6071 - Hogar,202607,2026-07-07,917644.0,6071670.0,-84.89,Crítica,Saldo del dia vs. dia con datos anterior (2026-07-04). Umbrales +-15% / +-30%.
saldo_ramo,6071,6071 - Hogar,202607,2026-07-10,60505.0,917644.0,-93.41,Crítica,Saldo del dia vs. dia con datos anterior (2026-07-07). Umbrales +-15% / +-30%.
saldo_ramo,6071,6071 - Hogar,202607,2026-07-14,5233390.0,60505.0,8549.52,Crítica,Saldo del dia vs. dia con datos anterior (2026-07-10). Umbrales +-15% / +-30%.
saldo_ramo,6071,6071 - Hogar,202607,2026-07-15,9934563.0,5233390.0,89.83,Crítica,Saldo del dia vs. dia con datos anterior (2026-07-14). Umbrales +-15% / +-30%.
saldo_ramo,6071,6071 - Hogar,202607,2026-07-16,-176898.0,9934563.0,-101.78,Crítica,Saldo del dia vs. dia con datos anterior (2026-07-15). Umbrales +-15% / +-30%.
saldo_ramo,6071,6071 - Hogar,202607,2026-07-17,302930.0,-176898.0,271.25,Crítica,Saldo del dia vs. dia con datos anterior (2026-07-16). Umbrales +-15% / +-30%.
saldo_ramo,6071,6071 - Hogar,202607,2026-07-21,3920990.0,302930.0,1194.36,Crítica,Saldo del dia vs. dia con datos anterior (2026-07-17). Umbrales +-15% / +-30%.
saldo_ramo,6071,6071 - Hogar,202607,2026-07-22,241963996.0,3920990.0,6070.99,Crítica,Saldo del dia vs. dia con datos anterior (2026-07-21). Umbrales +-15% / +-30%.
saldo_ramo,6071,6071 - Hogar,202607,2026-07-23,101592037.0,241963996.0,-58.01,Crítica,Saldo del dia vs. dia con datos anterior (2026-07-22). Umbrales +-15% / +-30%.
saldo_ramo,6071,6071 - Hogar,202607,2026-07-27,-18654.0,101592037.0,-100.02,Crítica,Saldo del dia vs. dia con datos anterior (2026-07-23). Umbrales +-15% / +-30%.
saldo_ramo,6071,6071 - Hogar,202607,2026-07-28,4131299.0,-18654.0,22246.99,Crítica,Saldo del dia vs. dia con datos anterior (2026-07-27). Umbrales +-15% / +-30%.
saldo_ramo,6071,6071 - Hogar,202607,2026-07-29,273598.0,4131299.0,-93.38,Crítica,Saldo del dia vs. dia con datos anterior (2026-07-28). Umbrales +-15% / +-30%.
saldo_ramo,6071,6071 - Hogar,202607,2026-07-30,124101.0,273598.0,-54.64,Crítica,Saldo del dia vs. dia con datos anterior (2026-07-29). Umbrales +-15% / +-30%.
saldo_ramo,6071,6071 - Hogar,202607,2026-07-31,2752629.0,124101.0,2118.06,Crítica,Saldo del dia vs. dia con datos anterior (2026-07-30). Umbrales +-15% / +-30%.
saldo_ramo,6071,6071 - Hogar,202608,2026-08-01,5728983.0,2752629.0,108.13,Crítica,Saldo del dia vs. dia con datos anterior (2026-07-31). Umbrales +-15% / +-30%.
saldo_ramo,6071,6071 - Hogar,202608,2026-08-04,122837.0,5728983.0,-97.86,Crítica,Saldo del dia vs. dia con datos anterior (2026-08-01). Umbrales +-15% / +-30%.
saldo_ramo,6071,6071 - Hogar,202608,2026-08-06,5897330.0,122837.0,4700.94,Crítica,Saldo del dia vs. dia con datos anterior (2026-08-04). Umbrales +-15% / +-30%.
saldo_ramo,6071,6071 - Hogar,202608,2026-08-07,122837.0,5897330.0,-97.92,Crítica,Saldo del dia vs. dia con datos anterior (2026-08-06). Umbrales +-15% / +-30%.
saldo_ramo,6071,6071 - Hogar,202608,2026-08-10,4606322.0,122837.0,3649.95,Crítica,Saldo del dia vs. dia con datos anterior (2026-08-07). Umbrales +-15% / +-30%.
saldo_ramo,70107,70107 - Transporte / Navegación,202605,2026-05-14,16098395.0,,,Sin base,Saldo del dia vs. dia con datos anterior (s/d). Umbrales +-15% / +-30%.
saldo_ramo,70107,70107 - Transporte / Navegación,202605,2026-05-15,15374870.0,16098395.0,-4.49,Normal,Saldo del dia vs. dia con datos anterior (2026-05-14). Umbrales +-15% / +-30%.
saldo_ramo,70107,70107 - Transporte / Navegación,202605,2026-05-19,49071562.0,15374870.0,219.17,Crítica,Saldo del dia vs. dia con datos anterior (2026-05-15). Umbrales +-15% / +-30%.
saldo_ramo,70107,70107 - Transporte / Navegación,202605,2026-05-20,62959954.0,49071562.0,28.3,Advertencia,Saldo del dia vs. dia con datos anterior (2026-05-19). Umbrales +-15% / +-30%.
saldo_ramo,70107,70107 - Transporte / Navegación,202605,2026-05-21,-59934968.0,62959954.0,-195.2,Crítica,Saldo del dia vs. dia con datos anterior (2026-05-20). Umbrales +-15% / +-30%.
saldo_ramo,70107,70107 - Transporte / Navegación,202605,2026-05-22,5828803.0,-59934968.0,109.73,Crítica,Saldo del dia vs. dia con datos anterior (2026-05-21). Umbrales +-15% / +-30%.
saldo_ramo,70107,70107 - Transporte / Navegación,202605,2026-05-25,88792007.0,5828803.0,1423.33,Crítica,Saldo del dia vs. dia con datos anterior (2026-05-22). Umbrales +-15% / +-30%.
saldo_ramo,70107,70107 - Transporte / Navegación,202605,2026-05-26,-104676.0,88792007.0,-100.12,Crítica,Saldo del dia vs. dia con datos anterior (2026-05-25). Umbrales +-15% / +-30%.
saldo_ramo,70107,70107 - Transporte / Navegación,202605,2026-05-27,40688214.0,-104676.0,38970.62,Crítica,Saldo del dia vs. dia con datos anterior (2026-05-26). Umbrales +-15% / +-30%.
saldo_ramo,70107,70107 - Transporte / Navegación,202605,2026-05-28,16403171.0,40688214.0,-59.69,Crítica,Saldo del dia vs. dia con datos anterior (2026-05-27). Umbrales +-15% / +-30%.
saldo_ramo,70107,70107 - Transporte / Navegación,202605,2026-05-29,10868292.0,16403171.0,-33.74,Crítica,Saldo del dia vs. dia con datos anterior (2026-05-28). Umbrales +-15% / +-30%.
saldo_ramo,70107,70107 - Transporte / Navegación,202606,2026-06-01,-1910296.0,10868292.0,-117.58,Crítica,Saldo del dia vs. dia con datos anterior (2026-05-29). Umbrales +-15% / +-30%.
saldo_ramo,70107,70107 - Transporte / Navegación,202606,2026-06-02,-5419312.0,-1910296.0,-183.69,Crítica,Saldo del dia vs. dia con datos anterior (2026-06-01). Umbrales +-15% / +-30%.
saldo_ramo,70107,70107 - Transporte / Navegación,202606,2026-06-03,7135468.0,-5419312.0,231.67,Crítica,Saldo del dia vs. dia con datos anterior (2026-06-02). Umbrales +-15% / +-30%.
saldo_ramo,70107,70107 - Transporte / Navegación,202606,2026-06-04,-2797876.0,7135468.0,-139.21,Crítica,Saldo del dia vs. dia con datos anterior (2026-06-03). Umbrales +-15% / +-30%.
saldo_ramo,70107,70107 - Transporte / Navegación,202606,2026-06-05,196725803.0,-2797876.0,7131.26,Crítica,Saldo del dia vs. dia con datos anterior (2026-06-04). Umbrales +-15% / +-30%.
saldo_ramo,70107,70107 - Transporte / Navegación,202606,2026-06-09,32577957.0,196725803.0,-83.44,Crítica,Saldo del dia vs. dia con datos anterior (2026-06-05). Umbrales +-15% / +-30%.
saldo_ramo,70107,70107 - Transporte / Navegación,202606,2026-06-10,20401502.0,32577957.0,-37.38,Crítica,Saldo del dia vs. dia con datos anterior (2026-06-09). Umbrales +-15% / +-30%.
saldo_ramo,70107,70107 - Transporte / Navegación,202606,2026-06-11,9626190.0,20401502.0,-52.82,Crítica,Saldo del dia vs. dia con datos anterior (2026-06-10). Umbrales +-15% / +-30%.
saldo_ramo,70107,70107 - Transporte / Navegación,202606,2026-06-12,24448075.0,9626190.0,153.97,Crítica,Saldo del dia vs. dia con datos anterior (2026-06-11). Umbrales +-15% / +-30%.
saldo_ramo,70107,70107 - Transporte / Navegación,202606,2026-06-16,-22200003.0,24448075.0,-190.8,Crítica,Saldo del dia vs. dia con datos anterior (2026-06-12). Umbrales +-15% / +-30%.
saldo_ramo,70107,70107 - Transporte / Navegación,202606,2026-06-17,4364688.0,-22200003.0,119.66,Crítica,Saldo del dia vs. dia con datos anterior (2026-06-16). Umbrales +-15% / +-30%.
saldo_ramo,70107,70107 - Transporte / Navegación,202606,2026-06-18,30143647.0,4364688.0,590.63,Crítica,Saldo del dia vs. dia con datos anterior (2026-06-17). Umbrales +-15% / +-30%.
saldo_ramo,70107,70107 - Transporte / Navegación,202606,2026-06-19,2672240.0,30143647.0,-91.13,Crítica,Saldo del dia vs. dia con datos anterior (2026-06-18). Umbrales +-15% / +-30%.
saldo_ramo,70107,70107 - Transporte / Navegación,202606,2026-06-22,4090282.0,2672240.0,53.07,Crítica,Saldo del dia vs. dia con datos anterior (2026-06-19). Umbrales +-15% / +-30%.
saldo_ramo,70107,70107 - Transporte / Navegación,202606,2026-06-23,17480855.0,4090282.0,327.38,Crítica,Saldo del dia vs. dia con datos anterior (2026-06-22). Umbrales +-15% / +-30%.
saldo_ramo,70107,70107 - Transporte / Navegación,202606,2026-06-24,7732181.0,17480855.0,-55.77,Crítica,Saldo del dia vs. dia con datos anterior (2026-06-23). Umbrales +-15% / +-30%.
saldo_ramo,70107,70107 - Transporte / Navegación,202606,2026-06-25,65981335.0,7732181.0,753.33,Crítica,Saldo del dia vs. dia con datos anterior (2026-06-24). Umbrales +-15% / +-30%.
saldo_ramo,70107,70107 - Transporte / Navegación,202606,2026-06-26,46770282.0,65981335.0,-29.12,Advertencia,Saldo del dia vs. dia con datos anterior (2026-06-25). Umbrales +-15% / +-30%.
saldo_ramo,70107,70107 - Transporte / Navegación,202606,2026-06-30,22778919.0,46770282.0,-51.3,Crítica,Saldo del dia vs. dia con datos anterior (2026-06-26). Umbrales +-15% / +-30%.
saldo_ramo,70107,70107 - Transporte / Navegación,202607,2026-07-01,8553600.0,22778919.0,-62.45,Crítica,Saldo del dia vs. dia con datos anterior (2026-06-30). Umbrales +-15% / +-30%.
saldo_ramo,70107,70107 - Transporte / Navegación,202607,2026-07-02,-140612387.0,8553600.0,-1743.9,Crítica,Saldo del dia vs. dia con datos anterior (2026-07-01). Umbrales +-15% / +-30%.
saldo_ramo,70107,70107 - Transporte / Navegación,202607,2026-07-03,169275233.0,-140612387.0,220.38,Crítica,Saldo del dia vs. dia con datos anterior (2026-07-02). Umbrales +-15% / +-30%.
saldo_ramo,70107,70107 - Transporte / Navegación,202607,2026-07-06,12960994.0,169275233.0,-92.34,Crítica,Saldo del dia vs. dia con datos anterior (2026-07-03). Umbrales +-15% / +-30%.
saldo_ramo,70107,70107 - Transporte / Navegación,202607,2026-07-07,71405272.0,12960994.0,450.92,Crítica,Saldo del dia vs. dia con datos anterior (2026-07-06). Umbrales +-15% / +-30%.
saldo_ramo,70107,70107 - Transporte / Navegación,202607,2026-07-08,35906551.0,71405272.0,-49.71,Crítica,Saldo del dia vs. dia con datos anterior (2026-07-07). Umbrales +-15% / +-30%.
saldo_ramo,70107,70107 - Transporte / Navegación,202607,2026-07-09,-5904131.0,35906551.0,-116.44,Crítica,Saldo del dia vs. dia con datos anterior (2026-07-08). Umbrales +-15% / +-30%.
saldo_ramo,70107,70107 - Transporte / Navegación,202607,2026-07-10,3445677.0,-5904131.0,158.36,Crítica,Saldo del dia vs. dia con datos anterior (2026-07-09). Umbrales +-15% / +-30%.
saldo_ramo,70107,70107 - Transporte / Navegación,202607,2026-07-13,-2856340.0,3445677.0,-182.9,Crítica,Saldo del dia vs. dia con datos anterior (2026-07-10). Umbrales +-15% / +-30%.
saldo_ramo,70107,70107 - Transporte / Navegación,202607,2026-07-14,37824686.0,-2856340.0,1424.24,Crítica,Saldo del dia vs. dia con datos anterior (2026-07-13). Umbrales +-15% / +-30%.
saldo_ramo,70107,70107 - Transporte / Navegación,202607,2026-07-15,-1091527.0,37824686.0,-102.89,Crítica,Saldo del dia vs. dia con datos anterior (2026-07-14). Umbrales +-15% / +-30%.
saldo_ramo,70107,70107 - Transporte / Navegación,202607,2026-07-16,29257115.0,-1091527.0,2780.38,Crítica,Saldo del dia vs. dia con datos anterior (2026-07-15). Umbrales +-15% / +-30%.
saldo_ramo,70107,70107 - Transporte / Navegación,202607,2026-07-17,12348063.0,29257115.0,-57.79,Crítica,Saldo del dia vs. dia con datos anterior (2026-07-16). Umbrales +-15% / +-30%.
saldo_ramo,70107,70107 - Transporte / Navegación,202607,2026-07-19,4800000.0,12348063.0,-61.13,Crítica,Saldo del dia vs. dia con datos anterior (2026-07-17). Umbrales +-15% / +-30%.
saldo_ramo,70107,70107 - Transporte / Navegación,202607,2026-07-21,-26754519.0,4800000.0,-657.39,Crítica,Saldo del dia vs. dia con datos anterior (2026-07-19). Umbrales +-15% / +-30%.
saldo_ramo,70107,70107 - Transporte / Navegación,202607,2026-07-22,36900359.0,-26754519.0,237.92,Crítica,Saldo del dia vs. dia con datos anterior (2026-07-21). Umbrales +-15% / +-30%.
saldo_ramo,70107,70107 - Transporte / Navegación,202607,2026-07-23,1199989.0,36900359.0,-96.75,Crítica,Saldo del dia vs. dia con datos anterior (2026-07-22). Umbrales +-15% / +-30%.
saldo_ramo,70107,70107 - Transporte / Navegación,202607,2026-07-24,8823369.0,1199989.0,635.29,Crítica,Saldo del dia vs. dia con datos anterior (2026-07-23). Umbrales +-15% / +-30%.
saldo_ramo,70107,70107 - Transporte / Navegación,202607,2026-07-27,24146280.0,8823369.0,173.66,Crítica,Saldo del dia vs. dia con datos anterior (2026-07-24). Umbrales +-15% / +-30%.
saldo_ramo,70107,70107 - Transporte / Navegación,202607,2026-07-28,61984634.0,24146280.0,156.7,Crítica,Saldo del dia vs. dia con datos anterior (2026-07-27). Umbrales +-15% / +-30%.
saldo_ramo,70107,70107 - Transporte / Navegación,202607,2026-07-29,18263803.0,61984634.0,-70.53,Crítica,Saldo del dia vs. dia con datos anterior (2026-07-28). Umbrales +-15% / +-30%.
saldo_ramo,70107,70107 - Transporte / Navegación,202607,2026-07-30,21688435.0,18263803.0,18.75,Advertencia,Saldo del dia vs. dia con datos anterior (2026-07-29). Umbrales +-15% / +-30%.
saldo_ramo,70107,70107 - Transporte / Navegación,202607,2026-07-31,18082698.0,21688435.0,-16.63,Advertencia,Saldo del dia vs. dia con datos anterior (2026-07-30). Umbrales +-15% / +-30%.
saldo_ramo,70107,70107 - Transporte / Navegación,202608,2026-08-01,136732803.0,18082698.0,656.15,Crítica,Saldo del dia vs. dia con datos anterior (2026-07-31). Umbrales +-15% / +-30%.
saldo_ramo,70107,70107 - Transporte / Navegación,202608,2026-08-03,8478285.0,136732803.0,-93.8,Crítica,Saldo del dia vs. dia con datos anterior (2026-08-01). Umbrales +-15% / +-30%.
saldo_ramo,70107,70107 - Transporte / Navegación,202608,2026-08-04,9177205.0,8478285.0,8.24,Normal,Saldo del dia vs. dia con datos anterior (2026-08-03). Umbrales +-15% / +-30%.
saldo_ramo,70107,70107 - Transporte / Navegación,202608,2026-08-05,3496072.0,9177205.0,-61.9,Crítica,Saldo del dia vs. dia con datos anterior (2026-08-04). Umbrales +-15% / +-30%.
saldo_ramo,70107,70107 - Transporte / Navegación,202608,2026-08-06,6172445.0,3496072.0,76.55,Crítica,Saldo del dia vs. dia con datos anterior (2026-08-05). Umbrales +-15% / +-30%.
saldo_ramo,70107,70107 - Transporte / Navegación,202608,2026-08-07,2789625.0,6172445.0,-54.81,Crítica,Saldo del dia vs. dia con datos anterior (2026-08-06). Umbrales +-15% / +-30%.
saldo_ramo,70107,70107 - Transporte / Navegación,202608,2026-08-10,-3839526.0,2789625.0,-237.64,Crítica,Saldo del dia vs. dia con datos anterior (2026-08-07). Umbrales +-15% / +-30%.
saldo_ramo,70107,70107 - Transporte / Navegación,202608,2026-08-11,48052685.0,-3839526.0,1351.53,Crítica,Saldo del dia vs. dia con datos anterior (2026-08-10). Umbrales +-15% / +-30%.
saldo_ramo,70108,70108 - Transporte / Navegación,202605,2026-05-14,-3361.0,,,Sin base,Saldo del dia vs. dia con datos anterior (s/d). Umbrales +-15% / +-30%.
saldo_ramo,70108,70108 - Transporte / Navegación,202605,2026-05-19,-18352362.0,-3361.0,-545938.74,Crítica,Saldo del dia vs. dia con datos anterior (2026-05-14). Umbrales +-15% / +-30%.
saldo_ramo,70108,70108 - Transporte / Navegación,202605,2026-05-20,18352362.0,-18352362.0,200.0,Crítica,Saldo del dia vs. dia con datos anterior (2026-05-19). Umbrales +-15% / +-30%.
saldo_ramo,70108,70108 - Transporte / Navegación,202605,2026-05-21,-9176181.0,18352362.0,-150.0,Crítica,Saldo del dia vs. dia con datos anterior (2026-05-20). Umbrales +-15% / +-30%.
saldo_ramo,70108,70108 - Transporte / Navegación,202605,2026-05-25,9176181.0,-9176181.0,200.0,Crítica,Saldo del dia vs. dia con datos anterior (2026-05-21). Umbrales +-15% / +-30%.
saldo_ramo,70108,70108 - Transporte / Navegación,202605,2026-05-29,4033863.0,9176181.0,-56.04,Crítica,Saldo del dia vs. dia con datos anterior (2026-05-25). Umbrales +-15% / +-30%.
saldo_ramo,70108,70108 - Transporte / Navegación,202606,2026-06-01,-31736639.0,4033863.0,-886.76,Crítica,Saldo del dia vs. dia con datos anterior (2026-05-29). Umbrales +-15% / +-30%.
saldo_ramo,70108,70108 - Transporte / Navegación,202606,2026-06-05,48809736.0,-31736639.0,253.8,Crítica,Saldo del dia vs. dia con datos anterior (2026-06-01). Umbrales +-15% / +-30%.
saldo_ramo,70108,70108 - Transporte / Navegación,202606,2026-06-10,100000.0,48809736.0,-99.8,Crítica,Saldo del dia vs. dia con datos anterior (2026-06-05). Umbrales +-15% / +-30%.
saldo_ramo,70108,70108 - Transporte / Navegación,202606,2026-06-12,31736639.0,100000.0,31636.64,Crítica,Saldo del dia vs. dia con datos anterior (2026-06-10). Umbrales +-15% / +-30%.
saldo_ramo,70108,70108 - Transporte / Navegación,202606,2026-06-17,15870000.0,31736639.0,-49.99,Crítica,Saldo del dia vs. dia con datos anterior (2026-06-12). Umbrales +-15% / +-30%.
saldo_ramo,70108,70108 - Transporte / Navegación,202606,2026-06-22,-5825167.0,15870000.0,-136.71,Crítica,Saldo del dia vs. dia con datos anterior (2026-06-17). Umbrales +-15% / +-30%.
saldo_ramo,70108,70108 - Transporte / Navegación,202606,2026-06-23,1500000.0,-5825167.0,125.75,Crítica,Saldo del dia vs. dia con datos anterior (2026-06-22). Umbrales +-15% / +-30%.
saldo_ramo,70108,70108 - Transporte / Navegación,202606,2026-06-26,1500000.0,1500000.0,0.0,Normal,Saldo del dia vs. dia con datos anterior (2026-06-23). Umbrales +-15% / +-30%.
saldo_ramo,70108,70108 - Transporte / Navegación,202606,2026-06-30,-1500000.0,1500000.0,-200.0,Crítica,Saldo del dia vs. dia con datos anterior (2026-06-26). Umbrales +-15% / +-30%.
saldo_ramo,70108,70108 - Transporte / Navegación,202607,2026-07-01,3666667.0,-1500000.0,344.44,Crítica,Saldo del dia vs. dia con datos anterior (2026-06-30). Umbrales +-15% / +-30%.
saldo_ramo,70108,70108 - Transporte / Navegación,202607,2026-07-02,6123116.0,3666667.0,66.99,Crítica,Saldo del dia vs. dia con datos anterior (2026-07-01). Umbrales +-15% / +-30%.
saldo_ramo,70108,70108 - Transporte / Navegación,202607,2026-07-03,59843098.0,6123116.0,877.33,Crítica,Saldo del dia vs. dia con datos anterior (2026-07-02). Umbrales +-15% / +-30%.
saldo_ramo,70108,70108 - Transporte / Navegación,202607,2026-07-06,8783333.0,59843098.0,-85.32,Crítica,Saldo del dia vs. dia con datos anterior (2026-07-03). Umbrales +-15% / +-30%.
saldo_ramo,70108,70108 - Transporte / Navegación,202607,2026-07-10,8863333.0,8783333.0,0.91,Normal,Saldo del dia vs. dia con datos anterior (2026-07-06). Umbrales +-15% / +-30%.
saldo_ramo,70108,70108 - Transporte / Navegación,202607,2026-07-14,-6276422.0,8863333.0,-170.81,Crítica,Saldo del dia vs. dia con datos anterior (2026-07-10). Umbrales +-15% / +-30%.
saldo_ramo,70108,70108 - Transporte / Navegación,202607,2026-07-16,-1320000.0,-6276422.0,78.97,Crítica,Saldo del dia vs. dia con datos anterior (2026-07-14). Umbrales +-15% / +-30%.
saldo_ramo,70108,70108 - Transporte / Navegación,202607,2026-07-17,3229167.0,-1320000.0,344.63,Crítica,Saldo del dia vs. dia con datos anterior (2026-07-16). Umbrales +-15% / +-30%.
saldo_ramo,70108,70108 - Transporte / Navegación,202607,2026-07-21,12101589.0,3229167.0,274.76,Crítica,Saldo del dia vs. dia con datos anterior (2026-07-17). Umbrales +-15% / +-30%.
saldo_ramo,70108,70108 - Transporte / Navegación,202607,2026-07-23,80000.0,12101589.0,-99.34,Crítica,Saldo del dia vs. dia con datos anterior (2026-07-21). Umbrales +-15% / +-30%.
saldo_ramo,70108,70108 - Transporte / Navegación,202608,2026-08-01,81137667.0,80000.0,101322.08,Crítica,Saldo del dia vs. dia con datos anterior (2026-07-23). Umbrales +-15% / +-30%.
saldo_ramo,70108,70108 - Transporte / Navegación,202608,2026-08-06,5366667.0,81137667.0,-93.39,Crítica,Saldo del dia vs. dia con datos anterior (2026-08-01). Umbrales +-15% / +-30%.
saldo_ramo,7467,7467 - Accidentes Personales,202605,2026-05-19,184197.0,,,Sin base,Saldo del dia vs. dia con datos anterior (s/d). Umbrales +-15% / +-30%.
saldo_ramo,7467,7467 - Accidentes Personales,202605,2026-05-27,430767.0,184197.0,133.86,Crítica,Saldo del dia vs. dia con datos anterior (2026-05-19). Umbrales +-15% / +-30%.
saldo_ramo,7467,7467 - Accidentes Personales,202606,2026-06-10,855204.0,430767.0,98.53,Crítica,Saldo del dia vs. dia con datos anterior (2026-05-27). Umbrales +-15% / +-30%.
saldo_ramo,7467,7467 - Accidentes Personales,202606,2026-06-12,184197.0,855204.0,-78.46,Crítica,Saldo del dia vs. dia con datos anterior (2026-06-10). Umbrales +-15% / +-30%.
saldo_ramo,7467,7467 - Accidentes Personales,202606,2026-06-16,-550354.0,184197.0,-398.79,Crítica,Saldo del dia vs. dia con datos anterior (2026-06-12). Umbrales +-15% / +-30%.
saldo_ramo,7467,7467 - Accidentes Personales,202606,2026-06-24,924154.0,-550354.0,267.92,Crítica,Saldo del dia vs. dia con datos anterior (2026-06-16). Umbrales +-15% / +-30%.
saldo_ramo,7467,7467 - Accidentes Personales,202606,2026-06-30,743079.0,924154.0,-19.59,Advertencia,Saldo del dia vs. dia con datos anterior (2026-06-24). Umbrales +-15% / +-30%.
saldo_ramo,7467,7467 - Accidentes Personales,202607,2026-07-02,214800.0,743079.0,-71.09,Crítica,Saldo del dia vs. dia con datos anterior (2026-06-30). Umbrales +-15% / +-30%.
saldo_ramo,7467,7467 - Accidentes Personales,202607,2026-07-06,1768972.0,214800.0,723.54,Crítica,Saldo del dia vs. dia con datos anterior (2026-07-02). Umbrales +-15% / +-30%.
saldo_ramo,7467,7467 - Accidentes Personales,202607,2026-07-09,4203223.0,1768972.0,137.61,Crítica,Saldo del dia vs. dia con datos anterior (2026-07-06). Umbrales +-15% / +-30%.
saldo_ramo,7467,7467 - Accidentes Personales,202607,2026-07-10,-100031.0,4203223.0,-102.38,Crítica,Saldo del dia vs. dia con datos anterior (2026-07-09). Umbrales +-15% / +-30%.
saldo_ramo,7467,7467 - Accidentes Personales,202607,2026-07-16,-764310.0,-100031.0,-664.07,Crítica,Saldo del dia vs. dia con datos anterior (2026-07-10). Umbrales +-15% / +-30%.
saldo_ramo,7467,7467 - Accidentes Personales,202607,2026-07-21,-184197.0,-764310.0,75.9,Crítica,Saldo del dia vs. dia con datos anterior (2026-07-16). Umbrales +-15% / +-30%.
saldo_ramo,7467,7467 - Accidentes Personales,202607,2026-07-22,772637.0,-184197.0,519.46,Crítica,Saldo del dia vs. dia con datos anterior (2026-07-21). Umbrales +-15% / +-30%.
saldo_ramo,7467,7467 - Accidentes Personales,202607,2026-07-24,184197.0,772637.0,-76.16,Crítica,Saldo del dia vs. dia con datos anterior (2026-07-22). Umbrales +-15% / +-30%.
saldo_ramo,7467,7467 - Accidentes Personales,202607,2026-07-27,46565.0,184197.0,-74.72,Crítica,Saldo del dia vs. dia con datos anterior (2026-07-24). Umbrales +-15% / +-30%.
saldo_ramo,7467,7467 - Accidentes Personales,202607,2026-07-29,216785.0,46565.0,365.55,Crítica,Saldo del dia vs. dia con datos anterior (2026-07-27). Umbrales +-15% / +-30%.
saldo_ramo,7467,7467 - Accidentes Personales,202607,2026-07-30,2732811.0,216785.0,1160.61,Crítica,Saldo del dia vs. dia con datos anterior (2026-07-29). Umbrales +-15% / +-30%.
saldo_ramo,7467,7467 - Accidentes Personales,202607,2026-07-31,140517.0,2732811.0,-94.86,Crítica,Saldo del dia vs. dia con datos anterior (2026-07-30). Umbrales +-15% / +-30%.
saldo_ramo,7468,7468 - Accidentes Personales,202605,2026-05-14,6309510.0,,,Sin base,Saldo del dia vs. dia con datos anterior (s/d). Umbrales +-15% / +-30%.
saldo_ramo,7468,7468 - Accidentes Personales,202605,2026-05-15,6545800.0,6309510.0,3.74,Normal,Saldo del dia vs. dia con datos anterior (2026-05-14). Umbrales +-15% / +-30%.
saldo_ramo,7468,7468 - Accidentes Personales,202605,2026-05-19,8512600.0,6545800.0,30.05,Crítica,Saldo del dia vs. dia con datos anterior (2026-05-15). Umbrales +-15% / +-30%.
saldo_ramo,7468,7468 - Accidentes Personales,202605,2026-05-20,3265000.0,8512600.0,-61.65,Crítica,Saldo del dia vs. dia con datos anterior (2026-05-19). Umbrales +-15% / +-30%.
saldo_ramo,7468,7468 - Accidentes Personales,202605,2026-05-21,7795520.0,3265000.0,138.76,Crítica,Saldo del dia vs. dia con datos anterior (2026-05-20). Umbrales +-15% / +-30%.
saldo_ramo,7468,7468 - Accidentes Personales,202605,2026-05-22,708750.0,7795520.0,-90.91,Crítica,Saldo del dia vs. dia con datos anterior (2026-05-21). Umbrales +-15% / +-30%.
saldo_ramo,7468,7468 - Accidentes Personales,202605,2026-05-25,39917513.0,708750.0,5532.1,Crítica,Saldo del dia vs. dia con datos anterior (2026-05-22). Umbrales +-15% / +-30%.
saldo_ramo,7468,7468 - Accidentes Personales,202605,2026-05-26,-611000.0,39917513.0,-101.53,Crítica,Saldo del dia vs. dia con datos anterior (2026-05-25). Umbrales +-15% / +-30%.
saldo_ramo,7468,7468 - Accidentes Personales,202605,2026-05-27,1538398.0,-611000.0,351.78,Crítica,Saldo del dia vs. dia con datos anterior (2026-05-26). Umbrales +-15% / +-30%.
saldo_ramo,7468,7468 - Accidentes Personales,202605,2026-05-28,7975172.0,1538398.0,418.41,Crítica,Saldo del dia vs. dia con datos anterior (2026-05-27). Umbrales +-15% / +-30%.
saldo_ramo,7468,7468 - Accidentes Personales,202605,2026-05-29,8764500.0,7975172.0,9.9,Normal,Saldo del dia vs. dia con datos anterior (2026-05-28). Umbrales +-15% / +-30%.
saldo_ramo,7468,7468 - Accidentes Personales,202606,2026-06-01,-9843300.0,8764500.0,-212.31,Crítica,Saldo del dia vs. dia con datos anterior (2026-05-29). Umbrales +-15% / +-30%.
saldo_ramo,7468,7468 - Accidentes Personales,202606,2026-06-02,1274600.0,-9843300.0,112.95,Crítica,Saldo del dia vs. dia con datos anterior (2026-06-01). Umbrales +-15% / +-30%.
saldo_ramo,7468,7468 - Accidentes Personales,202606,2026-06-03,13526497.0,1274600.0,961.23,Crítica,Saldo del dia vs. dia con datos anterior (2026-06-02). Umbrales +-15% / +-30%.
saldo_ramo,7468,7468 - Accidentes Personales,202606,2026-06-04,547600.0,13526497.0,-95.95,Crítica,Saldo del dia vs. dia con datos anterior (2026-06-03). Umbrales +-15% / +-30%.
saldo_ramo,7468,7468 - Accidentes Personales,202606,2026-06-05,702200.0,547600.0,28.23,Advertencia,Saldo del dia vs. dia con datos anterior (2026-06-04). Umbrales +-15% / +-30%.
saldo_ramo,7468,7468 - Accidentes Personales,202606,2026-06-09,-1784400.0,702200.0,-354.12,Crítica,Saldo del dia vs. dia con datos anterior (2026-06-05). Umbrales +-15% / +-30%.
saldo_ramo,7468,7468 - Accidentes Personales,202606,2026-06-10,8239000.0,-1784400.0,561.72,Crítica,Saldo del dia vs. dia con datos anterior (2026-06-09). Umbrales +-15% / +-30%.
saldo_ramo,7468,7468 - Accidentes Personales,202606,2026-06-11,3102200.0,8239000.0,-62.35,Crítica,Saldo del dia vs. dia con datos anterior (2026-06-10). Umbrales +-15% / +-30%.
saldo_ramo,7468,7468 - Accidentes Personales,202606,2026-06-12,1754200.0,3102200.0,-43.45,Crítica,Saldo del dia vs. dia con datos anterior (2026-06-11). Umbrales +-15% / +-30%.
saldo_ramo,7468,7468 - Accidentes Personales,202606,2026-06-16,5496218.0,1754200.0,213.32,Crítica,Saldo del dia vs. dia con datos anterior (2026-06-12). Umbrales +-15% / +-30%.
saldo_ramo,7468,7468 - Accidentes Personales,202606,2026-06-17,16345900.0,5496218.0,197.4,Crítica,Saldo del dia vs. dia con datos anterior (2026-06-16). Umbrales +-15% / +-30%.
saldo_ramo,7468,7468 - Accidentes Personales,202606,2026-06-18,-5122000.0,16345900.0,-131.34,Crítica,Saldo del dia vs. dia con datos anterior (2026-06-17). Umbrales +-15% / +-30%.
saldo_ramo,7468,7468 - Accidentes Personales,202606,2026-06-19,7661800.0,-5122000.0,249.59,Crítica,Saldo del dia vs. dia con datos anterior (2026-06-18). Umbrales +-15% / +-30%.
saldo_ramo,7468,7468 - Accidentes Personales,202606,2026-06-22,11874900.0,7661800.0,54.99,Crítica,Saldo del dia vs. dia con datos anterior (2026-06-19). Umbrales +-15% / +-30%.
saldo_ramo,7468,7468 - Accidentes Personales,202606,2026-06-23,2276661.0,11874900.0,-80.83,Crítica,Saldo del dia vs. dia con datos anterior (2026-06-22). Umbrales +-15% / +-30%.
saldo_ramo,7468,7468 - Accidentes Personales,202606,2026-06-24,9299500.0,2276661.0,308.47,Crítica,Saldo del dia vs. dia con datos anterior (2026-06-23). Umbrales +-15% / +-30%.
saldo_ramo,7468,7468 - Accidentes Personales,202606,2026-06-25,2680000.0,9299500.0,-71.18,Crítica,Saldo del dia vs. dia con datos anterior (2026-06-24). Umbrales +-15% / +-30%.
saldo_ramo,7468,7468 - Accidentes Personales,202606,2026-06-26,127493600.0,2680000.0,4657.22,Crítica,Saldo del dia vs. dia con datos anterior (2026-06-25). Umbrales +-15% / +-30%.
saldo_ramo,7468,7468 - Accidentes Personales,202606,2026-06-30,158037172.0,127493600.0,23.96,Advertencia,Saldo del dia vs. dia con datos anterior (2026-06-26). Umbrales +-15% / +-30%.
saldo_ramo,7468,7468 - Accidentes Personales,202607,2026-07-01,53161162.0,158037172.0,-66.36,Crítica,Saldo del dia vs. dia con datos anterior (2026-06-30). Umbrales +-15% / +-30%.
saldo_ramo,7468,7468 - Accidentes Personales,202607,2026-07-02,-2429658.0,53161162.0,-104.57,Crítica,Saldo del dia vs. dia con datos anterior (2026-07-01). Umbrales +-15% / +-30%.
saldo_ramo,7468,7468 - Accidentes Personales,202607,2026-07-03,5460124.0,-2429658.0,324.73,Crítica,Saldo del dia vs. dia con datos anterior (2026-07-02). Umbrales +-15% / +-30%.
saldo_ramo,7468,7468 - Accidentes Personales,202607,2026-07-06,10305400.0,5460124.0,88.74,Crítica,Saldo del dia vs. dia con datos anterior (2026-07-03). Umbrales +-15% / +-30%.
saldo_ramo,7468,7468 - Accidentes Personales,202607,2026-07-07,6599600.0,10305400.0,-35.96,Crítica,Saldo del dia vs. dia con datos anterior (2026-07-06). Umbrales +-15% / +-30%.
saldo_ramo,7468,7468 - Accidentes Personales,202607,2026-07-08,2866100.0,6599600.0,-56.57,Crítica,Saldo del dia vs. dia con datos anterior (2026-07-07). Umbrales +-15% / +-30%.
saldo_ramo,7468,7468 - Accidentes Personales,202607,2026-07-09,2418500.0,2866100.0,-15.62,Advertencia,Saldo del dia vs. dia con datos anterior (2026-07-08). Umbrales +-15% / +-30%.
saldo_ramo,7468,7468 - Accidentes Personales,202607,2026-07-10,3626500.0,2418500.0,49.95,Crítica,Saldo del dia vs. dia con datos anterior (2026-07-09). Umbrales +-15% / +-30%.
saldo_ramo,7468,7468 - Accidentes Personales,202607,2026-07-14,160826296.0,3626500.0,4334.75,Crítica,Saldo del dia vs. dia con datos anterior (2026-07-10). Umbrales +-15% / +-30%.
saldo_ramo,7468,7468 - Accidentes Personales,202607,2026-07-15,7206235.0,160826296.0,-95.52,Crítica,Saldo del dia vs. dia con datos anterior (2026-07-14). Umbrales +-15% / +-30%.
saldo_ramo,7468,7468 - Accidentes Personales,202607,2026-07-16,3376204.0,7206235.0,-53.15,Crítica,Saldo del dia vs. dia con datos anterior (2026-07-15). Umbrales +-15% / +-30%.
saldo_ramo,7468,7468 - Accidentes Personales,202607,2026-07-17,4753600.0,3376204.0,40.8,Crítica,Saldo del dia vs. dia con datos anterior (2026-07-16). Umbrales +-15% / +-30%.
saldo_ramo,7468,7468 - Accidentes Personales,202607,2026-07-21,7968500.0,4753600.0,67.63,Crítica,Saldo del dia vs. dia con datos anterior (2026-07-17). Umbrales +-15% / +-30%.
saldo_ramo,7468,7468 - Accidentes Personales,202607,2026-07-22,11595250.0,7968500.0,45.51,Crítica,Saldo del dia vs. dia con datos anterior (2026-07-21). Umbrales +-15% / +-30%.
saldo_ramo,7468,7468 - Accidentes Personales,202607,2026-07-23,2179520.0,11595250.0,-81.2,Crítica,Saldo del dia vs. dia con datos anterior (2026-07-22). Umbrales +-15% / +-30%.
saldo_ramo,7468,7468 - Accidentes Personales,202607,2026-07-24,6220000.0,2179520.0,185.38,Crítica,Saldo del dia vs. dia con datos anterior (2026-07-23). Umbrales +-15% / +-30%.
saldo_ramo,7468,7468 - Accidentes Personales,202607,2026-07-27,1297933.0,6220000.0,-79.13,Crítica,Saldo del dia vs. dia con datos anterior (2026-07-24). Umbrales +-15% / +-30%.
saldo_ramo,7468,7468 - Accidentes Personales,202607,2026-07-28,200000.0,1297933.0,-84.59,Crítica,Saldo del dia vs. dia con datos anterior (2026-07-27). Umbrales +-15% / +-30%.
saldo_ramo,7468,7468 - Accidentes Personales,202607,2026-07-29,12607826.0,200000.0,6203.91,Crítica,Saldo del dia vs. dia con datos anterior (2026-07-28). Umbrales +-15% / +-30%.
saldo_ramo,7468,7468 - Accidentes Personales,202607,2026-07-30,178000.0,12607826.0,-98.59,Crítica,Saldo del dia vs. dia con datos anterior (2026-07-29). Umbrales +-15% / +-30%.
saldo_ramo,7468,7468 - Accidentes Personales,202607,2026-07-31,1511200.0,178000.0,748.99,Crítica,Saldo del dia vs. dia con datos anterior (2026-07-30). Umbrales +-15% / +-30%.
saldo_ramo,7468,7468 - Accidentes Personales,202608,2026-08-01,125000.0,1511200.0,-91.73,Crítica,Saldo del dia vs. dia con datos anterior (2026-07-31). Umbrales +-15% / +-30%.
saldo_ramo,7468,7468 - Accidentes Personales,202608,2026-08-03,-723000.0,125000.0,-678.4,Crítica,Saldo del dia vs. dia con datos anterior (2026-08-01). Umbrales +-15% / +-30%.
saldo_ramo,7468,7468 - Accidentes Personales,202608,2026-08-04,13773500.0,-723000.0,2005.05,Crítica,Saldo del dia vs. dia con datos anterior (2026-08-03). Umbrales +-15% / +-30%.
saldo_ramo,7468,7468 - Accidentes Personales,202608,2026-08-05,-109050115.0,13773500.0,-891.74,Crítica,Saldo del dia vs. dia con datos anterior (2026-08-04). Umbrales +-15% / +-30%.
saldo_ramo,7468,7468 - Accidentes Personales,202608,2026-08-06,5706000.0,-109050115.0,105.23,Crítica,Saldo del dia vs. dia con datos anterior (2026-08-05). Umbrales +-15% / +-30%.
saldo_ramo,7468,7468 - Accidentes Personales,202608,2026-08-10,4644500.0,5706000.0,-18.6,Advertencia,Saldo del dia vs. dia con datos anterior (2026-08-06). Umbrales +-15% / +-30%.
saldo_ramo,7468,7468 - Accidentes Personales,202608,2026-08-11,1314200.0,4644500.0,-71.7,Crítica,Saldo del dia vs. dia con datos anterior (2026-08-10). Umbrales +-15% / +-30%.
saldo_ramo,7469,7469 - Accidentes Personales,202605,2026-05-14,57253629.0,,,Sin base,Saldo del dia vs. dia con datos anterior (s/d). Umbrales +-15% / +-30%.
saldo_ramo,7469,7469 - Accidentes Personales,202605,2026-05-15,3446133.0,57253629.0,-93.98,Crítica,Saldo del dia vs. dia con datos anterior (2026-05-14). Umbrales +-15% / +-30%.
saldo_ramo,7469,7469 - Accidentes Personales,202605,2026-05-19,23347749.0,3446133.0,577.51,Crítica,Saldo del dia vs. dia con datos anterior (2026-05-15). Umbrales +-15% / +-30%.
saldo_ramo,7469,7469 - Accidentes Personales,202605,2026-05-20,4827333.0,23347749.0,-79.32,Crítica,Saldo del dia vs. dia con datos anterior (2026-05-19). Umbrales +-15% / +-30%.
saldo_ramo,7469,7469 - Accidentes Personales,202605,2026-05-21,10534759.0,4827333.0,118.23,Crítica,Saldo del dia vs. dia con datos anterior (2026-05-20). Umbrales +-15% / +-30%.
saldo_ramo,7469,7469 - Accidentes Personales,202605,2026-05-22,22965422.0,10534759.0,118.0,Crítica,Saldo del dia vs. dia con datos anterior (2026-05-21). Umbrales +-15% / +-30%.
saldo_ramo,7469,7469 - Accidentes Personales,202605,2026-05-25,9526876.0,22965422.0,-58.52,Crítica,Saldo del dia vs. dia con datos anterior (2026-05-22). Umbrales +-15% / +-30%.
saldo_ramo,7469,7469 - Accidentes Personales,202605,2026-05-26,6291403.0,9526876.0,-33.96,Crítica,Saldo del dia vs. dia con datos anterior (2026-05-25). Umbrales +-15% / +-30%.
saldo_ramo,7469,7469 - Accidentes Personales,202605,2026-05-27,7433799.0,6291403.0,18.16,Advertencia,Saldo del dia vs. dia con datos anterior (2026-05-26). Umbrales +-15% / +-30%.
saldo_ramo,7469,7469 - Accidentes Personales,202605,2026-05-28,-11228173.0,7433799.0,-251.04,Crítica,Saldo del dia vs. dia con datos anterior (2026-05-27). Umbrales +-15% / +-30%.
saldo_ramo,7469,7469 - Accidentes Personales,202605,2026-05-29,8192026.0,-11228173.0,172.96,Crítica,Saldo del dia vs. dia con datos anterior (2026-05-28). Umbrales +-15% / +-30%.
saldo_ramo,7469,7469 - Accidentes Personales,202606,2026-06-01,10664415.0,8192026.0,30.18,Crítica,Saldo del dia vs. dia con datos anterior (2026-05-29). Umbrales +-15% / +-30%.
saldo_ramo,7469,7469 - Accidentes Personales,202606,2026-06-02,2154434.0,10664415.0,-79.8,Crítica,Saldo del dia vs. dia con datos anterior (2026-06-01). Umbrales +-15% / +-30%.
saldo_ramo,7469,7469 - Accidentes Personales,202606,2026-06-03,6609974.0,2154434.0,206.81,Crítica,Saldo del dia vs. dia con datos anterior (2026-06-02). Umbrales +-15% / +-30%.
saldo_ramo,7469,7469 - Accidentes Personales,202606,2026-06-04,3091150.0,6609974.0,-53.24,Crítica,Saldo del dia vs. dia con datos anterior (2026-06-03). Umbrales +-15% / +-30%.
saldo_ramo,7469,7469 - Accidentes Personales,202606,2026-06-05,9351078.0,3091150.0,202.51,Crítica,Saldo del dia vs. dia con datos anterior (2026-06-04). Umbrales +-15% / +-30%.
saldo_ramo,7469,7469 - Accidentes Personales,202606,2026-06-08,1020000.0,9351078.0,-89.09,Crítica,Saldo del dia vs. dia con datos anterior (2026-06-05). Umbrales +-15% / +-30%.
saldo_ramo,7469,7469 - Accidentes Personales,202606,2026-06-09,6732669.0,1020000.0,560.07,Crítica,Saldo del dia vs. dia con datos anterior (2026-06-08). Umbrales +-15% / +-30%.
saldo_ramo,7469,7469 - Accidentes Personales,202606,2026-06-10,4758970.0,6732669.0,-29.32,Advertencia,Saldo del dia vs. dia con datos anterior (2026-06-09). Umbrales +-15% / +-30%.
saldo_ramo,7469,7469 - Accidentes Personales,202606,2026-06-11,7277932.0,4758970.0,52.93,Crítica,Saldo del dia vs. dia con datos anterior (2026-06-10). Umbrales +-15% / +-30%.
saldo_ramo,7469,7469 - Accidentes Personales,202606,2026-06-12,1725871.0,7277932.0,-76.29,Crítica,Saldo del dia vs. dia con datos anterior (2026-06-11). Umbrales +-15% / +-30%.
saldo_ramo,7469,7469 - Accidentes Personales,202606,2026-06-16,20230842.0,1725871.0,1072.21,Crítica,Saldo del dia vs. dia con datos anterior (2026-06-12). Umbrales +-15% / +-30%.
saldo_ramo,7469,7469 - Accidentes Personales,202606,2026-06-17,2948966.0,20230842.0,-85.42,Crítica,Saldo del dia vs. dia con datos anterior (2026-06-16). Umbrales +-15% / +-30%.
saldo_ramo,7469,7469 - Accidentes Personales,202606,2026-06-18,6456611.0,2948966.0,118.94,Crítica,Saldo del dia vs. dia con datos anterior (2026-06-17). Umbrales +-15% / +-30%.
saldo_ramo,7469,7469 - Accidentes Personales,202606,2026-06-19,4707288.0,6456611.0,-27.09,Advertencia,Saldo del dia vs. dia con datos anterior (2026-06-18). Umbrales +-15% / +-30%.
saldo_ramo,7469,7469 - Accidentes Personales,202606,2026-06-22,5891064.0,4707288.0,25.15,Advertencia,Saldo del dia vs. dia con datos anterior (2026-06-19). Umbrales +-15% / +-30%.
saldo_ramo,7469,7469 - Accidentes Personales,202606,2026-06-23,13413687.0,5891064.0,127.7,Crítica,Saldo del dia vs. dia con datos anterior (2026-06-22). Umbrales +-15% / +-30%.
saldo_ramo,7469,7469 - Accidentes Personales,202606,2026-06-24,8249715.0,13413687.0,-38.5,Crítica,Saldo del dia vs. dia con datos anterior (2026-06-23). Umbrales +-15% / +-30%.
saldo_ramo,7469,7469 - Accidentes Personales,202606,2026-06-25,9398791.0,8249715.0,13.93,Normal,Saldo del dia vs. dia con datos anterior (2026-06-24). Umbrales +-15% / +-30%.
saldo_ramo,7469,7469 - Accidentes Personales,202606,2026-06-26,4234911.0,9398791.0,-54.94,Crítica,Saldo del dia vs. dia con datos anterior (2026-06-25). Umbrales +-15% / +-30%.
saldo_ramo,7469,7469 - Accidentes Personales,202606,2026-06-28,-12517095.0,4234911.0,-395.57,Crítica,Saldo del dia vs. dia con datos anterior (2026-06-26). Umbrales +-15% / +-30%.
saldo_ramo,7469,7469 - Accidentes Personales,202606,2026-06-30,13740415.0,-12517095.0,209.77,Crítica,Saldo del dia vs. dia con datos anterior (2026-06-28). Umbrales +-15% / +-30%.
saldo_ramo,7469,7469 - Accidentes Personales,202607,2026-07-01,6385552.0,13740415.0,-53.53,Crítica,Saldo del dia vs. dia con datos anterior (2026-06-30). Umbrales +-15% / +-30%.
saldo_ramo,7469,7469 - Accidentes Personales,202607,2026-07-02,4858076.0,6385552.0,-23.92,Advertencia,Saldo del dia vs. dia con datos anterior (2026-07-01). Umbrales +-15% / +-30%.
saldo_ramo,7469,7469 - Accidentes Personales,202607,2026-07-03,562010.0,4858076.0,-88.43,Crítica,Saldo del dia vs. dia con datos anterior (2026-07-02). Umbrales +-15% / +-30%.
saldo_ramo,7469,7469 - Accidentes Personales,202607,2026-07-06,28149040.0,562010.0,4908.64,Crítica,Saldo del dia vs. dia con datos anterior (2026-07-03). Umbrales +-15% / +-30%.
saldo_ramo,7469,7469 - Accidentes Personales,202607,2026-07-07,6184613.0,28149040.0,-78.03,Crítica,Saldo del dia vs. dia con datos anterior (2026-07-06). Umbrales +-15% / +-30%.
saldo_ramo,7469,7469 - Accidentes Personales,202607,2026-07-08,21924818.0,6184613.0,254.51,Crítica,Saldo del dia vs. dia con datos anterior (2026-07-07). Umbrales +-15% / +-30%.
saldo_ramo,7469,7469 - Accidentes Personales,202607,2026-07-09,-122118.0,21924818.0,-100.56,Crítica,Saldo del dia vs. dia con datos anterior (2026-07-08). Umbrales +-15% / +-30%.
saldo_ramo,7469,7469 - Accidentes Personales,202607,2026-07-10,3027206.0,-122118.0,2578.92,Crítica,Saldo del dia vs. dia con datos anterior (2026-07-09). Umbrales +-15% / +-30%.
saldo_ramo,7469,7469 - Accidentes Personales,202607,2026-07-13,-6426000.0,3027206.0,-312.27,Crítica,Saldo del dia vs. dia con datos anterior (2026-07-10). Umbrales +-15% / +-30%.
saldo_ramo,7469,7469 - Accidentes Personales,202607,2026-07-14,13476816.0,-6426000.0,309.72,Crítica,Saldo del dia vs. dia con datos anterior (2026-07-13). Umbrales +-15% / +-30%.
saldo_ramo,7469,7469 - Accidentes Personales,202607,2026-07-15,23368265.0,13476816.0,73.4,Crítica,Saldo del dia vs. dia con datos anterior (2026-07-14). Umbrales +-15% / +-30%.
saldo_ramo,7469,7469 - Accidentes Personales,202607,2026-07-16,5486546.0,23368265.0,-76.52,Crítica,Saldo del dia vs. dia con datos anterior (2026-07-15). Umbrales +-15% / +-30%.
saldo_ramo,7469,7469 - Accidentes Personales,202607,2026-07-17,6667073.0,5486546.0,21.52,Advertencia,Saldo del dia vs. dia con datos anterior (2026-07-16). Umbrales +-15% / +-30%.
saldo_ramo,7469,7469 - Accidentes Personales,202607,2026-07-21,-16919337.0,6667073.0,-353.77,Crítica,Saldo del dia vs. dia con datos anterior (2026-07-17). Umbrales +-15% / +-30%.
saldo_ramo,7469,7469 - Accidentes Personales,202607,2026-07-22,19410129.0,-16919337.0,214.72,Crítica,Saldo del dia vs. dia con datos anterior (2026-07-21). Umbrales +-15% / +-30%.
saldo_ramo,7469,7469 - Accidentes Personales,202607,2026-07-23,5772140.0,19410129.0,-70.26,Crítica,Saldo del dia vs. dia con datos anterior (2026-07-22). Umbrales +-15% / +-30%.
saldo_ramo,7469,7469 - Accidentes Personales,202607,2026-07-24,75489.0,5772140.0,-98.69,Crítica,Saldo del dia vs. dia con datos anterior (2026-07-23). Umbrales +-15% / +-30%.
saldo_ramo,7469,7469 - Accidentes Personales,202607,2026-07-27,6178989.0,75489.0,8085.28,Crítica,Saldo del dia vs. dia con datos anterior (2026-07-24). Umbrales +-15% / +-30%.
saldo_ramo,7469,7469 - Accidentes Personales,202607,2026-07-28,33665073.0,6178989.0,444.83,Crítica,Saldo del dia vs. dia con datos anterior (2026-07-27). Umbrales +-15% / +-30%.
saldo_ramo,7469,7469 - Accidentes Personales,202607,2026-07-29,12377416.0,33665073.0,-63.23,Crítica,Saldo del dia vs. dia con datos anterior (2026-07-28). Umbrales +-15% / +-30%.
saldo_ramo,7469,7469 - Accidentes Personales,202607,2026-07-30,50945653.0,12377416.0,311.6,Crítica,Saldo del dia vs. dia con datos anterior (2026-07-29). Umbrales +-15% / +-30%.
saldo_ramo,7469,7469 - Accidentes Personales,202607,2026-07-31,90547470.0,50945653.0,77.73,Crítica,Saldo del dia vs. dia con datos anterior (2026-07-30). Umbrales +-15% / +-30%.
saldo_ramo,7469,7469 - Accidentes Personales,202608,2026-08-03,12530075.0,90547470.0,-86.16,Crítica,Saldo del dia vs. dia con datos anterior (2026-07-31). Umbrales +-15% / +-30%.
saldo_ramo,7469,7469 - Accidentes Personales,202608,2026-08-04,27152827.0,12530075.0,116.7,Crítica,Saldo del dia vs. dia con datos anterior (2026-08-03). Umbrales +-15% / +-30%.
saldo_ramo,7469,7469 - Accidentes Personales,202608,2026-08-05,24788918.0,27152827.0,-8.71,Normal,Saldo del dia vs. dia con datos anterior (2026-08-04). Umbrales +-15% / +-30%.
saldo_ramo,7469,7469 - Accidentes Personales,202608,2026-08-06,39580922.0,24788918.0,59.67,Crítica,Saldo del dia vs. dia con datos anterior (2026-08-05). Umbrales +-15% / +-30%.
saldo_ramo,7469,7469 - Accidentes Personales,202608,2026-08-10,67420543.0,39580922.0,70.34,Crítica,Saldo del dia vs. dia con datos anterior (2026-08-06). Umbrales +-15% / +-30%.
saldo_ramo,7469,7469 - Accidentes Personales,202608,2026-08-11,116840977.0,67420543.0,73.3,Crítica,Saldo del dia vs. dia con datos anterior (2026-08-10). Umbrales +-15% / +-30%.
saldo_ramo,800004,800004 - Autos,202605,2026-05-14,-3733242.0,,,Sin base,Saldo del dia vs. dia con datos anterior (s/d). Umbrales +-15% / +-30%.
saldo_ramo,800004,800004 - Autos,202605,2026-05-15,-5383018.0,-3733242.0,-44.19,Crítica,Saldo del dia vs. dia con datos anterior (2026-05-14). Umbrales +-15% / +-30%.
saldo_ramo,800004,800004 - Autos,202605,2026-05-19,4807882.0,-5383018.0,189.32,Crítica,Saldo del dia vs. dia con datos anterior (2026-05-15). Umbrales +-15% / +-30%.
saldo_ramo,800004,800004 - Autos,202605,2026-05-20,18995338.0,4807882.0,295.09,Crítica,Saldo del dia vs. dia con datos anterior (2026-05-19). Umbrales +-15% / +-30%.
saldo_ramo,800004,800004 - Autos,202605,2026-05-21,-13057271.0,18995338.0,-168.74,Crítica,Saldo del dia vs. dia con datos anterior (2026-05-20). Umbrales +-15% / +-30%.
saldo_ramo,800004,800004 - Autos,202605,2026-05-22,11104981.0,-13057271.0,185.05,Crítica,Saldo del dia vs. dia con datos anterior (2026-05-21). Umbrales +-15% / +-30%.
saldo_ramo,800004,800004 - Autos,202605,2026-05-25,22153433.0,11104981.0,99.49,Crítica,Saldo del dia vs. dia con datos anterior (2026-05-22). Umbrales +-15% / +-30%.
saldo_ramo,800004,800004 - Autos,202605,2026-05-26,-5857914.0,22153433.0,-126.44,Crítica,Saldo del dia vs. dia con datos anterior (2026-05-25). Umbrales +-15% / +-30%.
saldo_ramo,800004,800004 - Autos,202605,2026-05-27,7950926.0,-5857914.0,235.73,Crítica,Saldo del dia vs. dia con datos anterior (2026-05-26). Umbrales +-15% / +-30%.
saldo_ramo,800004,800004 - Autos,202605,2026-05-28,3014541.0,7950926.0,-62.09,Crítica,Saldo del dia vs. dia con datos anterior (2026-05-27). Umbrales +-15% / +-30%.
saldo_ramo,800004,800004 - Autos,202605,2026-05-29,475344.0,3014541.0,-84.23,Crítica,Saldo del dia vs. dia con datos anterior (2026-05-28). Umbrales +-15% / +-30%.
saldo_ramo,800004,800004 - Autos,202605,2026-05-30,5745824.0,475344.0,1108.77,Crítica,Saldo del dia vs. dia con datos anterior (2026-05-29). Umbrales +-15% / +-30%.
saldo_ramo,800004,800004 - Autos,202606,2026-06-01,-6376988.0,5745824.0,-210.98,Crítica,Saldo del dia vs. dia con datos anterior (2026-05-30). Umbrales +-15% / +-30%.
saldo_ramo,800004,800004 - Autos,202606,2026-06-02,-938244.0,-6376988.0,85.29,Crítica,Saldo del dia vs. dia con datos anterior (2026-06-01). Umbrales +-15% / +-30%.
saldo_ramo,800004,800004 - Autos,202606,2026-06-03,3072256.0,-938244.0,427.45,Crítica,Saldo del dia vs. dia con datos anterior (2026-06-02). Umbrales +-15% / +-30%.
saldo_ramo,800004,800004 - Autos,202606,2026-06-04,-2415653.0,3072256.0,-178.63,Crítica,Saldo del dia vs. dia con datos anterior (2026-06-03). Umbrales +-15% / +-30%.
saldo_ramo,800004,800004 - Autos,202606,2026-06-05,657293299.0,-2415653.0,27309.76,Crítica,Saldo del dia vs. dia con datos anterior (2026-06-04). Umbrales +-15% / +-30%.
saldo_ramo,800004,800004 - Autos,202606,2026-06-09,8299233.0,657293299.0,-98.74,Crítica,Saldo del dia vs. dia con datos anterior (2026-06-05). Umbrales +-15% / +-30%.
saldo_ramo,800004,800004 - Autos,202606,2026-06-10,13068244.0,8299233.0,57.46,Crítica,Saldo del dia vs. dia con datos anterior (2026-06-09). Umbrales +-15% / +-30%.
saldo_ramo,800004,800004 - Autos,202606,2026-06-11,1745164.0,13068244.0,-86.65,Crítica,Saldo del dia vs. dia con datos anterior (2026-06-10). Umbrales +-15% / +-30%.
saldo_ramo,800004,800004 - Autos,202606,2026-06-12,4271806.0,1745164.0,144.78,Crítica,Saldo del dia vs. dia con datos anterior (2026-06-11). Umbrales +-15% / +-30%.
saldo_ramo,800004,800004 - Autos,202606,2026-06-16,10347611.0,4271806.0,142.23,Crítica,Saldo del dia vs. dia con datos anterior (2026-06-12). Umbrales +-15% / +-30%.
saldo_ramo,800004,800004 - Autos,202606,2026-06-17,-9762480.0,10347611.0,-194.35,Crítica,Saldo del dia vs. dia con datos anterior (2026-06-16). Umbrales +-15% / +-30%.
saldo_ramo,800004,800004 - Autos,202606,2026-06-18,2059085.0,-9762480.0,121.09,Crítica,Saldo del dia vs. dia con datos anterior (2026-06-17). Umbrales +-15% / +-30%.
saldo_ramo,800004,800004 - Autos,202606,2026-06-19,3153046.0,2059085.0,53.13,Crítica,Saldo del dia vs. dia con datos anterior (2026-06-18). Umbrales +-15% / +-30%.
saldo_ramo,800004,800004 - Autos,202606,2026-06-22,1401066.0,3153046.0,-55.56,Crítica,Saldo del dia vs. dia con datos anterior (2026-06-19). Umbrales +-15% / +-30%.
saldo_ramo,800004,800004 - Autos,202606,2026-06-23,1535578.0,1401066.0,9.6,Normal,Saldo del dia vs. dia con datos anterior (2026-06-22). Umbrales +-15% / +-30%.
saldo_ramo,800004,800004 - Autos,202606,2026-06-24,9562299.0,1535578.0,522.72,Crítica,Saldo del dia vs. dia con datos anterior (2026-06-23). Umbrales +-15% / +-30%.
saldo_ramo,800004,800004 - Autos,202606,2026-06-25,6074546.0,9562299.0,-36.47,Crítica,Saldo del dia vs. dia con datos anterior (2026-06-24). Umbrales +-15% / +-30%.
saldo_ramo,800004,800004 - Autos,202606,2026-06-26,1394117.0,6074546.0,-77.05,Crítica,Saldo del dia vs. dia con datos anterior (2026-06-25). Umbrales +-15% / +-30%.
saldo_ramo,800004,800004 - Autos,202606,2026-06-27,356289.0,1394117.0,-74.44,Crítica,Saldo del dia vs. dia con datos anterior (2026-06-26). Umbrales +-15% / +-30%.
saldo_ramo,800004,800004 - Autos,202606,2026-06-30,-1143075.0,356289.0,-420.83,Crítica,Saldo del dia vs. dia con datos anterior (2026-06-27). Umbrales +-15% / +-30%.
saldo_ramo,800004,800004 - Autos,202607,2026-07-01,470358.0,-1143075.0,141.15,Crítica,Saldo del dia vs. dia con datos anterior (2026-06-30). Umbrales +-15% / +-30%.
saldo_ramo,800004,800004 - Autos,202607,2026-07-02,-5688227.0,470358.0,-1309.34,Crítica,Saldo del dia vs. dia con datos anterior (2026-07-01). Umbrales +-15% / +-30%.
saldo_ramo,800004,800004 - Autos,202607,2026-07-03,705288127.0,-5688227.0,12499.09,Crítica,Saldo del dia vs. dia con datos anterior (2026-07-02). Umbrales +-15% / +-30%.
saldo_ramo,800004,800004 - Autos,202607,2026-07-06,4334502.0,705288127.0,-99.39,Crítica,Saldo del dia vs. dia con datos anterior (2026-07-03). Umbrales +-15% / +-30%.
saldo_ramo,800004,800004 - Autos,202607,2026-07-07,-3355198.0,4334502.0,-177.41,Crítica,Saldo del dia vs. dia con datos anterior (2026-07-06). Umbrales +-15% / +-30%.
saldo_ramo,800004,800004 - Autos,202607,2026-07-08,-1979007.0,-3355198.0,41.02,Crítica,Saldo del dia vs. dia con datos anterior (2026-07-07). Umbrales +-15% / +-30%.
saldo_ramo,800004,800004 - Autos,202607,2026-07-09,1281204.0,-1979007.0,164.74,Crítica,Saldo del dia vs. dia con datos anterior (2026-07-08). Umbrales +-15% / +-30%.
saldo_ramo,800004,800004 - Autos,202607,2026-07-10,1832401.0,1281204.0,43.02,Crítica,Saldo del dia vs. dia con datos anterior (2026-07-09). Umbrales +-15% / +-30%.
saldo_ramo,800004,800004 - Autos,202607,2026-07-14,4481750.0,1832401.0,144.58,Crítica,Saldo del dia vs. dia con datos anterior (2026-07-10). Umbrales +-15% / +-30%.
saldo_ramo,800004,800004 - Autos,202607,2026-07-15,-2138737.0,4481750.0,-147.72,Crítica,Saldo del dia vs. dia con datos anterior (2026-07-14). Umbrales +-15% / +-30%.
saldo_ramo,800004,800004 - Autos,202607,2026-07-16,1288338.0,-2138737.0,160.24,Crítica,Saldo del dia vs. dia con datos anterior (2026-07-15). Umbrales +-15% / +-30%.
saldo_ramo,800004,800004 - Autos,202607,2026-07-17,-247207.0,1288338.0,-119.19,Crítica,Saldo del dia vs. dia con datos anterior (2026-07-16). Umbrales +-15% / +-30%.
saldo_ramo,800004,800004 - Autos,202607,2026-07-21,2194067.0,-247207.0,987.54,Crítica,Saldo del dia vs. dia con datos anterior (2026-07-17). Umbrales +-15% / +-30%.
saldo_ramo,800004,800004 - Autos,202607,2026-07-22,1539928.0,2194067.0,-29.81,Advertencia,Saldo del dia vs. dia con datos anterior (2026-07-21). Umbrales +-15% / +-30%.
saldo_ramo,800004,800004 - Autos,202607,2026-07-23,10160166.0,1539928.0,559.78,Crítica,Saldo del dia vs. dia con datos anterior (2026-07-22). Umbrales +-15% / +-30%.
saldo_ramo,800004,800004 - Autos,202607,2026-07-24,4822689.0,10160166.0,-52.53,Crítica,Saldo del dia vs. dia con datos anterior (2026-07-23). Umbrales +-15% / +-30%.
saldo_ramo,800004,800004 - Autos,202607,2026-07-25,0.0,4822689.0,-100.0,Crítica,Saldo del dia vs. dia con datos anterior (2026-07-24). Umbrales +-15% / +-30%.
saldo_ramo,800004,800004 - Autos,202607,2026-07-27,3537295.0,0.0,,Sin base,Saldo del dia vs. dia con datos anterior (2026-07-25). Umbrales +-15% / +-30%.
saldo_ramo,800004,800004 - Autos,202607,2026-07-28,-8713512.0,3537295.0,-346.33,Crítica,Saldo del dia vs. dia con datos anterior (2026-07-27). Umbrales +-15% / +-30%.
saldo_ramo,800004,800004 - Autos,202607,2026-07-29,-6638495.0,-8713512.0,23.81,Advertencia,Saldo del dia vs. dia con datos anterior (2026-07-28). Umbrales +-15% / +-30%.
saldo_ramo,800004,800004 - Autos,202607,2026-07-30,-7285638.0,-6638495.0,-9.75,Normal,Saldo del dia vs. dia con datos anterior (2026-07-29). Umbrales +-15% / +-30%.
saldo_ramo,800004,800004 - Autos,202607,2026-07-31,7190747.0,-7285638.0,198.7,Crítica,Saldo del dia vs. dia con datos anterior (2026-07-30). Umbrales +-15% / +-30%.
saldo_ramo,800004,800004 - Autos,202608,2026-08-01,745950032.0,7190747.0,10273.75,Crítica,Saldo del dia vs. dia con datos anterior (2026-07-31). Umbrales +-15% / +-30%.
saldo_ramo,800004,800004 - Autos,202608,2026-08-03,-9167766.0,745950032.0,-101.23,Crítica,Saldo del dia vs. dia con datos anterior (2026-08-01). Umbrales +-15% / +-30%.
saldo_ramo,800004,800004 - Autos,202608,2026-08-04,-1569139.0,-9167766.0,82.88,Crítica,Saldo del dia vs. dia con datos anterior (2026-08-03). Umbrales +-15% / +-30%.
saldo_ramo,800004,800004 - Autos,202608,2026-08-05,27116.0,-1569139.0,101.73,Crítica,Saldo del dia vs. dia con datos anterior (2026-08-04). Umbrales +-15% / +-30%.
saldo_ramo,800004,800004 - Autos,202608,2026-08-06,-750057.0,27116.0,-2866.1,Crítica,Saldo del dia vs. dia con datos anterior (2026-08-05). Umbrales +-15% / +-30%.
saldo_ramo,800004,800004 - Autos,202608,2026-08-07,862172.0,-750057.0,214.95,Crítica,Saldo del dia vs. dia con datos anterior (2026-08-06). Umbrales +-15% / +-30%.
saldo_ramo,800004,800004 - Autos,202608,2026-08-10,-2862401.0,862172.0,-432.0,Crítica,Saldo del dia vs. dia con datos anterior (2026-08-07). Umbrales +-15% / +-30%.
saldo_ramo,800004,800004 - Autos,202608,2026-08-11,6320516.0,-2862401.0,320.81,Crítica,Saldo del dia vs. dia con datos anterior (2026-08-10). Umbrales +-15% / +-30%.
saldo_ramo,800007,800007 - Responsabilidad Civil,202607,2026-07-10,26605003.0,,,Sin base,Saldo del dia vs. dia con datos anterior (s/d). Umbrales +-15% / +-30%.
saldo_ramo,800007,800007 - Responsabilidad Civil,202607,2026-07-22,16634647.0,26605003.0,-37.48,Crítica,Saldo del dia vs. dia con datos anterior (2026-07-10). Umbrales +-15% / +-30%.
saldo_ramo,800007,800007 - Responsabilidad Civil,202607,2026-07-29,23319050.0,16634647.0,40.18,Crítica,Saldo del dia vs. dia con datos anterior (2026-07-22). Umbrales +-15% / +-30%.
saldo_ramo,800007,800007 - Responsabilidad Civil,202608,2026-08-04,10069055.0,23319050.0,-56.82,Crítica,Saldo del dia vs. dia con datos anterior (2026-07-29). Umbrales +-15% / +-30%.
saldo_ramo,800007,800007 - Responsabilidad Civil,202608,2026-08-10,25740001.0,10069055.0,155.63,Crítica,Saldo del dia vs. dia con datos anterior (2026-08-04). Umbrales +-15% / +-30%.
saldo_ramo,800008,800008 - Ingeniería,202606,2026-06-30,783416726.0,,,Sin base,Saldo del dia vs. dia con datos anterior (s/d). Umbrales +-15% / +-30%.
saldo_ramo,800008,800008 - Ingeniería,202607,2026-07-01,-627900.0,783416726.0,-100.08,Crítica,Saldo del dia vs. dia con datos anterior (2026-06-30). Umbrales +-15% / +-30%.
saldo_ramo,800020,800020 - Otros,202605,2026-05-14,1323718822.0,,,Sin base,Saldo del dia vs. dia con datos anterior (s/d). Umbrales +-15% / +-30%.
saldo_ramo,800020,800020 - Otros,202605,2026-05-22,1578678.0,1323718822.0,-99.88,Crítica,Saldo del dia vs. dia con datos anterior (2026-05-14). Umbrales +-15% / +-30%.
saldo_ramo,800020,800020 - Otros,202605,2026-05-29,1820377.0,1578678.0,15.31,Advertencia,Saldo del dia vs. dia con datos anterior (2026-05-22). Umbrales +-15% / +-30%.
saldo_ramo,800020,800020 - Otros,202606,2026-06-04,115288374.0,1820377.0,6233.21,Crítica,Saldo del dia vs. dia con datos anterior (2026-05-29). Umbrales +-15% / +-30%.
saldo_ramo,800020,800020 - Otros,202606,2026-06-10,-1579400.0,115288374.0,-101.37,Crítica,Saldo del dia vs. dia con datos anterior (2026-06-04). Umbrales +-15% / +-30%.
saldo_ramo,800020,800020 - Otros,202606,2026-06-16,1363233835.0,-1579400.0,86413.4,Crítica,Saldo del dia vs. dia con datos anterior (2026-06-10). Umbrales +-15% / +-30%.
saldo_ramo,800020,800020 - Otros,202606,2026-06-17,6381118.0,1363233835.0,-99.53,Crítica,Saldo del dia vs. dia con datos anterior (2026-06-16). Umbrales +-15% / +-30%.
saldo_ramo,800020,800020 - Otros,202606,2026-06-26,1338423.0,6381118.0,-79.03,Crítica,Saldo del dia vs. dia con datos anterior (2026-06-17). Umbrales +-15% / +-30%.
saldo_ramo,800020,800020 - Otros,202606,2026-06-30,3442054.0,1338423.0,157.17,Crítica,Saldo del dia vs. dia con datos anterior (2026-06-26). Umbrales +-15% / +-30%.
saldo_ramo,800020,800020 - Otros,202607,2026-07-02,111426572.0,3442054.0,3137.21,Crítica,Saldo del dia vs. dia con datos anterior (2026-06-30). Umbrales +-15% / +-30%.
saldo_ramo,800020,800020 - Otros,202607,2026-07-07,-700312.0,111426572.0,-100.63,Crítica,Saldo del dia vs. dia con datos anterior (2026-07-02). Umbrales +-15% / +-30%.
saldo_ramo,800020,800020 - Otros,202607,2026-07-16,1363326331.0,-700312.0,194774.14,Crítica,Saldo del dia vs. dia con datos anterior (2026-07-07). Umbrales +-15% / +-30%.
saldo_ramo,800020,800020 - Otros,202607,2026-07-22,1844284.0,1363326331.0,-99.86,Crítica,Saldo del dia vs. dia con datos anterior (2026-07-16). Umbrales +-15% / +-30%.
saldo_ramo,800020,800020 - Otros,202607,2026-07-24,1611200.0,1844284.0,-12.64,Normal,Saldo del dia vs. dia con datos anterior (2026-07-22). Umbrales +-15% / +-30%.
saldo_ramo,800020,800020 - Otros,202608,2026-08-06,131699080.0,1611200.0,8073.97,Crítica,Saldo del dia vs. dia con datos anterior (2026-07-24). Umbrales +-15% / +-30%.
saldo_ramo,8092,8092 - Transporte / Navegación,202605,2026-05-25,3000000.0,,,Sin base,Saldo del dia vs. dia con datos anterior (s/d). Umbrales +-15% / +-30%.
saldo_ramo,8092,8092 - Transporte / Navegación,202606,2026-06-05,200000.0,3000000.0,-93.33,Crítica,Saldo del dia vs. dia con datos anterior (2026-05-25). Umbrales +-15% / +-30%.
saldo_ramo,8092,8092 - Transporte / Navegación,202607,2026-07-03,200000.0,200000.0,0.0,Normal,Saldo del dia vs. dia con datos anterior (2026-06-05). Umbrales +-15% / +-30%.
saldo_ramo,8092,8092 - Transporte / Navegación,202607,2026-07-09,-3000000.0,200000.0,-1600.0,Crítica,Saldo del dia vs. dia con datos anterior (2026-07-03). Umbrales +-15% / +-30%.
saldo_ramo,8092,8092 - Transporte / Navegación,202607,2026-07-30,23700000.0,-3000000.0,890.0,Crítica,Saldo del dia vs. dia con datos anterior (2026-07-09). Umbrales +-15% / +-30%.
saldo_ramo,8092,8092 - Transporte / Navegación,202608,2026-08-01,200000.0,23700000.0,-99.16,Crítica,Saldo del dia vs. dia con datos anterior (2026-07-30). Umbrales +-15% / +-30%.
saldo_ramo,900719,900719 - Exequias,202605,2026-05-14,61984291.0,,,Sin base,Saldo del dia vs. dia con datos anterior (s/d). Umbrales +-15% / +-30%.
saldo_ramo,900719,900719 - Exequias,202605,2026-05-15,0.0,61984291.0,-100.0,Crítica,Saldo del dia vs. dia con datos anterior (2026-05-14). Umbrales +-15% / +-30%.
saldo_ramo,900719,900719 - Exequias,202605,2026-05-19,13200502.0,0.0,,Sin base,Saldo del dia vs. dia con datos anterior (2026-05-15). Umbrales +-15% / +-30%.
saldo_ramo,900719,900719 - Exequias,202605,2026-05-20,1015692.0,13200502.0,-92.31,Crítica,Saldo del dia vs. dia con datos anterior (2026-05-19). Umbrales +-15% / +-30%.
saldo_ramo,900719,900719 - Exequias,202605,2026-05-21,-1040287.0,1015692.0,-202.42,Crítica,Saldo del dia vs. dia con datos anterior (2026-05-20). Umbrales +-15% / +-30%.
saldo_ramo,900719,900719 - Exequias,202605,2026-05-22,-1192577.0,-1040287.0,-14.64,Normal,Saldo del dia vs. dia con datos anterior (2026-05-21). Umbrales +-15% / +-30%.
saldo_ramo,900719,900719 - Exequias,202605,2026-05-25,3861140.0,-1192577.0,423.76,Crítica,Saldo del dia vs. dia con datos anterior (2026-05-22). Umbrales +-15% / +-30%.
saldo_ramo,900719,900719 - Exequias,202605,2026-05-26,-573560.0,3861140.0,-114.85,Crítica,Saldo del dia vs. dia con datos anterior (2026-05-25). Umbrales +-15% / +-30%.
saldo_ramo,900719,900719 - Exequias,202605,2026-05-27,3174731.0,-573560.0,653.51,Crítica,Saldo del dia vs. dia con datos anterior (2026-05-26). Umbrales +-15% / +-30%.
saldo_ramo,900719,900719 - Exequias,202605,2026-05-28,-1759745.0,3174731.0,-155.43,Crítica,Saldo del dia vs. dia con datos anterior (2026-05-27). Umbrales +-15% / +-30%.
saldo_ramo,900719,900719 - Exequias,202605,2026-05-29,272732.0,-1759745.0,115.5,Crítica,Saldo del dia vs. dia con datos anterior (2026-05-28). Umbrales +-15% / +-30%.
saldo_ramo,900719,900719 - Exequias,202606,2026-06-01,-6069135.0,272732.0,-2325.31,Crítica,Saldo del dia vs. dia con datos anterior (2026-05-29). Umbrales +-15% / +-30%.
saldo_ramo,900719,900719 - Exequias,202606,2026-06-02,1104527.0,-6069135.0,118.2,Crítica,Saldo del dia vs. dia con datos anterior (2026-06-01). Umbrales +-15% / +-30%.
saldo_ramo,900719,900719 - Exequias,202606,2026-06-03,2331117.0,1104527.0,111.05,Crítica,Saldo del dia vs. dia con datos anterior (2026-06-02). Umbrales +-15% / +-30%.
saldo_ramo,900719,900719 - Exequias,202606,2026-06-04,-1287911.0,2331117.0,-155.25,Crítica,Saldo del dia vs. dia con datos anterior (2026-06-03). Umbrales +-15% / +-30%.
saldo_ramo,900719,900719 - Exequias,202606,2026-06-05,8748148.0,-1287911.0,779.25,Crítica,Saldo del dia vs. dia con datos anterior (2026-06-04). Umbrales +-15% / +-30%.
saldo_ramo,900719,900719 - Exequias,202606,2026-06-09,-1270104.0,8748148.0,-114.52,Crítica,Saldo del dia vs. dia con datos anterior (2026-06-05). Umbrales +-15% / +-30%.
saldo_ramo,900719,900719 - Exequias,202606,2026-06-10,-150673.0,-1270104.0,88.14,Crítica,Saldo del dia vs. dia con datos anterior (2026-06-09). Umbrales +-15% / +-30%.
saldo_ramo,900719,900719 - Exequias,202606,2026-06-11,2685202.0,-150673.0,1882.14,Crítica,Saldo del dia vs. dia con datos anterior (2026-06-10). Umbrales +-15% / +-30%.
saldo_ramo,900719,900719 - Exequias,202606,2026-06-12,1440233.0,2685202.0,-46.36,Crítica,Saldo del dia vs. dia con datos anterior (2026-06-11). Umbrales +-15% / +-30%.
saldo_ramo,900719,900719 - Exequias,202606,2026-06-16,1522064.0,1440233.0,5.68,Normal,Saldo del dia vs. dia con datos anterior (2026-06-12). Umbrales +-15% / +-30%.
saldo_ramo,900719,900719 - Exequias,202606,2026-06-17,229145731.0,1522064.0,14954.93,Crítica,Saldo del dia vs. dia con datos anterior (2026-06-16). Umbrales +-15% / +-30%.
saldo_ramo,900719,900719 - Exequias,202606,2026-06-18,23457461.0,229145731.0,-89.76,Crítica,Saldo del dia vs. dia con datos anterior (2026-06-17). Umbrales +-15% / +-30%.
saldo_ramo,900719,900719 - Exequias,202606,2026-06-19,16443278.0,23457461.0,-29.9,Advertencia,Saldo del dia vs. dia con datos anterior (2026-06-18). Umbrales +-15% / +-30%.
saldo_ramo,900719,900719 - Exequias,202606,2026-06-20,678019.0,16443278.0,-95.88,Crítica,Saldo del dia vs. dia con datos anterior (2026-06-19). Umbrales +-15% / +-30%.
saldo_ramo,900719,900719 - Exequias,202606,2026-06-22,14109390.0,678019.0,1980.97,Crítica,Saldo del dia vs. dia con datos anterior (2026-06-20). Umbrales +-15% / +-30%.
saldo_ramo,900719,900719 - Exequias,202606,2026-06-23,20624866.0,14109390.0,46.18,Crítica,Saldo del dia vs. dia con datos anterior (2026-06-22). Umbrales +-15% / +-30%.
saldo_ramo,900719,900719 - Exequias,202606,2026-06-24,30980617.0,20624866.0,50.21,Crítica,Saldo del dia vs. dia con datos anterior (2026-06-23). Umbrales +-15% / +-30%.
saldo_ramo,900719,900719 - Exequias,202606,2026-06-25,2457332.0,30980617.0,-92.07,Crítica,Saldo del dia vs. dia con datos anterior (2026-06-24). Umbrales +-15% / +-30%.
saldo_ramo,900719,900719 - Exequias,202606,2026-06-26,658232.0,2457332.0,-73.21,Crítica,Saldo del dia vs. dia con datos anterior (2026-06-25). Umbrales +-15% / +-30%.
saldo_ramo,900719,900719 - Exequias,202606,2026-06-27,-3556047.0,658232.0,-640.24,Crítica,Saldo del dia vs. dia con datos anterior (2026-06-26). Umbrales +-15% / +-30%.
saldo_ramo,900719,900719 - Exequias,202606,2026-06-30,1014066.0,-3556047.0,128.52,Crítica,Saldo del dia vs. dia con datos anterior (2026-06-27). Umbrales +-15% / +-30%.
saldo_ramo,900719,900719 - Exequias,202607,2026-07-01,1558683.0,1014066.0,53.71,Crítica,Saldo del dia vs. dia con datos anterior (2026-06-30). Umbrales +-15% / +-30%.
saldo_ramo,900719,900719 - Exequias,202607,2026-07-02,9189910.0,1558683.0,489.59,Crítica,Saldo del dia vs. dia con datos anterior (2026-07-01). Umbrales +-15% / +-30%.
saldo_ramo,900719,900719 - Exequias,202607,2026-07-03,15442213.0,9189910.0,68.03,Crítica,Saldo del dia vs. dia con datos anterior (2026-07-02). Umbrales +-15% / +-30%.
saldo_ramo,900719,900719 - Exequias,202607,2026-07-06,-705826.0,15442213.0,-104.57,Crítica,Saldo del dia vs. dia con datos anterior (2026-07-03). Umbrales +-15% / +-30%.
saldo_ramo,900719,900719 - Exequias,202607,2026-07-07,8493333.0,-705826.0,1303.32,Crítica,Saldo del dia vs. dia con datos anterior (2026-07-06). Umbrales +-15% / +-30%.
saldo_ramo,900719,900719 - Exequias,202607,2026-07-08,21732510.0,8493333.0,155.88,Crítica,Saldo del dia vs. dia con datos anterior (2026-07-07). Umbrales +-15% / +-30%.
saldo_ramo,900719,900719 - Exequias,202607,2026-07-09,53742580.0,21732510.0,147.29,Crítica,Saldo del dia vs. dia con datos anterior (2026-07-08). Umbrales +-15% / +-30%.
saldo_ramo,900719,900719 - Exequias,202607,2026-07-10,-233003.0,53742580.0,-100.43,Crítica,Saldo del dia vs. dia con datos anterior (2026-07-09). Umbrales +-15% / +-30%.
saldo_ramo,900719,900719 - Exequias,202607,2026-07-13,-889304.0,-233003.0,-281.67,Crítica,Saldo del dia vs. dia con datos anterior (2026-07-10). Umbrales +-15% / +-30%.
saldo_ramo,900719,900719 - Exequias,202607,2026-07-14,238525179.0,-889304.0,26921.56,Crítica,Saldo del dia vs. dia con datos anterior (2026-07-13). Umbrales +-15% / +-30%.
saldo_ramo,900719,900719 - Exequias,202607,2026-07-15,29475.0,238525179.0,-99.99,Crítica,Saldo del dia vs. dia con datos anterior (2026-07-14). Umbrales +-15% / +-30%.
saldo_ramo,900719,900719 - Exequias,202607,2026-07-16,664085.0,29475.0,2153.04,Crítica,Saldo del dia vs. dia con datos anterior (2026-07-15). Umbrales +-15% / +-30%.
saldo_ramo,900719,900719 - Exequias,202607,2026-07-17,-218645.0,664085.0,-132.92,Crítica,Saldo del dia vs. dia con datos anterior (2026-07-16). Umbrales +-15% / +-30%.
saldo_ramo,900719,900719 - Exequias,202607,2026-07-21,-755215.0,-218645.0,-245.41,Crítica,Saldo del dia vs. dia con datos anterior (2026-07-17). Umbrales +-15% / +-30%.
saldo_ramo,900719,900719 - Exequias,202607,2026-07-22,4353929.0,-755215.0,676.52,Crítica,Saldo del dia vs. dia con datos anterior (2026-07-21). Umbrales +-15% / +-30%.
saldo_ramo,900719,900719 - Exequias,202607,2026-07-23,-706453.0,4353929.0,-116.23,Crítica,Saldo del dia vs. dia con datos anterior (2026-07-22). Umbrales +-15% / +-30%.
saldo_ramo,900719,900719 - Exequias,202607,2026-07-24,2772193.0,-706453.0,492.41,Crítica,Saldo del dia vs. dia con datos anterior (2026-07-23). Umbrales +-15% / +-30%.
saldo_ramo,900719,900719 - Exequias,202607,2026-07-27,4847145.0,2772193.0,74.85,Crítica,Saldo del dia vs. dia con datos anterior (2026-07-24). Umbrales +-15% / +-30%.
saldo_ramo,900719,900719 - Exequias,202607,2026-07-28,2761680.0,4847145.0,-43.02,Crítica,Saldo del dia vs. dia con datos anterior (2026-07-27). Umbrales +-15% / +-30%.
saldo_ramo,900719,900719 - Exequias,202607,2026-07-29,8419131.0,2761680.0,204.86,Crítica,Saldo del dia vs. dia con datos anterior (2026-07-28). Umbrales +-15% / +-30%.
saldo_ramo,900719,900719 - Exequias,202607,2026-07-30,4531950.0,8419131.0,-46.17,Crítica,Saldo del dia vs. dia con datos anterior (2026-07-29). Umbrales +-15% / +-30%.
saldo_ramo,900719,900719 - Exequias,202607,2026-07-31,488477.0,4531950.0,-89.22,Crítica,Saldo del dia vs. dia con datos anterior (2026-07-30). Umbrales +-15% / +-30%.
saldo_ramo,900719,900719 - Exequias,202608,2026-08-01,10458309.0,488477.0,2041.0,Crítica,Saldo del dia vs. dia con datos anterior (2026-07-31). Umbrales +-15% / +-30%.
saldo_ramo,900719,900719 - Exequias,202608,2026-08-03,-10010064.0,10458309.0,-195.71,Crítica,Saldo del dia vs. dia con datos anterior (2026-08-01). Umbrales +-15% / +-30%.
saldo_ramo,900719,900719 - Exequias,202608,2026-08-04,-1070294.0,-10010064.0,89.31,Crítica,Saldo del dia vs. dia con datos anterior (2026-08-03). Umbrales +-15% / +-30%.
saldo_ramo,900719,900719 - Exequias,202608,2026-08-05,806439.0,-1070294.0,175.35,Crítica,Saldo del dia vs. dia con datos anterior (2026-08-04). Umbrales +-15% / +-30%.
saldo_ramo,900719,900719 - Exequias,202608,2026-08-06,-165106.0,806439.0,-120.47,Crítica,Saldo del dia vs. dia con datos anterior (2026-08-05). Umbrales +-15% / +-30%.
saldo_ramo,900719,900719 - Exequias,202608,2026-08-10,-1693116.0,-165106.0,-925.47,Crítica,Saldo del dia vs. dia con datos anterior (2026-08-06). Umbrales +-15% / +-30%.
saldo_ramo,900719,900719 - Exequias,202608,2026-08-11,4795406.0,-1693116.0,383.23,Crítica,Saldo del dia vs. dia con datos anterior (2026-08-10). Umbrales +-15% / +-30%.
saldo_ramo,900720,900720 - Exequias,202605,2026-05-14,25749774.0,,,Sin base,Saldo del dia vs. dia con datos anterior (s/d). Umbrales +-15% / +-30%.
saldo_ramo,900720,900720 - Exequias,202605,2026-05-15,-7657744.0,25749774.0,-129.74,Crítica,Saldo del dia vs. dia con datos anterior (2026-05-14). Umbrales +-15% / +-30%.
saldo_ramo,900720,900720 - Exequias,202605,2026-05-19,-6295682.0,-7657744.0,17.79,Advertencia,Saldo del dia vs. dia con datos anterior (2026-05-15). Umbrales +-15% / +-30%.
saldo_ramo,900720,900720 - Exequias,202605,2026-05-20,19390746.0,-6295682.0,408.0,Crítica,Saldo del dia vs. dia con datos anterior (2026-05-19). Umbrales +-15% / +-30%.
saldo_ramo,900720,900720 - Exequias,202605,2026-05-21,357930.0,19390746.0,-98.15,Crítica,Saldo del dia vs. dia con datos anterior (2026-05-20). Umbrales +-15% / +-30%.
saldo_ramo,900720,900720 - Exequias,202605,2026-05-25,4790341.0,357930.0,1238.35,Crítica,Saldo del dia vs. dia con datos anterior (2026-05-21). Umbrales +-15% / +-30%.
saldo_ramo,900720,900720 - Exequias,202605,2026-05-26,3263201.0,4790341.0,-31.88,Crítica,Saldo del dia vs. dia con datos anterior (2026-05-25). Umbrales +-15% / +-30%.
saldo_ramo,900720,900720 - Exequias,202605,2026-05-27,3793666.0,3263201.0,16.26,Advertencia,Saldo del dia vs. dia con datos anterior (2026-05-26). Umbrales +-15% / +-30%.
saldo_ramo,900720,900720 - Exequias,202605,2026-05-28,5670595.0,3793666.0,49.48,Crítica,Saldo del dia vs. dia con datos anterior (2026-05-27). Umbrales +-15% / +-30%.
saldo_ramo,900720,900720 - Exequias,202605,2026-05-29,15686164.0,5670595.0,176.62,Crítica,Saldo del dia vs. dia con datos anterior (2026-05-28). Umbrales +-15% / +-30%.
saldo_ramo,900720,900720 - Exequias,202606,2026-06-01,4836436.0,15686164.0,-69.17,Crítica,Saldo del dia vs. dia con datos anterior (2026-05-29). Umbrales +-15% / +-30%.
saldo_ramo,900720,900720 - Exequias,202606,2026-06-02,26587485.0,4836436.0,449.73,Crítica,Saldo del dia vs. dia con datos anterior (2026-06-01). Umbrales +-15% / +-30%.
saldo_ramo,900720,900720 - Exequias,202606,2026-06-03,5686172.0,26587485.0,-78.61,Crítica,Saldo del dia vs. dia con datos anterior (2026-06-02). Umbrales +-15% / +-30%.
saldo_ramo,900720,900720 - Exequias,202606,2026-06-04,4880236.0,5686172.0,-14.17,Normal,Saldo del dia vs. dia con datos anterior (2026-06-03). Umbrales +-15% / +-30%.
saldo_ramo,900720,900720 - Exequias,202606,2026-06-05,4825894.0,4880236.0,-1.11,Normal,Saldo del dia vs. dia con datos anterior (2026-06-04). Umbrales +-15% / +-30%.
saldo_ramo,900720,900720 - Exequias,202606,2026-06-09,16211913.0,4825894.0,235.94,Crítica,Saldo del dia vs. dia con datos anterior (2026-06-05). Umbrales +-15% / +-30%.
saldo_ramo,900720,900720 - Exequias,202606,2026-06-10,10392203.0,16211913.0,-35.9,Crítica,Saldo del dia vs. dia con datos anterior (2026-06-09). Umbrales +-15% / +-30%.
saldo_ramo,900720,900720 - Exequias,202606,2026-06-11,1546687.0,10392203.0,-85.12,Crítica,Saldo del dia vs. dia con datos anterior (2026-06-10). Umbrales +-15% / +-30%.
saldo_ramo,900720,900720 - Exequias,202606,2026-06-12,8270384.0,1546687.0,434.72,Crítica,Saldo del dia vs. dia con datos anterior (2026-06-11). Umbrales +-15% / +-30%.
saldo_ramo,900720,900720 - Exequias,202606,2026-06-16,-353221.0,8270384.0,-104.27,Crítica,Saldo del dia vs. dia con datos anterior (2026-06-12). Umbrales +-15% / +-30%.
saldo_ramo,900720,900720 - Exequias,202606,2026-06-17,23680458.0,-353221.0,6804.15,Crítica,Saldo del dia vs. dia con datos anterior (2026-06-16). Umbrales +-15% / +-30%.
saldo_ramo,900720,900720 - Exequias,202606,2026-06-18,2037569.0,23680458.0,-91.4,Crítica,Saldo del dia vs. dia con datos anterior (2026-06-17). Umbrales +-15% / +-30%.
saldo_ramo,900720,900720 - Exequias,202606,2026-06-19,883408.0,2037569.0,-56.64,Crítica,Saldo del dia vs. dia con datos anterior (2026-06-18). Umbrales +-15% / +-30%.
saldo_ramo,900720,900720 - Exequias,202606,2026-06-22,812705.0,883408.0,-8.0,Normal,Saldo del dia vs. dia con datos anterior (2026-06-19). Umbrales +-15% / +-30%.
saldo_ramo,900720,900720 - Exequias,202606,2026-06-23,359010.0,812705.0,-55.83,Crítica,Saldo del dia vs. dia con datos anterior (2026-06-22). Umbrales +-15% / +-30%.
saldo_ramo,900720,900720 - Exequias,202606,2026-06-24,65970.0,359010.0,-81.62,Crítica,Saldo del dia vs. dia con datos anterior (2026-06-23). Umbrales +-15% / +-30%.
saldo_ramo,900720,900720 - Exequias,202606,2026-06-26,19213062.0,65970.0,29023.94,Crítica,Saldo del dia vs. dia con datos anterior (2026-06-24). Umbrales +-15% / +-30%.
saldo_ramo,900720,900720 - Exequias,202606,2026-06-28,-6314080.0,19213062.0,-132.86,Crítica,Saldo del dia vs. dia con datos anterior (2026-06-26). Umbrales +-15% / +-30%.
saldo_ramo,900720,900720 - Exequias,202606,2026-06-30,6570962.0,-6314080.0,204.07,Crítica,Saldo del dia vs. dia con datos anterior (2026-06-28). Umbrales +-15% / +-30%.
saldo_ramo,900720,900720 - Exequias,202607,2026-07-01,4244586.0,6570962.0,-35.4,Crítica,Saldo del dia vs. dia con datos anterior (2026-06-30). Umbrales +-15% / +-30%.
saldo_ramo,900720,900720 - Exequias,202607,2026-07-02,3498.0,4244586.0,-99.92,Crítica,Saldo del dia vs. dia con datos anterior (2026-07-01). Umbrales +-15% / +-30%.
saldo_ramo,900720,900720 - Exequias,202607,2026-07-03,1914002.0,3498.0,54617.04,Crítica,Saldo del dia vs. dia con datos anterior (2026-07-02). Umbrales +-15% / +-30%.
saldo_ramo,900720,900720 - Exequias,202607,2026-07-06,5539572.0,1914002.0,189.42,Crítica,Saldo del dia vs. dia con datos anterior (2026-07-03). Umbrales +-15% / +-30%.
saldo_ramo,900720,900720 - Exequias,202607,2026-07-07,1431.0,5539572.0,-99.97,Crítica,Saldo del dia vs. dia con datos anterior (2026-07-06). Umbrales +-15% / +-30%.
saldo_ramo,900720,900720 - Exequias,202607,2026-07-08,5711599.0,1431.0,399033.4,Crítica,Saldo del dia vs. dia con datos anterior (2026-07-07). Umbrales +-15% / +-30%.
saldo_ramo,900720,900720 - Exequias,202607,2026-07-09,37250544.0,5711599.0,552.19,Crítica,Saldo del dia vs. dia con datos anterior (2026-07-08). Umbrales +-15% / +-30%.
saldo_ramo,900720,900720 - Exequias,202607,2026-07-10,1827256.0,37250544.0,-95.09,Crítica,Saldo del dia vs. dia con datos anterior (2026-07-09). Umbrales +-15% / +-30%.
saldo_ramo,900720,900720 - Exequias,202607,2026-07-14,2190068.0,1827256.0,19.86,Advertencia,Saldo del dia vs. dia con datos anterior (2026-07-10). Umbrales +-15% / +-30%.
saldo_ramo,900720,900720 - Exequias,202607,2026-07-15,330706.0,2190068.0,-84.9,Crítica,Saldo del dia vs. dia con datos anterior (2026-07-14). Umbrales +-15% / +-30%.
saldo_ramo,900720,900720 - Exequias,202607,2026-07-16,875572.0,330706.0,164.76,Crítica,Saldo del dia vs. dia con datos anterior (2026-07-15). Umbrales +-15% / +-30%.
saldo_ramo,900720,900720 - Exequias,202607,2026-07-17,1577507.0,875572.0,80.17,Crítica,Saldo del dia vs. dia con datos anterior (2026-07-16). Umbrales +-15% / +-30%.
saldo_ramo,900720,900720 - Exequias,202607,2026-07-21,37804706.0,1577507.0,2296.48,Crítica,Saldo del dia vs. dia con datos anterior (2026-07-17). Umbrales +-15% / +-30%.
saldo_ramo,900720,900720 - Exequias,202607,2026-07-22,23034047.0,37804706.0,-39.07,Crítica,Saldo del dia vs. dia con datos anterior (2026-07-21). Umbrales +-15% / +-30%.
saldo_ramo,900720,900720 - Exequias,202607,2026-07-23,964348.0,23034047.0,-95.81,Crítica,Saldo del dia vs. dia con datos anterior (2026-07-22). Umbrales +-15% / +-30%.
saldo_ramo,900720,900720 - Exequias,202607,2026-07-24,878884.0,964348.0,-8.86,Normal,Saldo del dia vs. dia con datos anterior (2026-07-23). Umbrales +-15% / +-30%.
saldo_ramo,900720,900720 - Exequias,202607,2026-07-27,4950617.0,878884.0,463.28,Crítica,Saldo del dia vs. dia con datos anterior (2026-07-24). Umbrales +-15% / +-30%.
saldo_ramo,900720,900720 - Exequias,202607,2026-07-28,-15311225.0,4950617.0,-409.28,Crítica,Saldo del dia vs. dia con datos anterior (2026-07-27). Umbrales +-15% / +-30%.
saldo_ramo,900720,900720 - Exequias,202607,2026-07-29,23774432.0,-15311225.0,255.27,Crítica,Saldo del dia vs. dia con datos anterior (2026-07-28). Umbrales +-15% / +-30%.
saldo_ramo,900720,900720 - Exequias,202607,2026-07-30,-2103724.0,23774432.0,-108.85,Crítica,Saldo del dia vs. dia con datos anterior (2026-07-29). Umbrales +-15% / +-30%.
saldo_ramo,900720,900720 - Exequias,202607,2026-07-31,15413098.0,-2103724.0,832.66,Crítica,Saldo del dia vs. dia con datos anterior (2026-07-30). Umbrales +-15% / +-30%.
saldo_ramo,900720,900720 - Exequias,202608,2026-08-03,1082167.0,15413098.0,-92.98,Crítica,Saldo del dia vs. dia con datos anterior (2026-07-31). Umbrales +-15% / +-30%.
saldo_ramo,900720,900720 - Exequias,202608,2026-08-04,9901380.0,1082167.0,814.96,Crítica,Saldo del dia vs. dia con datos anterior (2026-08-03). Umbrales +-15% / +-30%.
saldo_ramo,900720,900720 - Exequias,202608,2026-08-05,1491039.0,9901380.0,-84.94,Crítica,Saldo del dia vs. dia con datos anterior (2026-08-04). Umbrales +-15% / +-30%.
saldo_ramo,900720,900720 - Exequias,202608,2026-08-06,6520614.0,1491039.0,337.32,Crítica,Saldo del dia vs. dia con datos anterior (2026-08-05). Umbrales +-15% / +-30%.
saldo_ramo,900720,900720 - Exequias,202608,2026-08-10,645715.0,6520614.0,-90.1,Crítica,Saldo del dia vs. dia con datos anterior (2026-08-06). Umbrales +-15% / +-30%.
saldo_ramo,900720,900720 - Exequias,202608,2026-08-11,465355.0,645715.0,-27.93,Advertencia,Saldo del dia vs. dia con datos anterior (2026-08-10). Umbrales +-15% / +-30%.
saldo_ramo,900730,900730 - SOAT,202605,2026-05-14,51372100.0,,,Sin base,Saldo del dia vs. dia con datos anterior (s/d). Umbrales +-15% / +-30%.
saldo_ramo,900730,900730 - SOAT,202605,2026-05-15,55922900.0,51372100.0,8.86,Normal,Saldo del dia vs. dia con datos anterior (2026-05-14). Umbrales +-15% / +-30%.
saldo_ramo,900730,900730 - SOAT,202605,2026-05-16,34733300.0,55922900.0,-37.89,Crítica,Saldo del dia vs. dia con datos anterior (2026-05-15). Umbrales +-15% / +-30%.
saldo_ramo,900730,900730 - SOAT,202605,2026-05-17,736200.0,34733300.0,-97.88,Crítica,Saldo del dia vs. dia con datos anterior (2026-05-16). Umbrales +-15% / +-30%.
saldo_ramo,900730,900730 - SOAT,202605,2026-05-18,3540100.0,736200.0,380.86,Crítica,Saldo del dia vs. dia con datos anterior (2026-05-17). Umbrales +-15% / +-30%.
saldo_ramo,900730,900730 - SOAT,202605,2026-05-19,84717500.0,3540100.0,2293.08,Crítica,Saldo del dia vs. dia con datos anterior (2026-05-18). Umbrales +-15% / +-30%.
saldo_ramo,900730,900730 - SOAT,202605,2026-05-20,63685200.0,84717500.0,-24.83,Advertencia,Saldo del dia vs. dia con datos anterior (2026-05-19). Umbrales +-15% / +-30%.
saldo_ramo,900730,900730 - SOAT,202605,2026-05-21,47140300.0,63685200.0,-25.98,Advertencia,Saldo del dia vs. dia con datos anterior (2026-05-20). Umbrales +-15% / +-30%.
saldo_ramo,900730,900730 - SOAT,202605,2026-05-22,90772800.0,47140300.0,92.56,Crítica,Saldo del dia vs. dia con datos anterior (2026-05-21). Umbrales +-15% / +-30%.
saldo_ramo,900730,900730 - SOAT,202605,2026-05-23,23897900.0,90772800.0,-73.67,Crítica,Saldo del dia vs. dia con datos anterior (2026-05-22). Umbrales +-15% / +-30%.
saldo_ramo,900730,900730 - SOAT,202605,2026-05-24,807200.0,23897900.0,-96.62,Crítica,Saldo del dia vs. dia con datos anterior (2026-05-23). Umbrales +-15% / +-30%.
saldo_ramo,900730,900730 - SOAT,202605,2026-05-25,106429900.0,807200.0,13085.07,Crítica,Saldo del dia vs. dia con datos anterior (2026-05-24). Umbrales +-15% / +-30%.
saldo_ramo,900730,900730 - SOAT,202605,2026-05-26,49298100.0,106429900.0,-53.68,Crítica,Saldo del dia vs. dia con datos anterior (2026-05-25). Umbrales +-15% / +-30%.
saldo_ramo,900730,900730 - SOAT,202605,2026-05-27,61622800.0,49298100.0,25.0,Advertencia,Saldo del dia vs. dia con datos anterior (2026-05-26). Umbrales +-15% / +-30%.
saldo_ramo,900730,900730 - SOAT,202605,2026-05-28,44500000.0,61622800.0,-27.79,Advertencia,Saldo del dia vs. dia con datos anterior (2026-05-27). Umbrales +-15% / +-30%.
saldo_ramo,900730,900730 - SOAT,202605,2026-05-29,44867500.0,44500000.0,0.83,Normal,Saldo del dia vs. dia con datos anterior (2026-05-28). Umbrales +-15% / +-30%.
saldo_ramo,900730,900730 - SOAT,202605,2026-05-30,19267800.0,44867500.0,-57.06,Crítica,Saldo del dia vs. dia con datos anterior (2026-05-29). Umbrales +-15% / +-30%.
saldo_ramo,900730,900730 - SOAT,202605,2026-05-31,448600.0,19267800.0,-97.67,Crítica,Saldo del dia vs. dia con datos anterior (2026-05-30). Umbrales +-15% / +-30%.
saldo_ramo,900730,900730 - SOAT,202606,2026-06-01,81909400.0,448600.0,18158.89,Crítica,Saldo del dia vs. dia con datos anterior (2026-05-31). Umbrales +-15% / +-30%.
saldo_ramo,900730,900730 - SOAT,202606,2026-06-02,34111100.0,81909400.0,-58.36,Crítica,Saldo del dia vs. dia con datos anterior (2026-06-01). Umbrales +-15% / +-30%.
saldo_ramo,900730,900730 - SOAT,202606,2026-06-03,74629700.0,34111100.0,118.78,Crítica,Saldo del dia vs. dia con datos anterior (2026-06-02). Umbrales +-15% / +-30%.
saldo_ramo,900730,900730 - SOAT,202606,2026-06-04,71013200.0,74629700.0,-4.85,Normal,Saldo del dia vs. dia con datos anterior (2026-06-03). Umbrales +-15% / +-30%.
saldo_ramo,900730,900730 - SOAT,202606,2026-06-05,77257500.0,71013200.0,8.79,Normal,Saldo del dia vs. dia con datos anterior (2026-06-04). Umbrales +-15% / +-30%.
saldo_ramo,900730,900730 - SOAT,202606,2026-06-06,39565000.0,77257500.0,-48.79,Crítica,Saldo del dia vs. dia con datos anterior (2026-06-05). Umbrales +-15% / +-30%.
saldo_ramo,900730,900730 - SOAT,202606,2026-06-07,745300.0,39565000.0,-98.12,Crítica,Saldo del dia vs. dia con datos anterior (2026-06-06). Umbrales +-15% / +-30%.
saldo_ramo,900730,900730 - SOAT,202606,2026-06-08,3485700.0,745300.0,367.69,Crítica,Saldo del dia vs. dia con datos anterior (2026-06-07). Umbrales +-15% / +-30%.
saldo_ramo,900730,900730 - SOAT,202606,2026-06-09,87359000.0,3485700.0,2406.21,Crítica,Saldo del dia vs. dia con datos anterior (2026-06-08). Umbrales +-15% / +-30%.
saldo_ramo,900730,900730 - SOAT,202606,2026-06-10,50624500.0,87359000.0,-42.05,Crítica,Saldo del dia vs. dia con datos anterior (2026-06-09). Umbrales +-15% / +-30%.
saldo_ramo,900730,900730 - SOAT,202606,2026-06-11,63281200.0,50624500.0,25.0,Advertencia,Saldo del dia vs. dia con datos anterior (2026-06-10). Umbrales +-15% / +-30%.
saldo_ramo,900730,900730 - SOAT,202606,2026-06-12,64278500.0,63281200.0,1.58,Normal,Saldo del dia vs. dia con datos anterior (2026-06-11). Umbrales +-15% / +-30%.
saldo_ramo,900730,900730 - SOAT,202606,2026-06-13,25055500.0,64278500.0,-61.02,Crítica,Saldo del dia vs. dia con datos anterior (2026-06-12). Umbrales +-15% / +-30%.
saldo_ramo,900730,900730 - SOAT,202606,2026-06-14,1065500.0,25055500.0,-95.75,Crítica,Saldo del dia vs. dia con datos anterior (2026-06-13). Umbrales +-15% / +-30%.
saldo_ramo,900730,900730 - SOAT,202606,2026-06-15,4790600.0,1065500.0,349.61,Crítica,Saldo del dia vs. dia con datos anterior (2026-06-14). Umbrales +-15% / +-30%.
saldo_ramo,900730,900730 - SOAT,202606,2026-06-16,106989100.0,4790600.0,2133.31,Crítica,Saldo del dia vs. dia con datos anterior (2026-06-15). Umbrales +-15% / +-30%.
saldo_ramo,900730,900730 - SOAT,202606,2026-06-17,59310300.0,106989100.0,-44.56,Crítica,Saldo del dia vs. dia con datos anterior (2026-06-16). Umbrales +-15% / +-30%.
saldo_ramo,900730,900730 - SOAT,202606,2026-06-18,93370500.0,59310300.0,57.43,Crítica,Saldo del dia vs. dia con datos anterior (2026-06-17). Umbrales +-15% / +-30%.
saldo_ramo,900730,900730 - SOAT,202606,2026-06-19,67615200.0,93370500.0,-27.58,Advertencia,Saldo del dia vs. dia con datos anterior (2026-06-18). Umbrales +-15% / +-30%.
saldo_ramo,900730,900730 - SOAT,202606,2026-06-20,34373500.0,67615200.0,-49.16,Crítica,Saldo del dia vs. dia con datos anterior (2026-06-19). Umbrales +-15% / +-30%.
saldo_ramo,900730,900730 - SOAT,202606,2026-06-21,897200.0,34373500.0,-97.39,Crítica,Saldo del dia vs. dia con datos anterior (2026-06-20). Umbrales +-15% / +-30%.
saldo_ramo,900730,900730 - SOAT,202606,2026-06-22,55312900.0,897200.0,6065.06,Crítica,Saldo del dia vs. dia con datos anterior (2026-06-21). Umbrales +-15% / +-30%.
saldo_ramo,900730,900730 - SOAT,202606,2026-06-23,63242200.0,55312900.0,14.34,Normal,Saldo del dia vs. dia con datos anterior (2026-06-22). Umbrales +-15% / +-30%.
saldo_ramo,900730,900730 - SOAT,202606,2026-06-24,52910900.0,63242200.0,-16.34,Advertencia,Saldo del dia vs. dia con datos anterior (2026-06-23). Umbrales +-15% / +-30%.
saldo_ramo,900730,900730 - SOAT,202606,2026-06-25,89473100.0,52910900.0,69.1,Crítica,Saldo del dia vs. dia con datos anterior (2026-06-24). Umbrales +-15% / +-30%.
saldo_ramo,900730,900730 - SOAT,202606,2026-06-26,72022700.0,89473100.0,-19.5,Advertencia,Saldo del dia vs. dia con datos anterior (2026-06-25). Umbrales +-15% / +-30%.
saldo_ramo,900730,900730 - SOAT,202606,2026-06-27,27506900.0,72022700.0,-61.81,Crítica,Saldo del dia vs. dia con datos anterior (2026-06-26). Umbrales +-15% / +-30%.
saldo_ramo,900730,900730 - SOAT,202606,2026-06-28,4951500.0,27506900.0,-82.0,Crítica,Saldo del dia vs. dia con datos anterior (2026-06-27). Umbrales +-15% / +-30%.
saldo_ramo,900730,900730 - SOAT,202606,2026-06-29,5880500.0,4951500.0,18.76,Advertencia,Saldo del dia vs. dia con datos anterior (2026-06-28). Umbrales +-15% / +-30%.
saldo_ramo,900730,900730 - SOAT,202606,2026-06-30,58092400.0,5880500.0,887.88,Crítica,Saldo del dia vs. dia con datos anterior (2026-06-29). Umbrales +-15% / +-30%.
saldo_ramo,900730,900730 - SOAT,202607,2026-07-01,62245200.0,58092400.0,7.15,Normal,Saldo del dia vs. dia con datos anterior (2026-06-30). Umbrales +-15% / +-30%.
saldo_ramo,900730,900730 - SOAT,202607,2026-07-02,91776800.0,62245200.0,47.44,Crítica,Saldo del dia vs. dia con datos anterior (2026-07-01). Umbrales +-15% / +-30%.
saldo_ramo,900730,900730 - SOAT,202607,2026-07-06,2527600.0,91776800.0,-97.25,Crítica,Saldo del dia vs. dia con datos anterior (2026-07-02). Umbrales +-15% / +-30%.
saldo_ramo,900730,900730 - SOAT,202607,2026-07-28,-590900.0,2527600.0,-123.38,Crítica,Saldo del dia vs. dia con datos anterior (2026-07-06). Umbrales +-15% / +-30%.
saldo_ramo,900730,900730 - SOAT,202607,2026-07-31,-355500.0,-590900.0,39.84,Crítica,Saldo del dia vs. dia con datos anterior (2026-07-28). Umbrales +-15% / +-30%.
saldo_ramo,900731,900731 - Autos,202605,2026-05-14,318781.0,,,Sin base,Saldo del dia vs. dia con datos anterior (s/d). Umbrales +-15% / +-30%.
saldo_ramo,900731,900731 - Autos,202605,2026-05-19,54128.0,318781.0,-83.02,Crítica,Saldo del dia vs. dia con datos anterior (2026-05-14). Umbrales +-15% / +-30%.
saldo_ramo,900731,900731 - Autos,202605,2026-05-21,186811.0,54128.0,245.13,Crítica,Saldo del dia vs. dia con datos anterior (2026-05-19). Umbrales +-15% / +-30%.
saldo_ramo,900731,900731 - Autos,202605,2026-05-22,1328610.0,186811.0,611.21,Crítica,Saldo del dia vs. dia con datos anterior (2026-05-21). Umbrales +-15% / +-30%.
saldo_ramo,900731,900731 - Autos,202605,2026-05-25,58259.0,1328610.0,-95.62,Crítica,Saldo del dia vs. dia con datos anterior (2026-05-22). Umbrales +-15% / +-30%.
saldo_ramo,900731,900731 - Autos,202605,2026-05-26,504208.0,58259.0,765.46,Crítica,Saldo del dia vs. dia con datos anterior (2026-05-25). Umbrales +-15% / +-30%.
saldo_ramo,900731,900731 - Autos,202605,2026-05-27,1856753.0,504208.0,268.25,Crítica,Saldo del dia vs. dia con datos anterior (2026-05-26). Umbrales +-15% / +-30%.
saldo_ramo,900731,900731 - Autos,202605,2026-05-28,453203.0,1856753.0,-75.59,Crítica,Saldo del dia vs. dia con datos anterior (2026-05-27). Umbrales +-15% / +-30%.
saldo_ramo,900731,900731 - Autos,202605,2026-05-29,833742.0,453203.0,83.97,Crítica,Saldo del dia vs. dia con datos anterior (2026-05-28). Umbrales +-15% / +-30%.
saldo_ramo,900731,900731 - Autos,202606,2026-06-01,2491364.0,833742.0,198.82,Crítica,Saldo del dia vs. dia con datos anterior (2026-05-29). Umbrales +-15% / +-30%.
saldo_ramo,900731,900731 - Autos,202606,2026-06-05,1484601.0,2491364.0,-40.41,Crítica,Saldo del dia vs. dia con datos anterior (2026-06-01). Umbrales +-15% / +-30%.
saldo_ramo,900731,900731 - Autos,202606,2026-06-09,157001.0,1484601.0,-89.42,Crítica,Saldo del dia vs. dia con datos anterior (2026-06-05). Umbrales +-15% / +-30%.
saldo_ramo,900731,900731 - Autos,202606,2026-06-10,720540.0,157001.0,358.94,Crítica,Saldo del dia vs. dia con datos anterior (2026-06-09). Umbrales +-15% / +-30%.
saldo_ramo,900731,900731 - Autos,202606,2026-06-17,672837.0,720540.0,-6.62,Normal,Saldo del dia vs. dia con datos anterior (2026-06-10). Umbrales +-15% / +-30%.
saldo_ramo,900731,900731 - Autos,202606,2026-06-18,134313.0,672837.0,-80.04,Crítica,Saldo del dia vs. dia con datos anterior (2026-06-17). Umbrales +-15% / +-30%.
saldo_ramo,900731,900731 - Autos,202606,2026-06-23,366543.0,134313.0,172.9,Crítica,Saldo del dia vs. dia con datos anterior (2026-06-18). Umbrales +-15% / +-30%.
saldo_ramo,900731,900731 - Autos,202606,2026-06-24,166836.0,366543.0,-54.48,Crítica,Saldo del dia vs. dia con datos anterior (2026-06-23). Umbrales +-15% / +-30%.
saldo_ramo,900731,900731 - Autos,202606,2026-06-25,196877.0,166836.0,18.01,Advertencia,Saldo del dia vs. dia con datos anterior (2026-06-24). Umbrales +-15% / +-30%.
saldo_ramo,900731,900731 - Autos,202606,2026-06-30,2570820.0,196877.0,1205.8,Crítica,Saldo del dia vs. dia con datos anterior (2026-06-25). Umbrales +-15% / +-30%.
saldo_ramo,900731,900731 - Autos,202607,2026-07-01,465827.0,2570820.0,-81.88,Crítica,Saldo del dia vs. dia con datos anterior (2026-06-30). Umbrales +-15% / +-30%.
saldo_ramo,900731,900731 - Autos,202607,2026-07-02,295645.0,465827.0,-36.53,Crítica,Saldo del dia vs. dia con datos anterior (2026-07-01). Umbrales +-15% / +-30%.
saldo_ramo,900731,900731 - Autos,202607,2026-07-06,200753.0,295645.0,-32.1,Crítica,Saldo del dia vs. dia con datos anterior (2026-07-02). Umbrales +-15% / +-30%.
saldo_ramo,900731,900731 - Autos,202607,2026-07-07,644592.0,200753.0,221.09,Crítica,Saldo del dia vs. dia con datos anterior (2026-07-06). Umbrales +-15% / +-30%.
saldo_ramo,900731,900731 - Autos,202607,2026-07-08,1439971.0,644592.0,123.39,Crítica,Saldo del dia vs. dia con datos anterior (2026-07-07). Umbrales +-15% / +-30%.
saldo_ramo,900731,900731 - Autos,202607,2026-07-09,110512.0,1439971.0,-92.33,Crítica,Saldo del dia vs. dia con datos anterior (2026-07-08). Umbrales +-15% / +-30%.
saldo_ramo,900731,900731 - Autos,202607,2026-07-14,960895.0,110512.0,769.49,Crítica,Saldo del dia vs. dia con datos anterior (2026-07-09). Umbrales +-15% / +-30%.
saldo_ramo,900731,900731 - Autos,202607,2026-07-15,423233.0,960895.0,-55.95,Crítica,Saldo del dia vs. dia con datos anterior (2026-07-14). Umbrales +-15% / +-30%.
saldo_ramo,900731,900731 - Autos,202607,2026-07-16,2026833.0,423233.0,378.89,Crítica,Saldo del dia vs. dia con datos anterior (2026-07-15). Umbrales +-15% / +-30%.
saldo_ramo,900731,900731 - Autos,202607,2026-07-17,321270.0,2026833.0,-84.15,Crítica,Saldo del dia vs. dia con datos anterior (2026-07-16). Umbrales +-15% / +-30%.
saldo_ramo,900731,900731 - Autos,202607,2026-07-22,1926702.0,321270.0,499.71,Crítica,Saldo del dia vs. dia con datos anterior (2026-07-17). Umbrales +-15% / +-30%.
saldo_ramo,900731,900731 - Autos,202607,2026-07-23,798955.0,1926702.0,-58.53,Crítica,Saldo del dia vs. dia con datos anterior (2026-07-22). Umbrales +-15% / +-30%.
saldo_ramo,900731,900731 - Autos,202607,2026-07-24,1034680.0,798955.0,29.5,Advertencia,Saldo del dia vs. dia con datos anterior (2026-07-23). Umbrales +-15% / +-30%.
saldo_ramo,900731,900731 - Autos,202607,2026-07-27,342105.0,1034680.0,-66.94,Crítica,Saldo del dia vs. dia con datos anterior (2026-07-24). Umbrales +-15% / +-30%.
saldo_ramo,900731,900731 - Autos,202607,2026-07-28,107466.0,342105.0,-68.59,Crítica,Saldo del dia vs. dia con datos anterior (2026-07-27). Umbrales +-15% / +-30%.
saldo_ramo,900731,900731 - Autos,202607,2026-07-29,995738.0,107466.0,826.56,Crítica,Saldo del dia vs. dia con datos anterior (2026-07-28). Umbrales +-15% / +-30%.
saldo_ramo,900731,900731 - Autos,202607,2026-07-30,555627.0,995738.0,-44.2,Crítica,Saldo del dia vs. dia con datos anterior (2026-07-29). Umbrales +-15% / +-30%.
saldo_ramo,900731,900731 - Autos,202607,2026-07-31,53914.0,555627.0,-90.3,Crítica,Saldo del dia vs. dia con datos anterior (2026-07-30). Umbrales +-15% / +-30%.
saldo_ramo,900731,900731 - Autos,202608,2026-08-03,172921.0,53914.0,220.73,Crítica,Saldo del dia vs. dia con datos anterior (2026-07-31). Umbrales +-15% / +-30%.
saldo_ramo,900731,900731 - Autos,202608,2026-08-04,3860262.0,172921.0,2132.38,Crítica,Saldo del dia vs. dia con datos anterior (2026-08-03). Umbrales +-15% / +-30%.
saldo_ramo,900731,900731 - Autos,202608,2026-08-05,336035.0,3860262.0,-91.3,Crítica,Saldo del dia vs. dia con datos anterior (2026-08-04). Umbrales +-15% / +-30%.
saldo_ramo,900731,900731 - Autos,202608,2026-08-10,536149.0,336035.0,59.55,Crítica,Saldo del dia vs. dia con datos anterior (2026-08-05). Umbrales +-15% / +-30%.
saldo_ramo,900731,900731 - Autos,202608,2026-08-11,688455.0,536149.0,28.41,Advertencia,Saldo del dia vs. dia con datos anterior (2026-08-10). Umbrales +-15% / +-30%.
saldo_ramo,900742,900742 - PYME / Multiriesgo,202605,2026-05-14,165481736.0,,,Sin base,Saldo del dia vs. dia con datos anterior (s/d). Umbrales +-15% / +-30%.
saldo_ramo,900742,900742 - PYME / Multiriesgo,202605,2026-05-15,234928035.0,165481736.0,41.97,Crítica,Saldo del dia vs. dia con datos anterior (2026-05-14). Umbrales +-15% / +-30%.
saldo_ramo,900742,900742 - PYME / Multiriesgo,202605,2026-05-17,12073295.0,234928035.0,-94.86,Crítica,Saldo del dia vs. dia con datos anterior (2026-05-15). Umbrales +-15% / +-30%.
saldo_ramo,900742,900742 - PYME / Multiriesgo,202605,2026-05-18,46787343.0,12073295.0,287.53,Crítica,Saldo del dia vs. dia con datos anterior (2026-05-17). Umbrales +-15% / +-30%.
saldo_ramo,900742,900742 - PYME / Multiriesgo,202605,2026-05-19,53082512.0,46787343.0,13.45,Normal,Saldo del dia vs. dia con datos anterior (2026-05-18). Umbrales +-15% / +-30%.
saldo_ramo,900742,900742 - PYME / Multiriesgo,202605,2026-05-20,201133382.0,53082512.0,278.91,Crítica,Saldo del dia vs. dia con datos anterior (2026-05-19). Umbrales +-15% / +-30%.
saldo_ramo,900742,900742 - PYME / Multiriesgo,202605,2026-05-21,356177228.0,201133382.0,77.09,Crítica,Saldo del dia vs. dia con datos anterior (2026-05-20). Umbrales +-15% / +-30%.
saldo_ramo,900742,900742 - PYME / Multiriesgo,202605,2026-05-22,117130401.0,356177228.0,-67.11,Crítica,Saldo del dia vs. dia con datos anterior (2026-05-21). Umbrales +-15% / +-30%.
saldo_ramo,900742,900742 - PYME / Multiriesgo,202605,2026-05-25,457216286.0,117130401.0,290.35,Crítica,Saldo del dia vs. dia con datos anterior (2026-05-22). Umbrales +-15% / +-30%.
saldo_ramo,900742,900742 - PYME / Multiriesgo,202605,2026-05-26,198341798.0,457216286.0,-56.62,Crítica,Saldo del dia vs. dia con datos anterior (2026-05-25). Umbrales +-15% / +-30%.
saldo_ramo,900742,900742 - PYME / Multiriesgo,202605,2026-05-27,320775833.0,198341798.0,61.73,Crítica,Saldo del dia vs. dia con datos anterior (2026-05-26). Umbrales +-15% / +-30%.
saldo_ramo,900742,900742 - PYME / Multiriesgo,202605,2026-05-28,246525927.0,320775833.0,-23.15,Advertencia,Saldo del dia vs. dia con datos anterior (2026-05-27). Umbrales +-15% / +-30%.
saldo_ramo,900742,900742 - PYME / Multiriesgo,202605,2026-05-29,457183459.0,246525927.0,85.45,Crítica,Saldo del dia vs. dia con datos anterior (2026-05-28). Umbrales +-15% / +-30%.
saldo_ramo,900742,900742 - PYME / Multiriesgo,202606,2026-06-01,-71939588.0,457183459.0,-115.74,Crítica,Saldo del dia vs. dia con datos anterior (2026-05-29). Umbrales +-15% / +-30%.
saldo_ramo,900742,900742 - PYME / Multiriesgo,202606,2026-06-02,-62617977.0,-71939588.0,12.96,Normal,Saldo del dia vs. dia con datos anterior (2026-06-01). Umbrales +-15% / +-30%.
saldo_ramo,900742,900742 - PYME / Multiriesgo,202606,2026-06-03,248543236.0,-62617977.0,496.92,Crítica,Saldo del dia vs. dia con datos anterior (2026-06-02). Umbrales +-15% / +-30%.
saldo_ramo,900742,900742 - PYME / Multiriesgo,202606,2026-06-04,-3175432.0,248543236.0,-101.28,Crítica,Saldo del dia vs. dia con datos anterior (2026-06-03). Umbrales +-15% / +-30%.
saldo_ramo,900742,900742 - PYME / Multiriesgo,202606,2026-06-05,169510253.0,-3175432.0,5438.18,Crítica,Saldo del dia vs. dia con datos anterior (2026-06-04). Umbrales +-15% / +-30%.
saldo_ramo,900742,900742 - PYME / Multiriesgo,202606,2026-06-08,2366497.0,169510253.0,-98.6,Crítica,Saldo del dia vs. dia con datos anterior (2026-06-05). Umbrales +-15% / +-30%.
saldo_ramo,900742,900742 - PYME / Multiriesgo,202606,2026-06-09,48977634.0,2366497.0,1969.63,Crítica,Saldo del dia vs. dia con datos anterior (2026-06-08). Umbrales +-15% / +-30%.
saldo_ramo,900742,900742 - PYME / Multiriesgo,202606,2026-06-10,222952132.0,48977634.0,355.21,Crítica,Saldo del dia vs. dia con datos anterior (2026-06-09). Umbrales +-15% / +-30%.
saldo_ramo,900742,900742 - PYME / Multiriesgo,202606,2026-06-11,127013485.0,222952132.0,-43.03,Crítica,Saldo del dia vs. dia con datos anterior (2026-06-10). Umbrales +-15% / +-30%.
saldo_ramo,900742,900742 - PYME / Multiriesgo,202606,2026-06-12,256067116.0,127013485.0,101.61,Crítica,Saldo del dia vs. dia con datos anterior (2026-06-11). Umbrales +-15% / +-30%.
saldo_ramo,900742,900742 - PYME / Multiriesgo,202606,2026-06-13,10546391.0,256067116.0,-95.88,Crítica,Saldo del dia vs. dia con datos anterior (2026-06-12). Umbrales +-15% / +-30%.
saldo_ramo,900742,900742 - PYME / Multiriesgo,202606,2026-06-14,-434372.0,10546391.0,-104.12,Crítica,Saldo del dia vs. dia con datos anterior (2026-06-13). Umbrales +-15% / +-30%.
saldo_ramo,900742,900742 - PYME / Multiriesgo,202606,2026-06-15,5940464.0,-434372.0,1467.6,Crítica,Saldo del dia vs. dia con datos anterior (2026-06-14). Umbrales +-15% / +-30%.
saldo_ramo,900742,900742 - PYME / Multiriesgo,202606,2026-06-16,-146247554.0,5940464.0,-2561.89,Crítica,Saldo del dia vs. dia con datos anterior (2026-06-15). Umbrales +-15% / +-30%.
saldo_ramo,900742,900742 - PYME / Multiriesgo,202606,2026-06-17,102153855.0,-146247554.0,169.85,Crítica,Saldo del dia vs. dia con datos anterior (2026-06-16). Umbrales +-15% / +-30%.
saldo_ramo,900742,900742 - PYME / Multiriesgo,202606,2026-06-18,-25347187.0,102153855.0,-124.81,Crítica,Saldo del dia vs. dia con datos anterior (2026-06-17). Umbrales +-15% / +-30%.
saldo_ramo,900742,900742 - PYME / Multiriesgo,202606,2026-06-19,98404538.0,-25347187.0,488.23,Crítica,Saldo del dia vs. dia con datos anterior (2026-06-18). Umbrales +-15% / +-30%.
saldo_ramo,900742,900742 - PYME / Multiriesgo,202606,2026-06-22,119465393.0,98404538.0,21.4,Advertencia,Saldo del dia vs. dia con datos anterior (2026-06-19). Umbrales +-15% / +-30%.
saldo_ramo,900742,900742 - PYME / Multiriesgo,202606,2026-06-23,272153846.0,119465393.0,127.81,Crítica,Saldo del dia vs. dia con datos anterior (2026-06-22). Umbrales +-15% / +-30%.
saldo_ramo,900742,900742 - PYME / Multiriesgo,202606,2026-06-24,140808538.0,272153846.0,-48.26,Crítica,Saldo del dia vs. dia con datos anterior (2026-06-23). Umbrales +-15% / +-30%.
saldo_ramo,900742,900742 - PYME / Multiriesgo,202606,2026-06-25,334828796.0,140808538.0,137.79,Crítica,Saldo del dia vs. dia con datos anterior (2026-06-24). Umbrales +-15% / +-30%.
saldo_ramo,900742,900742 - PYME / Multiriesgo,202606,2026-06-26,399114047.0,334828796.0,19.2,Advertencia,Saldo del dia vs. dia con datos anterior (2026-06-25). Umbrales +-15% / +-30%.
saldo_ramo,900742,900742 - PYME / Multiriesgo,202606,2026-06-28,3215382.0,399114047.0,-99.19,Crítica,Saldo del dia vs. dia con datos anterior (2026-06-26). Umbrales +-15% / +-30%.
saldo_ramo,900742,900742 - PYME / Multiriesgo,202606,2026-06-29,170413598.0,3215382.0,5199.95,Crítica,Saldo del dia vs. dia con datos anterior (2026-06-28). Umbrales +-15% / +-30%.
saldo_ramo,900742,900742 - PYME / Multiriesgo,202606,2026-06-30,241649346.0,170413598.0,41.8,Crítica,Saldo del dia vs. dia con datos anterior (2026-06-29). Umbrales +-15% / +-30%.
saldo_ramo,900742,900742 - PYME / Multiriesgo,202607,2026-07-01,87344036.0,241649346.0,-63.86,Crítica,Saldo del dia vs. dia con datos anterior (2026-06-30). Umbrales +-15% / +-30%.
saldo_ramo,900742,900742 - PYME / Multiriesgo,202607,2026-07-02,69558909.0,87344036.0,-20.36,Advertencia,Saldo del dia vs. dia con datos anterior (2026-07-01). Umbrales +-15% / +-30%.
saldo_ramo,900742,900742 - PYME / Multiriesgo,202607,2026-07-03,57610497.0,69558909.0,-17.18,Advertencia,Saldo del dia vs. dia con datos anterior (2026-07-02). Umbrales +-15% / +-30%.
saldo_ramo,900742,900742 - PYME / Multiriesgo,202607,2026-07-06,-27662727.0,57610497.0,-148.02,Crítica,Saldo del dia vs. dia con datos anterior (2026-07-03). Umbrales +-15% / +-30%.
saldo_ramo,900742,900742 - PYME / Multiriesgo,202607,2026-07-07,152736814.0,-27662727.0,652.14,Crítica,Saldo del dia vs. dia con datos anterior (2026-07-06). Umbrales +-15% / +-30%.
saldo_ramo,900742,900742 - PYME / Multiriesgo,202607,2026-07-08,32796604.0,152736814.0,-78.53,Crítica,Saldo del dia vs. dia con datos anterior (2026-07-07). Umbrales +-15% / +-30%.
saldo_ramo,900742,900742 - PYME / Multiriesgo,202607,2026-07-09,126288093.0,32796604.0,285.06,Crítica,Saldo del dia vs. dia con datos anterior (2026-07-08). Umbrales +-15% / +-30%.
saldo_ramo,900742,900742 - PYME / Multiriesgo,202607,2026-07-10,154755474.0,126288093.0,22.54,Advertencia,Saldo del dia vs. dia con datos anterior (2026-07-09). Umbrales +-15% / +-30%.
saldo_ramo,900742,900742 - PYME / Multiriesgo,202607,2026-07-13,-21022731.0,154755474.0,-113.58,Crítica,Saldo del dia vs. dia con datos anterior (2026-07-10). Umbrales +-15% / +-30%.
saldo_ramo,900742,900742 - PYME / Multiriesgo,202607,2026-07-14,581293.0,-21022731.0,102.77,Crítica,Saldo del dia vs. dia con datos anterior (2026-07-13). Umbrales +-15% / +-30%.
saldo_ramo,900742,900742 - PYME / Multiriesgo,202607,2026-07-15,75808990.0,581293.0,12941.44,Crítica,Saldo del dia vs. dia con datos anterior (2026-07-14). Umbrales +-15% / +-30%.
saldo_ramo,900742,900742 - PYME / Multiriesgo,202607,2026-07-16,120659226.0,75808990.0,59.16,Crítica,Saldo del dia vs. dia con datos anterior (2026-07-15). Umbrales +-15% / +-30%.
saldo_ramo,900742,900742 - PYME / Multiriesgo,202607,2026-07-17,278779684.0,120659226.0,131.05,Crítica,Saldo del dia vs. dia con datos anterior (2026-07-16). Umbrales +-15% / +-30%.
saldo_ramo,900742,900742 - PYME / Multiriesgo,202607,2026-07-19,274872256.0,278779684.0,-1.4,Normal,Saldo del dia vs. dia con datos anterior (2026-07-17). Umbrales +-15% / +-30%.
saldo_ramo,900742,900742 - PYME / Multiriesgo,202607,2026-07-20,10742196.0,274872256.0,-96.09,Crítica,Saldo del dia vs. dia con datos anterior (2026-07-19). Umbrales +-15% / +-30%.
saldo_ramo,900742,900742 - PYME / Multiriesgo,202607,2026-07-21,375239737.0,10742196.0,3393.14,Crítica,Saldo del dia vs. dia con datos anterior (2026-07-20). Umbrales +-15% / +-30%.
saldo_ramo,900742,900742 - PYME / Multiriesgo,202607,2026-07-22,162338139.0,375239737.0,-56.74,Crítica,Saldo del dia vs. dia con datos anterior (2026-07-21). Umbrales +-15% / +-30%.
saldo_ramo,900742,900742 - PYME / Multiriesgo,202607,2026-07-23,107714435.0,162338139.0,-33.65,Crítica,Saldo del dia vs. dia con datos anterior (2026-07-22). Umbrales +-15% / +-30%.
saldo_ramo,900742,900742 - PYME / Multiriesgo,202607,2026-07-24,103817510.0,107714435.0,-3.62,Normal,Saldo del dia vs. dia con datos anterior (2026-07-23). Umbrales +-15% / +-30%.
saldo_ramo,900742,900742 - PYME / Multiriesgo,202607,2026-07-25,4266133.0,103817510.0,-95.89,Crítica,Saldo del dia vs. dia con datos anterior (2026-07-24). Umbrales +-15% / +-30%.
saldo_ramo,900742,900742 - PYME / Multiriesgo,202607,2026-07-26,14254257.0,4266133.0,234.13,Crítica,Saldo del dia vs. dia con datos anterior (2026-07-25). Umbrales +-15% / +-30%.
saldo_ramo,900742,900742 - PYME / Multiriesgo,202607,2026-07-27,13125140.0,14254257.0,-7.92,Normal,Saldo del dia vs. dia con datos anterior (2026-07-26). Umbrales +-15% / +-30%.
saldo_ramo,900742,900742 - PYME / Multiriesgo,202607,2026-07-28,206931436.0,13125140.0,1476.6,Crítica,Saldo del dia vs. dia con datos anterior (2026-07-27). Umbrales +-15% / +-30%.
saldo_ramo,900742,900742 - PYME / Multiriesgo,202607,2026-07-29,249592470.0,206931436.0,20.62,Advertencia,Saldo del dia vs. dia con datos anterior (2026-07-28). Umbrales +-15% / +-30%.
saldo_ramo,900742,900742 - PYME / Multiriesgo,202607,2026-07-30,447479528.0,249592470.0,79.28,Crítica,Saldo del dia vs. dia con datos anterior (2026-07-29). Umbrales +-15% / +-30%.
saldo_ramo,900742,900742 - PYME / Multiriesgo,202607,2026-07-31,53072689.0,447479528.0,-88.14,Crítica,Saldo del dia vs. dia con datos anterior (2026-07-30). Umbrales +-15% / +-30%.
saldo_ramo,900742,900742 - PYME / Multiriesgo,202608,2026-08-01,9555940.0,53072689.0,-81.99,Crítica,Saldo del dia vs. dia con datos anterior (2026-07-31). Umbrales +-15% / +-30%.
saldo_ramo,900742,900742 - PYME / Multiriesgo,202608,2026-08-03,64143956.0,9555940.0,571.25,Crítica,Saldo del dia vs. dia con datos anterior (2026-08-01). Umbrales +-15% / +-30%.
saldo_ramo,900742,900742 - PYME / Multiriesgo,202608,2026-08-04,951609.0,64143956.0,-98.52,Crítica,Saldo del dia vs. dia con datos anterior (2026-08-03). Umbrales +-15% / +-30%.
saldo_ramo,900742,900742 - PYME / Multiriesgo,202608,2026-08-05,-74762761.0,951609.0,-7956.46,Crítica,Saldo del dia vs. dia con datos anterior (2026-08-04). Umbrales +-15% / +-30%.
saldo_ramo,900742,900742 - PYME / Multiriesgo,202608,2026-08-06,154023836.0,-74762761.0,306.02,Crítica,Saldo del dia vs. dia con datos anterior (2026-08-05). Umbrales +-15% / +-30%.
saldo_ramo,900742,900742 - PYME / Multiriesgo,202608,2026-08-07,5477705.0,154023836.0,-96.44,Crítica,Saldo del dia vs. dia con datos anterior (2026-08-06). Umbrales +-15% / +-30%.
saldo_ramo,900742,900742 - PYME / Multiriesgo,202608,2026-08-10,-53126705.0,5477705.0,-1069.87,Crítica,Saldo del dia vs. dia con datos anterior (2026-08-07). Umbrales +-15% / +-30%.
saldo_ramo,900742,900742 - PYME / Multiriesgo,202608,2026-08-11,151949134.0,-53126705.0,386.01,Crítica,Saldo del dia vs. dia con datos anterior (2026-08-10). Umbrales +-15% / +-30%.
saldo_ramo,900744,900744 - Daños Materiales,202605,2026-05-14,16777224.0,,,Sin base,Saldo del dia vs. dia con datos anterior (s/d). Umbrales +-15% / +-30%.
saldo_ramo,900744,900744 - Daños Materiales,202605,2026-05-15,1130400.0,16777224.0,-93.26,Crítica,Saldo del dia vs. dia con datos anterior (2026-05-14). Umbrales +-15% / +-30%.
saldo_ramo,900744,900744 - Daños Materiales,202605,2026-05-19,-5473705.0,1130400.0,-584.23,Crítica,Saldo del dia vs. dia con datos anterior (2026-05-15). Umbrales +-15% / +-30%.
saldo_ramo,900744,900744 - Daños Materiales,202605,2026-05-20,2317920.0,-5473705.0,142.35,Crítica,Saldo del dia vs. dia con datos anterior (2026-05-19). Umbrales +-15% / +-30%.
saldo_ramo,900744,900744 - Daños Materiales,202605,2026-05-21,37013724.0,2317920.0,1496.85,Crítica,Saldo del dia vs. dia con datos anterior (2026-05-20). Umbrales +-15% / +-30%.
saldo_ramo,900744,900744 - Daños Materiales,202605,2026-05-22,1331064.0,37013724.0,-96.4,Crítica,Saldo del dia vs. dia con datos anterior (2026-05-21). Umbrales +-15% / +-30%.
saldo_ramo,900744,900744 - Daños Materiales,202605,2026-05-23,1209024.0,1331064.0,-9.17,Normal,Saldo del dia vs. dia con datos anterior (2026-05-22). Umbrales +-15% / +-30%.
saldo_ramo,900744,900744 - Daños Materiales,202605,2026-05-25,242570040.0,1209024.0,19963.29,Crítica,Saldo del dia vs. dia con datos anterior (2026-05-23). Umbrales +-15% / +-30%.
saldo_ramo,900744,900744 - Daños Materiales,202605,2026-05-26,108256584.0,242570040.0,-55.37,Crítica,Saldo del dia vs. dia con datos anterior (2026-05-25). Umbrales +-15% / +-30%.
saldo_ramo,900744,900744 - Daños Materiales,202605,2026-05-28,-26433373.0,108256584.0,-124.42,Crítica,Saldo del dia vs. dia con datos anterior (2026-05-26). Umbrales +-15% / +-30%.
saldo_ramo,900744,900744 - Daños Materiales,202605,2026-05-29,48392520.0,-26433373.0,283.07,Crítica,Saldo del dia vs. dia con datos anterior (2026-05-28). Umbrales +-15% / +-30%.
saldo_ramo,900744,900744 - Daños Materiales,202606,2026-06-02,5908260.0,48392520.0,-87.79,Crítica,Saldo del dia vs. dia con datos anterior (2026-05-29). Umbrales +-15% / +-30%.
saldo_ramo,900744,900744 - Daños Materiales,202606,2026-06-03,53956086.0,5908260.0,813.23,Crítica,Saldo del dia vs. dia con datos anterior (2026-06-02). Umbrales +-15% / +-30%.
saldo_ramo,900744,900744 - Daños Materiales,202606,2026-06-04,13623256.0,53956086.0,-74.75,Crítica,Saldo del dia vs. dia con datos anterior (2026-06-03). Umbrales +-15% / +-30%.
saldo_ramo,900744,900744 - Daños Materiales,202606,2026-06-05,173993400.0,13623256.0,1177.18,Crítica,Saldo del dia vs. dia con datos anterior (2026-06-04). Umbrales +-15% / +-30%.
saldo_ramo,900744,900744 - Daños Materiales,202606,2026-06-10,7180548.0,173993400.0,-95.87,Crítica,Saldo del dia vs. dia con datos anterior (2026-06-05). Umbrales +-15% / +-30%.
saldo_ramo,900744,900744 - Daños Materiales,202606,2026-06-11,222958692.0,7180548.0,3005.04,Crítica,Saldo del dia vs. dia con datos anterior (2026-06-10). Umbrales +-15% / +-30%.
saldo_ramo,900744,900744 - Daños Materiales,202606,2026-06-12,-6842786.0,222958692.0,-103.07,Crítica,Saldo del dia vs. dia con datos anterior (2026-06-11). Umbrales +-15% / +-30%.
saldo_ramo,900744,900744 - Daños Materiales,202606,2026-06-16,51910298.0,-6842786.0,858.61,Crítica,Saldo del dia vs. dia con datos anterior (2026-06-12). Umbrales +-15% / +-30%.
saldo_ramo,900744,900744 - Daños Materiales,202606,2026-06-17,-2838966.0,51910298.0,-105.47,Crítica,Saldo del dia vs. dia con datos anterior (2026-06-16). Umbrales +-15% / +-30%.
saldo_ramo,900744,900744 - Daños Materiales,202606,2026-06-18,9959328.0,-2838966.0,450.81,Crítica,Saldo del dia vs. dia con datos anterior (2026-06-17). Umbrales +-15% / +-30%.
saldo_ramo,900744,900744 - Daños Materiales,202606,2026-06-19,3170760.0,9959328.0,-68.16,Crítica,Saldo del dia vs. dia con datos anterior (2026-06-18). Umbrales +-15% / +-30%.
saldo_ramo,900744,900744 - Daños Materiales,202606,2026-06-22,8172492.0,3170760.0,157.75,Crítica,Saldo del dia vs. dia con datos anterior (2026-06-19). Umbrales +-15% / +-30%.
saldo_ramo,900744,900744 - Daños Materiales,202606,2026-06-23,39660828.0,8172492.0,385.3,Crítica,Saldo del dia vs. dia con datos anterior (2026-06-22). Umbrales +-15% / +-30%.
saldo_ramo,900744,900744 - Daños Materiales,202606,2026-06-25,-43371848.0,39660828.0,-209.36,Crítica,Saldo del dia vs. dia con datos anterior (2026-06-23). Umbrales +-15% / +-30%.
saldo_ramo,900744,900744 - Daños Materiales,202606,2026-06-26,0.0,-43371848.0,100.0,Crítica,Saldo del dia vs. dia con datos anterior (2026-06-25). Umbrales +-15% / +-30%.
saldo_ramo,900744,900744 - Daños Materiales,202606,2026-06-30,165297828.0,0.0,,Sin base,Saldo del dia vs. dia con datos anterior (2026-06-26). Umbrales +-15% / +-30%.
saldo_ramo,900744,900744 - Daños Materiales,202607,2026-07-02,2752800.0,165297828.0,-98.33,Crítica,Saldo del dia vs. dia con datos anterior (2026-06-30). Umbrales +-15% / +-30%.
saldo_ramo,900744,900744 - Daños Materiales,202607,2026-07-03,-39051550.0,2752800.0,-1518.61,Crítica,Saldo del dia vs. dia con datos anterior (2026-07-02). Umbrales +-15% / +-30%.
saldo_ramo,900744,900744 - Daños Materiales,202607,2026-07-06,30881136.0,-39051550.0,179.08,Crítica,Saldo del dia vs. dia con datos anterior (2026-07-03). Umbrales +-15% / +-30%.
saldo_ramo,900744,900744 - Daños Materiales,202607,2026-07-07,-11110548.0,30881136.0,-135.98,Crítica,Saldo del dia vs. dia con datos anterior (2026-07-06). Umbrales +-15% / +-30%.
saldo_ramo,900744,900744 - Daños Materiales,202607,2026-07-08,4200024.0,-11110548.0,137.8,Crítica,Saldo del dia vs. dia con datos anterior (2026-07-07). Umbrales +-15% / +-30%.
saldo_ramo,900744,900744 - Daños Materiales,202607,2026-07-09,195009348.0,4200024.0,4543.05,Crítica,Saldo del dia vs. dia con datos anterior (2026-07-08). Umbrales +-15% / +-30%.
saldo_ramo,900744,900744 - Daños Materiales,202607,2026-07-10,-20594373.0,195009348.0,-110.56,Crítica,Saldo del dia vs. dia con datos anterior (2026-07-09). Umbrales +-15% / +-30%.
saldo_ramo,900744,900744 - Daños Materiales,202607,2026-07-14,48358872.0,-20594373.0,334.82,Crítica,Saldo del dia vs. dia con datos anterior (2026-07-10). Umbrales +-15% / +-30%.
saldo_ramo,900744,900744 - Daños Materiales,202607,2026-07-15,971114.0,48358872.0,-97.99,Crítica,Saldo del dia vs. dia con datos anterior (2026-07-14). Umbrales +-15% / +-30%.
saldo_ramo,900744,900744 - Daños Materiales,202607,2026-07-16,-2082000.0,971114.0,-314.39,Crítica,Saldo del dia vs. dia con datos anterior (2026-07-15). Umbrales +-15% / +-30%.
saldo_ramo,900744,900744 - Daños Materiales,202607,2026-07-17,164673407.0,-2082000.0,8009.39,Crítica,Saldo del dia vs. dia con datos anterior (2026-07-16). Umbrales +-15% / +-30%.
saldo_ramo,900744,900744 - Daños Materiales,202607,2026-07-21,5394818.0,164673407.0,-96.72,Crítica,Saldo del dia vs. dia con datos anterior (2026-07-17). Umbrales +-15% / +-30%.
saldo_ramo,900744,900744 - Daños Materiales,202607,2026-07-22,11006484.0,5394818.0,104.02,Crítica,Saldo del dia vs. dia con datos anterior (2026-07-21). Umbrales +-15% / +-30%.
saldo_ramo,900744,900744 - Daños Materiales,202607,2026-07-23,22591920.0,11006484.0,105.26,Crítica,Saldo del dia vs. dia con datos anterior (2026-07-22). Umbrales +-15% / +-30%.
saldo_ramo,900744,900744 - Daños Materiales,202607,2026-07-24,-6509760.0,22591920.0,-128.81,Crítica,Saldo del dia vs. dia con datos anterior (2026-07-23). Umbrales +-15% / +-30%.
saldo_ramo,900744,900744 - Daños Materiales,202607,2026-07-27,-10532448.0,-6509760.0,-61.79,Crítica,Saldo del dia vs. dia con datos anterior (2026-07-24). Umbrales +-15% / +-30%.
saldo_ramo,900744,900744 - Daños Materiales,202607,2026-07-28,303478320.0,-10532448.0,2981.37,Crítica,Saldo del dia vs. dia con datos anterior (2026-07-27). Umbrales +-15% / +-30%.
saldo_ramo,900744,900744 - Daños Materiales,202607,2026-07-29,-11582203.0,303478320.0,-103.82,Crítica,Saldo del dia vs. dia con datos anterior (2026-07-28). Umbrales +-15% / +-30%.
saldo_ramo,900744,900744 - Daños Materiales,202607,2026-07-30,49664660.0,-11582203.0,528.8,Crítica,Saldo del dia vs. dia con datos anterior (2026-07-29). Umbrales +-15% / +-30%.
saldo_ramo,900744,900744 - Daños Materiales,202607,2026-07-31,45407760.0,49664660.0,-8.57,Normal,Saldo del dia vs. dia con datos anterior (2026-07-30). Umbrales +-15% / +-30%.
saldo_ramo,900744,900744 - Daños Materiales,202608,2026-08-03,-76242280.0,45407760.0,-267.91,Crítica,Saldo del dia vs. dia con datos anterior (2026-07-31). Umbrales +-15% / +-30%.
saldo_ramo,900744,900744 - Daños Materiales,202608,2026-08-04,21554052.0,-76242280.0,128.27,Crítica,Saldo del dia vs. dia con datos anterior (2026-08-03). Umbrales +-15% / +-30%.
saldo_ramo,900744,900744 - Daños Materiales,202608,2026-08-06,11071176.0,21554052.0,-48.64,Crítica,Saldo del dia vs. dia con datos anterior (2026-08-04). Umbrales +-15% / +-30%.
saldo_ramo,900744,900744 - Daños Materiales,202608,2026-08-10,5434440.0,11071176.0,-50.91,Crítica,Saldo del dia vs. dia con datos anterior (2026-08-06). Umbrales +-15% / +-30%.
saldo_ramo,900744,900744 - Daños Materiales,202608,2026-08-11,138259687.0,5434440.0,2444.14,Crítica,Saldo del dia vs. dia con datos anterior (2026-08-10). Umbrales +-15% / +-30%.
saldo_ramo,900745,900745 - Ingeniería,202605,2026-05-21,893371060.0,,,Sin base,Saldo del dia vs. dia con datos anterior (s/d). Umbrales +-15% / +-30%.
saldo_ramo,900745,900745 - Ingeniería,202605,2026-05-26,11417060.0,893371060.0,-98.72,Crítica,Saldo del dia vs. dia con datos anterior (2026-05-21). Umbrales +-15% / +-30%.
saldo_ramo,900745,900745 - Ingeniería,202605,2026-05-27,12862726.0,11417060.0,12.66,Normal,Saldo del dia vs. dia con datos anterior (2026-05-26). Umbrales +-15% / +-30%.
saldo_ramo,900745,900745 - Ingeniería,202605,2026-05-29,2296752.0,12862726.0,-82.14,Crítica,Saldo del dia vs. dia con datos anterior (2026-05-27). Umbrales +-15% / +-30%.
saldo_ramo,900745,900745 - Ingeniería,202606,2026-06-01,20022952.0,2296752.0,771.79,Crítica,Saldo del dia vs. dia con datos anterior (2026-05-29). Umbrales +-15% / +-30%.
saldo_ramo,900745,900745 - Ingeniería,202606,2026-06-02,595580707.0,20022952.0,2874.49,Crítica,Saldo del dia vs. dia con datos anterior (2026-06-01). Umbrales +-15% / +-30%.
saldo_ramo,900745,900745 - Ingeniería,202606,2026-06-03,819000.0,595580707.0,-99.86,Crítica,Saldo del dia vs. dia con datos anterior (2026-06-02). Umbrales +-15% / +-30%.
saldo_ramo,900745,900745 - Ingeniería,202606,2026-06-10,751761.0,819000.0,-8.21,Normal,Saldo del dia vs. dia con datos anterior (2026-06-03). Umbrales +-15% / +-30%.
saldo_ramo,900745,900745 - Ingeniería,202606,2026-06-11,0.0,751761.0,-100.0,Crítica,Saldo del dia vs. dia con datos anterior (2026-06-10). Umbrales +-15% / +-30%.
saldo_ramo,900745,900745 - Ingeniería,202606,2026-06-16,-4466697.0,0.0,,Sin base,Saldo del dia vs. dia con datos anterior (2026-06-11). Umbrales +-15% / +-30%.
saldo_ramo,900745,900745 - Ingeniería,202606,2026-06-18,0.0,-4466697.0,100.0,Crítica,Saldo del dia vs. dia con datos anterior (2026-06-16). Umbrales +-15% / +-30%.
saldo_ramo,900745,900745 - Ingeniería,202606,2026-06-19,5011110.0,0.0,,Sin base,Saldo del dia vs. dia con datos anterior (2026-06-18). Umbrales +-15% / +-30%.
saldo_ramo,900745,900745 - Ingeniería,202606,2026-06-25,13730697.0,5011110.0,174.01,Crítica,Saldo del dia vs. dia con datos anterior (2026-06-19). Umbrales +-15% / +-30%.
saldo_ramo,900745,900745 - Ingeniería,202606,2026-06-26,1423879.0,13730697.0,-89.63,Crítica,Saldo del dia vs. dia con datos anterior (2026-06-25). Umbrales +-15% / +-30%.
saldo_ramo,900745,900745 - Ingeniería,202606,2026-06-30,4259763175.0,1423879.0,299066.09,Crítica,Saldo del dia vs. dia con datos anterior (2026-06-26). Umbrales +-15% / +-30%.
saldo_ramo,900745,900745 - Ingeniería,202607,2026-07-01,-369394696.0,4259763175.0,-108.67,Crítica,Saldo del dia vs. dia con datos anterior (2026-06-30). Umbrales +-15% / +-30%.
saldo_ramo,900745,900745 - Ingeniería,202607,2026-07-02,1435443.0,-369394696.0,100.39,Crítica,Saldo del dia vs. dia con datos anterior (2026-07-01). Umbrales +-15% / +-30%.
saldo_ramo,900745,900745 - Ingeniería,202607,2026-07-03,5000000.0,1435443.0,248.32,Crítica,Saldo del dia vs. dia con datos anterior (2026-07-02). Umbrales +-15% / +-30%.
saldo_ramo,900745,900745 - Ingeniería,202607,2026-07-06,611877.0,5000000.0,-87.76,Crítica,Saldo del dia vs. dia con datos anterior (2026-07-03). Umbrales +-15% / +-30%.
saldo_ramo,900745,900745 - Ingeniería,202607,2026-07-08,5011110.0,611877.0,718.97,Crítica,Saldo del dia vs. dia con datos anterior (2026-07-06). Umbrales +-15% / +-30%.
saldo_ramo,900745,900745 - Ingeniería,202607,2026-07-09,64716247.0,5011110.0,1191.46,Crítica,Saldo del dia vs. dia con datos anterior (2026-07-08). Umbrales +-15% / +-30%.
saldo_ramo,900745,900745 - Ingeniería,202607,2026-07-10,19765897.0,64716247.0,-69.46,Crítica,Saldo del dia vs. dia con datos anterior (2026-07-09). Umbrales +-15% / +-30%.
saldo_ramo,900745,900745 - Ingeniería,202607,2026-07-13,-1492226.0,19765897.0,-107.55,Crítica,Saldo del dia vs. dia con datos anterior (2026-07-10). Umbrales +-15% / +-30%.
saldo_ramo,900745,900745 - Ingeniería,202607,2026-07-16,-11370500.0,-1492226.0,-661.98,Crítica,Saldo del dia vs. dia con datos anterior (2026-07-13). Umbrales +-15% / +-30%.
saldo_ramo,900745,900745 - Ingeniería,202607,2026-07-23,14292240.0,-11370500.0,225.7,Crítica,Saldo del dia vs. dia con datos anterior (2026-07-16). Umbrales +-15% / +-30%.
saldo_ramo,900745,900745 - Ingeniería,202607,2026-07-28,1373270.0,14292240.0,-90.39,Crítica,Saldo del dia vs. dia con datos anterior (2026-07-23). Umbrales +-15% / +-30%.
saldo_ramo,900745,900745 - Ingeniería,202607,2026-07-29,47211565.0,1373270.0,3337.89,Crítica,Saldo del dia vs. dia con datos anterior (2026-07-28). Umbrales +-15% / +-30%.
saldo_ramo,900745,900745 - Ingeniería,202607,2026-07-31,2198286.0,47211565.0,-95.34,Crítica,Saldo del dia vs. dia con datos anterior (2026-07-29). Umbrales +-15% / +-30%.
saldo_ramo,900745,900745 - Ingeniería,202608,2026-08-06,69727322.0,2198286.0,3071.89,Crítica,Saldo del dia vs. dia con datos anterior (2026-07-31). Umbrales +-15% / +-30%.
saldo_ramo,900746,900746 - Daños Materiales,202606,2026-06-30,477798.0,,,Sin base,Saldo del dia vs. dia con datos anterior (s/d). Umbrales +-15% / +-30%.
saldo_ramo,900747,900747 - Daños Materiales,202605,2026-05-15,1805823964.0,,,Sin base,Saldo del dia vs. dia con datos anterior (s/d). Umbrales +-15% / +-30%.
saldo_ramo,900747,900747 - Daños Materiales,202605,2026-05-19,10253346.0,1805823964.0,-99.43,Crítica,Saldo del dia vs. dia con datos anterior (2026-05-15). Umbrales +-15% / +-30%.
saldo_ramo,900747,900747 - Daños Materiales,202605,2026-05-20,518272.0,10253346.0,-94.95,Crítica,Saldo del dia vs. dia con datos anterior (2026-05-19). Umbrales +-15% / +-30%.
saldo_ramo,900747,900747 - Daños Materiales,202605,2026-05-21,-173673.0,518272.0,-133.51,Crítica,Saldo del dia vs. dia con datos anterior (2026-05-20). Umbrales +-15% / +-30%.
saldo_ramo,900747,900747 - Daños Materiales,202605,2026-05-25,5475.0,-173673.0,103.15,Crítica,Saldo del dia vs. dia con datos anterior (2026-05-21). Umbrales +-15% / +-30%.
saldo_ramo,900747,900747 - Daños Materiales,202605,2026-05-26,123099330.0,5475.0,2248289.59,Crítica,Saldo del dia vs. dia con datos anterior (2026-05-25). Umbrales +-15% / +-30%.
saldo_ramo,900747,900747 - Daños Materiales,202606,2026-06-01,-308192.0,123099330.0,-100.25,Crítica,Saldo del dia vs. dia con datos anterior (2026-05-26). Umbrales +-15% / +-30%.
saldo_ramo,900747,900747 - Daños Materiales,202606,2026-06-02,-26579619.0,-308192.0,-8524.37,Crítica,Saldo del dia vs. dia con datos anterior (2026-06-01). Umbrales +-15% / +-30%.
saldo_ramo,900747,900747 - Daños Materiales,202606,2026-06-04,46541.0,-26579619.0,100.18,Crítica,Saldo del dia vs. dia con datos anterior (2026-06-02). Umbrales +-15% / +-30%.
saldo_ramo,900747,900747 - Daños Materiales,202606,2026-06-05,308192.0,46541.0,562.19,Crítica,Saldo del dia vs. dia con datos anterior (2026-06-04). Umbrales +-15% / +-30%.
saldo_ramo,900747,900747 - Daños Materiales,202606,2026-06-09,-15324268.0,308192.0,-5072.31,Crítica,Saldo del dia vs. dia con datos anterior (2026-06-05). Umbrales +-15% / +-30%.
saldo_ramo,900747,900747 - Daños Materiales,202606,2026-06-10,633917634.0,-15324268.0,4236.69,Crítica,Saldo del dia vs. dia con datos anterior (2026-06-09). Umbrales +-15% / +-30%.
saldo_ramo,900747,900747 - Daños Materiales,202606,2026-06-16,11258387.0,633917634.0,-98.22,Crítica,Saldo del dia vs. dia con datos anterior (2026-06-10). Umbrales +-15% / +-30%.
saldo_ramo,900747,900747 - Daños Materiales,202606,2026-06-17,1854189894.0,11258387.0,16369.41,Crítica,Saldo del dia vs. dia con datos anterior (2026-06-16). Umbrales +-15% / +-30%.
saldo_ramo,900747,900747 - Daños Materiales,202606,2026-06-18,443619932.0,1854189894.0,-76.07,Crítica,Saldo del dia vs. dia con datos anterior (2026-06-17). Umbrales +-15% / +-30%.
saldo_ramo,900747,900747 - Daños Materiales,202606,2026-06-19,1736552.0,443619932.0,-99.61,Crítica,Saldo del dia vs. dia con datos anterior (2026-06-18). Umbrales +-15% / +-30%.
saldo_ramo,900747,900747 - Daños Materiales,202606,2026-06-22,3766.0,1736552.0,-99.78,Crítica,Saldo del dia vs. dia con datos anterior (2026-06-19). Umbrales +-15% / +-30%.
saldo_ramo,900747,900747 - Daños Materiales,202606,2026-06-23,-59142.0,3766.0,-1670.42,Crítica,Saldo del dia vs. dia con datos anterior (2026-06-22). Umbrales +-15% / +-30%.
saldo_ramo,900747,900747 - Daños Materiales,202606,2026-06-24,-20885157.0,-59142.0,-35213.58,Crítica,Saldo del dia vs. dia con datos anterior (2026-06-23). Umbrales +-15% / +-30%.
saldo_ramo,900747,900747 - Daños Materiales,202606,2026-06-25,123659027.0,-20885157.0,692.09,Crítica,Saldo del dia vs. dia con datos anterior (2026-06-24). Umbrales +-15% / +-30%.
saldo_ramo,900747,900747 - Daños Materiales,202607,2026-07-02,332480326.0,123659027.0,168.87,Crítica,Saldo del dia vs. dia con datos anterior (2026-06-25). Umbrales +-15% / +-30%.
saldo_ramo,900747,900747 - Daños Materiales,202607,2026-07-03,240415619.0,332480326.0,-27.69,Advertencia,Saldo del dia vs. dia con datos anterior (2026-07-02). Umbrales +-15% / +-30%.
saldo_ramo,900747,900747 - Daños Materiales,202607,2026-07-04,271122317.0,240415619.0,12.77,Normal,Saldo del dia vs. dia con datos anterior (2026-07-03). Umbrales +-15% / +-30%.
saldo_ramo,900747,900747 - Daños Materiales,202607,2026-07-05,8417770.0,271122317.0,-96.9,Crítica,Saldo del dia vs. dia con datos anterior (2026-07-04). Umbrales +-15% / +-30%.
saldo_ramo,900747,900747 - Daños Materiales,202607,2026-07-06,184605885.0,8417770.0,2093.05,Crítica,Saldo del dia vs. dia con datos anterior (2026-07-05). Umbrales +-15% / +-30%.
saldo_ramo,900747,900747 - Daños Materiales,202607,2026-07-07,27128872.0,184605885.0,-85.3,Crítica,Saldo del dia vs. dia con datos anterior (2026-07-06). Umbrales +-15% / +-30%.
saldo_ramo,900747,900747 - Daños Materiales,202607,2026-07-08,31997253.0,27128872.0,17.95,Advertencia,Saldo del dia vs. dia con datos anterior (2026-07-07). Umbrales +-15% / +-30%.
saldo_ramo,900747,900747 - Daños Materiales,202607,2026-07-09,296916.0,31997253.0,-99.07,Crítica,Saldo del dia vs. dia con datos anterior (2026-07-08). Umbrales +-15% / +-30%.
saldo_ramo,900747,900747 - Daños Materiales,202607,2026-07-10,11744702.0,296916.0,3855.56,Crítica,Saldo del dia vs. dia con datos anterior (2026-07-09). Umbrales +-15% / +-30%.
saldo_ramo,900747,900747 - Daños Materiales,202607,2026-07-14,7390034.0,11744702.0,-37.08,Crítica,Saldo del dia vs. dia con datos anterior (2026-07-10). Umbrales +-15% / +-30%.
saldo_ramo,900747,900747 - Daños Materiales,202607,2026-07-15,335177.0,7390034.0,-95.46,Crítica,Saldo del dia vs. dia con datos anterior (2026-07-14). Umbrales +-15% / +-30%.
saldo_ramo,900747,900747 - Daños Materiales,202607,2026-07-16,1849075310.0,335177.0,551571.3,Crítica,Saldo del dia vs. dia con datos anterior (2026-07-15). Umbrales +-15% / +-30%.
saldo_ramo,900747,900747 - Daños Materiales,202607,2026-07-21,47950.0,1849075310.0,-100.0,Crítica,Saldo del dia vs. dia con datos anterior (2026-07-16). Umbrales +-15% / +-30%.
saldo_ramo,900747,900747 - Daños Materiales,202607,2026-07-22,12725837.0,47950.0,26439.81,Crítica,Saldo del dia vs. dia con datos anterior (2026-07-21). Umbrales +-15% / +-30%.
saldo_ramo,900747,900747 - Daños Materiales,202607,2026-07-23,92288.0,12725837.0,-99.27,Crítica,Saldo del dia vs. dia con datos anterior (2026-07-22). Umbrales +-15% / +-30%.
saldo_ramo,900747,900747 - Daños Materiales,202607,2026-07-24,0.0,92288.0,-100.0,Crítica,Saldo del dia vs. dia con datos anterior (2026-07-23). Umbrales +-15% / +-30%.
saldo_ramo,900747,900747 - Daños Materiales,202607,2026-07-27,7006414.0,0.0,,Sin base,Saldo del dia vs. dia con datos anterior (2026-07-24). Umbrales +-15% / +-30%.
saldo_ramo,900747,900747 - Daños Materiales,202607,2026-07-28,-37440.0,7006414.0,-100.53,Crítica,Saldo del dia vs. dia con datos anterior (2026-07-27). Umbrales +-15% / +-30%.
saldo_ramo,900747,900747 - Daños Materiales,202607,2026-07-29,121123633.0,-37440.0,323613.98,Crítica,Saldo del dia vs. dia con datos anterior (2026-07-28). Umbrales +-15% / +-30%.
saldo_ramo,900747,900747 - Daños Materiales,202607,2026-07-31,3173450.0,121123633.0,-97.38,Crítica,Saldo del dia vs. dia con datos anterior (2026-07-29). Umbrales +-15% / +-30%.
saldo_ramo,900747,900747 - Daños Materiales,202608,2026-08-04,91856.0,3173450.0,-97.11,Crítica,Saldo del dia vs. dia con datos anterior (2026-07-31). Umbrales +-15% / +-30%.
saldo_ramo,900747,900747 - Daños Materiales,202608,2026-08-05,4086415.0,91856.0,4348.72,Crítica,Saldo del dia vs. dia con datos anterior (2026-08-04). Umbrales +-15% / +-30%.
saldo_ramo,900747,900747 - Daños Materiales,202608,2026-08-06,241317906.0,4086415.0,5805.37,Crítica,Saldo del dia vs. dia con datos anterior (2026-08-05). Umbrales +-15% / +-30%.
saldo_ramo,900747,900747 - Daños Materiales,202608,2026-08-07,188033316.0,241317906.0,-22.08,Advertencia,Saldo del dia vs. dia con datos anterior (2026-08-06). Umbrales +-15% / +-30%.
saldo_ramo,900747,900747 - Daños Materiales,202608,2026-08-10,86770.0,188033316.0,-99.95,Crítica,Saldo del dia vs. dia con datos anterior (2026-08-07). Umbrales +-15% / +-30%.
saldo_ramo,900747,900747 - Daños Materiales,202608,2026-08-11,167941148.0,86770.0,193447.48,Crítica,Saldo del dia vs. dia con datos anterior (2026-08-10). Umbrales +-15% / +-30%.
saldo_ramo,900748,900748 - Hogar,202605,2026-05-14,7614904.0,,,Sin base,Saldo del dia vs. dia con datos anterior (s/d). Umbrales +-15% / +-30%.
saldo_ramo,900748,900748 - Hogar,202605,2026-05-15,20721229.0,7614904.0,172.11,Crítica,Saldo del dia vs. dia con datos anterior (2026-05-14). Umbrales +-15% / +-30%.
saldo_ramo,900748,900748 - Hogar,202605,2026-05-20,-675498.0,20721229.0,-103.26,Crítica,Saldo del dia vs. dia con datos anterior (2026-05-15). Umbrales +-15% / +-30%.
saldo_ramo,900748,900748 - Hogar,202605,2026-05-21,-229885.0,-675498.0,65.97,Crítica,Saldo del dia vs. dia con datos anterior (2026-05-20). Umbrales +-15% / +-30%.
saldo_ramo,900748,900748 - Hogar,202605,2026-05-26,981452.0,-229885.0,526.93,Crítica,Saldo del dia vs. dia con datos anterior (2026-05-21). Umbrales +-15% / +-30%.
saldo_ramo,900748,900748 - Hogar,202605,2026-05-28,-53897.0,981452.0,-105.49,Crítica,Saldo del dia vs. dia con datos anterior (2026-05-26). Umbrales +-15% / +-30%.
saldo_ramo,900748,900748 - Hogar,202605,2026-05-29,-1302085.0,-53897.0,-2315.88,Crítica,Saldo del dia vs. dia con datos anterior (2026-05-28). Umbrales +-15% / +-30%.
saldo_ramo,900748,900748 - Hogar,202606,2026-06-01,-267244.0,-1302085.0,79.48,Crítica,Saldo del dia vs. dia con datos anterior (2026-05-29). Umbrales +-15% / +-30%.
saldo_ramo,900748,900748 - Hogar,202606,2026-06-02,-253431.0,-267244.0,5.17,Normal,Saldo del dia vs. dia con datos anterior (2026-06-01). Umbrales +-15% / +-30%.
saldo_ramo,900748,900748 - Hogar,202606,2026-06-03,-27334.0,-253431.0,89.21,Crítica,Saldo del dia vs. dia con datos anterior (2026-06-02). Umbrales +-15% / +-30%.
saldo_ramo,900748,900748 - Hogar,202606,2026-06-04,2244596.0,-27334.0,8311.74,Crítica,Saldo del dia vs. dia con datos anterior (2026-06-03). Umbrales +-15% / +-30%.
saldo_ramo,900748,900748 - Hogar,202606,2026-06-05,7869734.0,2244596.0,250.61,Crítica,Saldo del dia vs. dia con datos anterior (2026-06-04). Umbrales +-15% / +-30%.
saldo_ramo,900748,900748 - Hogar,202606,2026-06-09,-144984.0,7869734.0,-101.84,Crítica,Saldo del dia vs. dia con datos anterior (2026-06-05). Umbrales +-15% / +-30%.
saldo_ramo,900748,900748 - Hogar,202606,2026-06-10,24497.0,-144984.0,116.9,Crítica,Saldo del dia vs. dia con datos anterior (2026-06-09). Umbrales +-15% / +-30%.
saldo_ramo,900748,900748 - Hogar,202606,2026-06-19,11028326.0,24497.0,44919.09,Crítica,Saldo del dia vs. dia con datos anterior (2026-06-10). Umbrales +-15% / +-30%.
saldo_ramo,900748,900748 - Hogar,202606,2026-06-22,21930028.0,11028326.0,98.85,Crítica,Saldo del dia vs. dia con datos anterior (2026-06-19). Umbrales +-15% / +-30%.
saldo_ramo,900748,900748 - Hogar,202606,2026-06-25,109020.0,21930028.0,-99.5,Crítica,Saldo del dia vs. dia con datos anterior (2026-06-22). Umbrales +-15% / +-30%.
saldo_ramo,900748,900748 - Hogar,202606,2026-06-26,27255.0,109020.0,-75.0,Crítica,Saldo del dia vs. dia con datos anterior (2026-06-25). Umbrales +-15% / +-30%.
saldo_ramo,900748,900748 - Hogar,202607,2026-07-01,-551438.0,27255.0,-2123.25,Crítica,Saldo del dia vs. dia con datos anterior (2026-06-26). Umbrales +-15% / +-30%.
saldo_ramo,900748,900748 - Hogar,202607,2026-07-02,-78085.0,-551438.0,85.84,Crítica,Saldo del dia vs. dia con datos anterior (2026-07-01). Umbrales +-15% / +-30%.
saldo_ramo,900748,900748 - Hogar,202607,2026-07-03,8407129.0,-78085.0,10866.64,Crítica,Saldo del dia vs. dia con datos anterior (2026-07-02). Umbrales +-15% / +-30%.
saldo_ramo,900748,900748 - Hogar,202607,2026-07-10,40221.0,8407129.0,-99.52,Crítica,Saldo del dia vs. dia con datos anterior (2026-07-03). Umbrales +-15% / +-30%.
saldo_ramo,900748,900748 - Hogar,202607,2026-07-14,-166700.0,40221.0,-514.46,Crítica,Saldo del dia vs. dia con datos anterior (2026-07-10). Umbrales +-15% / +-30%.
saldo_ramo,900748,900748 - Hogar,202607,2026-07-15,956781.0,-166700.0,673.95,Crítica,Saldo del dia vs. dia con datos anterior (2026-07-14). Umbrales +-15% / +-30%.
saldo_ramo,900748,900748 - Hogar,202607,2026-07-16,9226486.0,956781.0,864.33,Crítica,Saldo del dia vs. dia con datos anterior (2026-07-15). Umbrales +-15% / +-30%.
saldo_ramo,900748,900748 - Hogar,202607,2026-07-17,31343.0,9226486.0,-99.66,Crítica,Saldo del dia vs. dia con datos anterior (2026-07-16). Umbrales +-15% / +-30%.
saldo_ramo,900748,900748 - Hogar,202607,2026-07-23,20830519.0,31343.0,66359.88,Crítica,Saldo del dia vs. dia con datos anterior (2026-07-17). Umbrales +-15% / +-30%.
saldo_ramo,900748,900748 - Hogar,202607,2026-07-29,86944.0,20830519.0,-99.58,Crítica,Saldo del dia vs. dia con datos anterior (2026-07-23). Umbrales +-15% / +-30%.
saldo_ramo,900748,900748 - Hogar,202607,2026-07-30,-180392.0,86944.0,-307.48,Crítica,Saldo del dia vs. dia con datos anterior (2026-07-29). Umbrales +-15% / +-30%.
saldo_ramo,900748,900748 - Hogar,202608,2026-08-01,8176657.0,-180392.0,4632.72,Crítica,Saldo del dia vs. dia con datos anterior (2026-07-30). Umbrales +-15% / +-30%.
saldo_ramo,900748,900748 - Hogar,202608,2026-08-03,-104600.0,8176657.0,-101.28,Crítica,Saldo del dia vs. dia con datos anterior (2026-08-01). Umbrales +-15% / +-30%.
saldo_ramo,900748,900748 - Hogar,202608,2026-08-05,957112.0,-104600.0,1015.02,Crítica,Saldo del dia vs. dia con datos anterior (2026-08-03). Umbrales +-15% / +-30%.
saldo_ramo,900748,900748 - Hogar,202608,2026-08-11,140114.0,957112.0,-85.36,Crítica,Saldo del dia vs. dia con datos anterior (2026-08-05). Umbrales +-15% / +-30%.
saldo_ramo,900751,900751 - Manejo / Riesgos Financieros,202605,2026-05-15,13350000.0,,,Sin base,Saldo del dia vs. dia con datos anterior (s/d). Umbrales +-15% / +-30%.
saldo_ramo,900751,900751 - Manejo / Riesgos Financieros,202605,2026-05-19,129121300.0,13350000.0,867.2,Crítica,Saldo del dia vs. dia con datos anterior (2026-05-15). Umbrales +-15% / +-30%.
saldo_ramo,900751,900751 - Manejo / Riesgos Financieros,202605,2026-05-20,10200000.0,129121300.0,-92.1,Crítica,Saldo del dia vs. dia con datos anterior (2026-05-19). Umbrales +-15% / +-30%.
saldo_ramo,900751,900751 - Manejo / Riesgos Financieros,202605,2026-05-21,2000000.0,10200000.0,-80.39,Crítica,Saldo del dia vs. dia con datos anterior (2026-05-20). Umbrales +-15% / +-30%.
saldo_ramo,900751,900751 - Manejo / Riesgos Financieros,202605,2026-05-22,6553909.0,2000000.0,227.7,Crítica,Saldo del dia vs. dia con datos anterior (2026-05-21). Umbrales +-15% / +-30%.
saldo_ramo,900751,900751 - Manejo / Riesgos Financieros,202605,2026-05-26,-13445.0,6553909.0,-100.21,Crítica,Saldo del dia vs. dia con datos anterior (2026-05-22). Umbrales +-15% / +-30%.
saldo_ramo,900751,900751 - Manejo / Riesgos Financieros,202605,2026-05-28,-1277.0,-13445.0,90.5,Crítica,Saldo del dia vs. dia con datos anterior (2026-05-26). Umbrales +-15% / +-30%.
saldo_ramo,900751,900751 - Manejo / Riesgos Financieros,202605,2026-05-29,-1278.0,-1277.0,-0.08,Normal,Saldo del dia vs. dia con datos anterior (2026-05-28). Umbrales +-15% / +-30%.
saldo_ramo,900751,900751 - Manejo / Riesgos Financieros,202606,2026-06-02,7650000.0,-1278.0,598691.55,Crítica,Saldo del dia vs. dia con datos anterior (2026-05-29). Umbrales +-15% / +-30%.
saldo_ramo,900751,900751 - Manejo / Riesgos Financieros,202606,2026-06-09,-7006723.0,7650000.0,-191.59,Crítica,Saldo del dia vs. dia con datos anterior (2026-06-02). Umbrales +-15% / +-30%.
saldo_ramo,900751,900751 - Manejo / Riesgos Financieros,202606,2026-06-11,2500000.0,-7006723.0,135.68,Crítica,Saldo del dia vs. dia con datos anterior (2026-06-09). Umbrales +-15% / +-30%.
saldo_ramo,900751,900751 - Manejo / Riesgos Financieros,202606,2026-06-16,-6184545.0,2500000.0,-347.38,Crítica,Saldo del dia vs. dia con datos anterior (2026-06-11). Umbrales +-15% / +-30%.
saldo_ramo,900751,900751 - Manejo / Riesgos Financieros,202606,2026-06-17,53077067.0,-6184545.0,958.22,Crítica,Saldo del dia vs. dia con datos anterior (2026-06-16). Umbrales +-15% / +-30%.
saldo_ramo,900751,900751 - Manejo / Riesgos Financieros,202606,2026-06-22,-82406.0,53077067.0,-100.16,Crítica,Saldo del dia vs. dia con datos anterior (2026-06-17). Umbrales +-15% / +-30%.
saldo_ramo,900751,900751 - Manejo / Riesgos Financieros,202606,2026-06-24,40653333.0,-82406.0,49432.98,Crítica,Saldo del dia vs. dia con datos anterior (2026-06-22). Umbrales +-15% / +-30%.
saldo_ramo,900751,900751 - Manejo / Riesgos Financieros,202606,2026-06-25,6184545.0,40653333.0,-84.79,Crítica,Saldo del dia vs. dia con datos anterior (2026-06-24). Umbrales +-15% / +-30%.
saldo_ramo,900751,900751 - Manejo / Riesgos Financieros,202606,2026-06-26,10500000.0,6184545.0,69.78,Crítica,Saldo del dia vs. dia con datos anterior (2026-06-25). Umbrales +-15% / +-30%.
saldo_ramo,900751,900751 - Manejo / Riesgos Financieros,202606,2026-06-30,57360000.0,10500000.0,446.29,Crítica,Saldo del dia vs. dia con datos anterior (2026-06-26). Umbrales +-15% / +-30%.
saldo_ramo,900751,900751 - Manejo / Riesgos Financieros,202607,2026-07-01,5806723.0,57360000.0,-89.88,Crítica,Saldo del dia vs. dia con datos anterior (2026-06-30). Umbrales +-15% / +-30%.
saldo_ramo,900751,900751 - Manejo / Riesgos Financieros,202607,2026-07-02,6000000.0,5806723.0,3.33,Normal,Saldo del dia vs. dia con datos anterior (2026-07-01). Umbrales +-15% / +-30%.
saldo_ramo,900751,900751 - Manejo / Riesgos Financieros,202607,2026-07-06,46785000.0,6000000.0,679.75,Crítica,Saldo del dia vs. dia con datos anterior (2026-07-02). Umbrales +-15% / +-30%.
saldo_ramo,900751,900751 - Manejo / Riesgos Financieros,202607,2026-07-08,5000000.0,46785000.0,-89.31,Crítica,Saldo del dia vs. dia con datos anterior (2026-07-06). Umbrales +-15% / +-30%.
saldo_ramo,900751,900751 - Manejo / Riesgos Financieros,202607,2026-07-10,0.0,5000000.0,-100.0,Crítica,Saldo del dia vs. dia con datos anterior (2026-07-08). Umbrales +-15% / +-30%.
saldo_ramo,900751,900751 - Manejo / Riesgos Financieros,202607,2026-07-15,33606000.0,0.0,,Sin base,Saldo del dia vs. dia con datos anterior (2026-07-10). Umbrales +-15% / +-30%.
saldo_ramo,900751,900751 - Manejo / Riesgos Financieros,202607,2026-07-16,120000000.0,33606000.0,257.08,Crítica,Saldo del dia vs. dia con datos anterior (2026-07-15). Umbrales +-15% / +-30%.
saldo_ramo,900751,900751 - Manejo / Riesgos Financieros,202607,2026-07-21,10500000.0,120000000.0,-91.25,Crítica,Saldo del dia vs. dia con datos anterior (2026-07-16). Umbrales +-15% / +-30%.
saldo_ramo,900751,900751 - Manejo / Riesgos Financieros,202607,2026-07-22,4063122.0,10500000.0,-61.3,Crítica,Saldo del dia vs. dia con datos anterior (2026-07-21). Umbrales +-15% / +-30%.
saldo_ramo,900751,900751 - Manejo / Riesgos Financieros,202607,2026-07-24,59565000.0,4063122.0,1365.99,Crítica,Saldo del dia vs. dia con datos anterior (2026-07-22). Umbrales +-15% / +-30%.
saldo_ramo,900751,900751 - Manejo / Riesgos Financieros,202607,2026-07-27,-6250000.0,59565000.0,-110.49,Crítica,Saldo del dia vs. dia con datos anterior (2026-07-24). Umbrales +-15% / +-30%.
saldo_ramo,900751,900751 - Manejo / Riesgos Financieros,202607,2026-07-28,27108592.0,-6250000.0,533.74,Crítica,Saldo del dia vs. dia con datos anterior (2026-07-27). Umbrales +-15% / +-30%.
saldo_ramo,900751,900751 - Manejo / Riesgos Financieros,202607,2026-07-30,24400000.0,27108592.0,-9.99,Normal,Saldo del dia vs. dia con datos anterior (2026-07-28). Umbrales +-15% / +-30%.
saldo_ramo,900751,900751 - Manejo / Riesgos Financieros,202608,2026-08-03,-22677067.0,24400000.0,-192.94,Crítica,Saldo del dia vs. dia con datos anterior (2026-07-30). Umbrales +-15% / +-30%.
saldo_ramo,900751,900751 - Manejo / Riesgos Financieros,202608,2026-08-05,0.0,-22677067.0,100.0,Crítica,Saldo del dia vs. dia con datos anterior (2026-08-03). Umbrales +-15% / +-30%.
saldo_ramo,900751,900751 - Manejo / Riesgos Financieros,202608,2026-08-06,6677067.0,0.0,,Sin base,Saldo del dia vs. dia con datos anterior (2026-08-05). Umbrales +-15% / +-30%.
saldo_ramo,900751,900751 - Manejo / Riesgos Financieros,202608,2026-08-10,-3102878.0,6677067.0,-146.47,Crítica,Saldo del dia vs. dia con datos anterior (2026-08-06). Umbrales +-15% / +-30%.
saldo_ramo,900751,900751 - Manejo / Riesgos Financieros,202608,2026-08-11,61632700.0,-3102878.0,2086.31,Crítica,Saldo del dia vs. dia con datos anterior (2026-08-10). Umbrales +-15% / +-30%.
saldo_ramo,900753,900753 - Autos,202605,2026-05-14,351681442.0,,,Sin base,Saldo del dia vs. dia con datos anterior (s/d). Umbrales +-15% / +-30%.
saldo_ramo,900753,900753 - Autos,202605,2026-05-15,207530783.0,351681442.0,-40.99,Crítica,Saldo del dia vs. dia con datos anterior (2026-05-14). Umbrales +-15% / +-30%.
saldo_ramo,900753,900753 - Autos,202605,2026-05-16,11359347.0,207530783.0,-94.53,Crítica,Saldo del dia vs. dia con datos anterior (2026-05-15). Umbrales +-15% / +-30%.
saldo_ramo,900753,900753 - Autos,202605,2026-05-18,1256356.0,11359347.0,-88.94,Crítica,Saldo del dia vs. dia con datos anterior (2026-05-16). Umbrales +-15% / +-30%.
saldo_ramo,900753,900753 - Autos,202605,2026-05-19,427583932.0,1256356.0,33933.66,Crítica,Saldo del dia vs. dia con datos anterior (2026-05-18). Umbrales +-15% / +-30%.
saldo_ramo,900753,900753 - Autos,202605,2026-05-20,-138100934.0,427583932.0,-132.3,Crítica,Saldo del dia vs. dia con datos anterior (2026-05-19). Umbrales +-15% / +-30%.
saldo_ramo,900753,900753 - Autos,202605,2026-05-21,-74620564.0,-138100934.0,45.97,Crítica,Saldo del dia vs. dia con datos anterior (2026-05-20). Umbrales +-15% / +-30%.
saldo_ramo,900753,900753 - Autos,202605,2026-05-22,152828171.0,-74620564.0,304.81,Crítica,Saldo del dia vs. dia con datos anterior (2026-05-21). Umbrales +-15% / +-30%.
saldo_ramo,900753,900753 - Autos,202605,2026-05-23,19946060.0,152828171.0,-86.95,Crítica,Saldo del dia vs. dia con datos anterior (2026-05-22). Umbrales +-15% / +-30%.
saldo_ramo,900753,900753 - Autos,202605,2026-05-24,-1619397.0,19946060.0,-108.12,Crítica,Saldo del dia vs. dia con datos anterior (2026-05-23). Umbrales +-15% / +-30%.
saldo_ramo,900753,900753 - Autos,202605,2026-05-25,172186217.0,-1619397.0,10732.74,Crítica,Saldo del dia vs. dia con datos anterior (2026-05-24). Umbrales +-15% / +-30%.
saldo_ramo,900753,900753 - Autos,202605,2026-05-26,-215039692.0,172186217.0,-224.89,Crítica,Saldo del dia vs. dia con datos anterior (2026-05-25). Umbrales +-15% / +-30%.
saldo_ramo,900753,900753 - Autos,202605,2026-05-27,641459720.0,-215039692.0,398.3,Crítica,Saldo del dia vs. dia con datos anterior (2026-05-26). Umbrales +-15% / +-30%.
saldo_ramo,900753,900753 - Autos,202605,2026-05-28,342833481.0,641459720.0,-46.55,Crítica,Saldo del dia vs. dia con datos anterior (2026-05-27). Umbrales +-15% / +-30%.
saldo_ramo,900753,900753 - Autos,202605,2026-05-29,516847203.0,342833481.0,50.76,Crítica,Saldo del dia vs. dia con datos anterior (2026-05-28). Umbrales +-15% / +-30%.
saldo_ramo,900753,900753 - Autos,202605,2026-05-30,111065702.0,516847203.0,-78.51,Crítica,Saldo del dia vs. dia con datos anterior (2026-05-29). Umbrales +-15% / +-30%.
saldo_ramo,900753,900753 - Autos,202605,2026-05-31,1635660.0,111065702.0,-98.53,Crítica,Saldo del dia vs. dia con datos anterior (2026-05-30). Umbrales +-15% / +-30%.
saldo_ramo,900753,900753 - Autos,202606,2026-06-01,444080814.0,1635660.0,27049.95,Crítica,Saldo del dia vs. dia con datos anterior (2026-05-31). Umbrales +-15% / +-30%.
saldo_ramo,900753,900753 - Autos,202606,2026-06-02,1026463664.0,444080814.0,131.14,Crítica,Saldo del dia vs. dia con datos anterior (2026-06-01). Umbrales +-15% / +-30%.
saldo_ramo,900753,900753 - Autos,202606,2026-06-03,1137857309.0,1026463664.0,10.85,Normal,Saldo del dia vs. dia con datos anterior (2026-06-02). Umbrales +-15% / +-30%.
saldo_ramo,900753,900753 - Autos,202606,2026-06-04,264962182.0,1137857309.0,-76.71,Crítica,Saldo del dia vs. dia con datos anterior (2026-06-03). Umbrales +-15% / +-30%.
saldo_ramo,900753,900753 - Autos,202606,2026-06-05,250267597.0,264962182.0,-5.55,Normal,Saldo del dia vs. dia con datos anterior (2026-06-04). Umbrales +-15% / +-30%.
saldo_ramo,900753,900753 - Autos,202606,2026-06-06,8190374790.0,250267597.0,3172.65,Crítica,Saldo del dia vs. dia con datos anterior (2026-06-05). Umbrales +-15% / +-30%.
saldo_ramo,900753,900753 - Autos,202606,2026-06-07,3864305687.0,8190374790.0,-52.82,Crítica,Saldo del dia vs. dia con datos anterior (2026-06-06). Umbrales +-15% / +-30%.
saldo_ramo,900753,900753 - Autos,202606,2026-06-08,5083556736.0,3864305687.0,31.55,Crítica,Saldo del dia vs. dia con datos anterior (2026-06-07). Umbrales +-15% / +-30%.
saldo_ramo,900753,900753 - Autos,202606,2026-06-09,1998443097.0,5083556736.0,-60.69,Crítica,Saldo del dia vs. dia con datos anterior (2026-06-08). Umbrales +-15% / +-30%.
saldo_ramo,900753,900753 - Autos,202606,2026-06-10,1647104063.0,1998443097.0,-17.58,Advertencia,Saldo del dia vs. dia con datos anterior (2026-06-09). Umbrales +-15% / +-30%.
saldo_ramo,900753,900753 - Autos,202606,2026-06-11,3192087114.0,1647104063.0,93.8,Crítica,Saldo del dia vs. dia con datos anterior (2026-06-10). Umbrales +-15% / +-30%.
saldo_ramo,900753,900753 - Autos,202606,2026-06-12,1615568798.0,3192087114.0,-49.39,Crítica,Saldo del dia vs. dia con datos anterior (2026-06-11). Umbrales +-15% / +-30%.
saldo_ramo,900753,900753 - Autos,202606,2026-06-13,145523231.0,1615568798.0,-90.99,Crítica,Saldo del dia vs. dia con datos anterior (2026-06-12). Umbrales +-15% / +-30%.
saldo_ramo,900753,900753 - Autos,202606,2026-06-14,-46147.0,145523231.0,-100.03,Crítica,Saldo del dia vs. dia con datos anterior (2026-06-13). Umbrales +-15% / +-30%.
saldo_ramo,900753,900753 - Autos,202606,2026-06-15,5910108.0,-46147.0,12907.13,Crítica,Saldo del dia vs. dia con datos anterior (2026-06-14). Umbrales +-15% / +-30%.
saldo_ramo,900753,900753 - Autos,202606,2026-06-16,47208965.0,5910108.0,698.78,Crítica,Saldo del dia vs. dia con datos anterior (2026-06-15). Umbrales +-15% / +-30%.
saldo_ramo,900753,900753 - Autos,202606,2026-06-17,306844562.0,47208965.0,549.97,Crítica,Saldo del dia vs. dia con datos anterior (2026-06-16). Umbrales +-15% / +-30%.
saldo_ramo,900753,900753 - Autos,202606,2026-06-18,236518238.0,306844562.0,-22.92,Advertencia,Saldo del dia vs. dia con datos anterior (2026-06-17). Umbrales +-15% / +-30%.
saldo_ramo,900753,900753 - Autos,202606,2026-06-19,135482476.0,236518238.0,-42.72,Crítica,Saldo del dia vs. dia con datos anterior (2026-06-18). Umbrales +-15% / +-30%.
saldo_ramo,900753,900753 - Autos,202606,2026-06-20,20530818.0,135482476.0,-84.85,Crítica,Saldo del dia vs. dia con datos anterior (2026-06-19). Umbrales +-15% / +-30%.
saldo_ramo,900753,900753 - Autos,202606,2026-06-21,-56717.0,20530818.0,-100.28,Crítica,Saldo del dia vs. dia con datos anterior (2026-06-20). Umbrales +-15% / +-30%.
saldo_ramo,900753,900753 - Autos,202606,2026-06-22,343298362.0,-56717.0,605383.01,Crítica,Saldo del dia vs. dia con datos anterior (2026-06-21). Umbrales +-15% / +-30%.
saldo_ramo,900753,900753 - Autos,202606,2026-06-23,186472649.0,343298362.0,-45.68,Crítica,Saldo del dia vs. dia con datos anterior (2026-06-22). Umbrales +-15% / +-30%.
saldo_ramo,900753,900753 - Autos,202606,2026-06-24,303536964.0,186472649.0,62.78,Crítica,Saldo del dia vs. dia con datos anterior (2026-06-23). Umbrales +-15% / +-30%.
saldo_ramo,900753,900753 - Autos,202606,2026-06-25,229773943.0,303536964.0,-24.3,Advertencia,Saldo del dia vs. dia con datos anterior (2026-06-24). Umbrales +-15% / +-30%.
saldo_ramo,900753,900753 - Autos,202606,2026-06-26,147731426.0,229773943.0,-35.71,Crítica,Saldo del dia vs. dia con datos anterior (2026-06-25). Umbrales +-15% / +-30%.
saldo_ramo,900753,900753 - Autos,202606,2026-06-27,13580389.0,147731426.0,-90.81,Crítica,Saldo del dia vs. dia con datos anterior (2026-06-26). Umbrales +-15% / +-30%.
saldo_ramo,900753,900753 - Autos,202606,2026-06-28,-23169972.0,13580389.0,-270.61,Crítica,Saldo del dia vs. dia con datos anterior (2026-06-27). Umbrales +-15% / +-30%.
saldo_ramo,900753,900753 - Autos,202606,2026-06-29,1061202.0,-23169972.0,104.58,Crítica,Saldo del dia vs. dia con datos anterior (2026-06-28). Umbrales +-15% / +-30%.
saldo_ramo,900753,900753 - Autos,202606,2026-06-30,291597064.0,1061202.0,27378.0,Crítica,Saldo del dia vs. dia con datos anterior (2026-06-29). Umbrales +-15% / +-30%.
saldo_ramo,900753,900753 - Autos,202607,2026-07-01,614187768.0,291597064.0,110.63,Crítica,Saldo del dia vs. dia con datos anterior (2026-06-30). Umbrales +-15% / +-30%.
saldo_ramo,900753,900753 - Autos,202607,2026-07-02,1564450548.0,614187768.0,154.72,Crítica,Saldo del dia vs. dia con datos anterior (2026-07-01). Umbrales +-15% / +-30%.
saldo_ramo,900753,900753 - Autos,202607,2026-07-03,177618653.0,1564450548.0,-88.65,Crítica,Saldo del dia vs. dia con datos anterior (2026-07-02). Umbrales +-15% / +-30%.
saldo_ramo,900753,900753 - Autos,202607,2026-07-04,14170366615.0,177618653.0,7877.97,Crítica,Saldo del dia vs. dia con datos anterior (2026-07-03). Umbrales +-15% / +-30%.
saldo_ramo,900753,900753 - Autos,202607,2026-07-05,8931659536.0,14170366615.0,-36.97,Crítica,Saldo del dia vs. dia con datos anterior (2026-07-04). Umbrales +-15% / +-30%.
saldo_ramo,900753,900753 - Autos,202607,2026-07-06,1719955845.0,8931659536.0,-80.74,Crítica,Saldo del dia vs. dia con datos anterior (2026-07-05). Umbrales +-15% / +-30%.
saldo_ramo,900753,900753 - Autos,202607,2026-07-07,110515204.0,1719955845.0,-93.57,Crítica,Saldo del dia vs. dia con datos anterior (2026-07-06). Umbrales +-15% / +-30%.
saldo_ramo,900753,900753 - Autos,202607,2026-07-08,101217566.0,110515204.0,-8.41,Normal,Saldo del dia vs. dia con datos anterior (2026-07-07). Umbrales +-15% / +-30%.
saldo_ramo,900753,900753 - Autos,202607,2026-07-09,88278463.0,101217566.0,-12.78,Normal,Saldo del dia vs. dia con datos anterior (2026-07-08). Umbrales +-15% / +-30%.
saldo_ramo,900753,900753 - Autos,202607,2026-07-10,200878737.0,88278463.0,127.55,Crítica,Saldo del dia vs. dia con datos anterior (2026-07-09). Umbrales +-15% / +-30%.
saldo_ramo,900753,900753 - Autos,202607,2026-07-11,18993821.0,200878737.0,-90.54,Crítica,Saldo del dia vs. dia con datos anterior (2026-07-10). Umbrales +-15% / +-30%.
saldo_ramo,900753,900753 - Autos,202607,2026-07-13,-6598726.0,18993821.0,-134.74,Crítica,Saldo del dia vs. dia con datos anterior (2026-07-11). Umbrales +-15% / +-30%.
saldo_ramo,900753,900753 - Autos,202607,2026-07-14,3555575.0,-6598726.0,153.88,Crítica,Saldo del dia vs. dia con datos anterior (2026-07-13). Umbrales +-15% / +-30%.
saldo_ramo,900753,900753 - Autos,202607,2026-07-15,103558906.0,3555575.0,2812.58,Crítica,Saldo del dia vs. dia con datos anterior (2026-07-14). Umbrales +-15% / +-30%.
saldo_ramo,900753,900753 - Autos,202607,2026-07-16,168581777.0,103558906.0,62.79,Crítica,Saldo del dia vs. dia con datos anterior (2026-07-15). Umbrales +-15% / +-30%.
saldo_ramo,900753,900753 - Autos,202607,2026-07-17,614897754.0,168581777.0,264.75,Crítica,Saldo del dia vs. dia con datos anterior (2026-07-16). Umbrales +-15% / +-30%.
saldo_ramo,900753,900753 - Autos,202607,2026-07-18,9608117.0,614897754.0,-98.44,Crítica,Saldo del dia vs. dia con datos anterior (2026-07-17). Umbrales +-15% / +-30%.
saldo_ramo,900753,900753 - Autos,202607,2026-07-19,45741776.0,9608117.0,376.07,Crítica,Saldo del dia vs. dia con datos anterior (2026-07-18). Umbrales +-15% / +-30%.
saldo_ramo,900753,900753 - Autos,202607,2026-07-20,-353231.0,45741776.0,-100.77,Crítica,Saldo del dia vs. dia con datos anterior (2026-07-19). Umbrales +-15% / +-30%.
saldo_ramo,900753,900753 - Autos,202607,2026-07-21,-253714797.0,-353231.0,-71726.88,Crítica,Saldo del dia vs. dia con datos anterior (2026-07-20). Umbrales +-15% / +-30%.
saldo_ramo,900753,900753 - Autos,202607,2026-07-22,164708797.0,-253714797.0,164.92,Crítica,Saldo del dia vs. dia con datos anterior (2026-07-21). Umbrales +-15% / +-30%.
saldo_ramo,900753,900753 - Autos,202607,2026-07-23,281662260.0,164708797.0,71.01,Crítica,Saldo del dia vs. dia con datos anterior (2026-07-22). Umbrales +-15% / +-30%.
saldo_ramo,900753,900753 - Autos,202607,2026-07-24,97204957.0,281662260.0,-65.49,Crítica,Saldo del dia vs. dia con datos anterior (2026-07-23). Umbrales +-15% / +-30%.
saldo_ramo,900753,900753 - Autos,202607,2026-07-25,21662631.0,97204957.0,-77.71,Crítica,Saldo del dia vs. dia con datos anterior (2026-07-24). Umbrales +-15% / +-30%.
saldo_ramo,900753,900753 - Autos,202607,2026-07-26,3814128.0,21662631.0,-82.39,Crítica,Saldo del dia vs. dia con datos anterior (2026-07-25). Umbrales +-15% / +-30%.
saldo_ramo,900753,900753 - Autos,202607,2026-07-27,-133403411.0,3814128.0,-3597.61,Crítica,Saldo del dia vs. dia con datos anterior (2026-07-26). Umbrales +-15% / +-30%.
saldo_ramo,900753,900753 - Autos,202607,2026-07-28,758007726.0,-133403411.0,668.21,Crítica,Saldo del dia vs. dia con datos anterior (2026-07-27). Umbrales +-15% / +-30%.
saldo_ramo,900753,900753 - Autos,202607,2026-07-29,171413780.0,758007726.0,-77.39,Crítica,Saldo del dia vs. dia con datos anterior (2026-07-28). Umbrales +-15% / +-30%.
saldo_ramo,900753,900753 - Autos,202607,2026-07-30,1640819471.0,171413780.0,857.23,Crítica,Saldo del dia vs. dia con datos anterior (2026-07-29). Umbrales +-15% / +-30%.
saldo_ramo,900753,900753 - Autos,202607,2026-07-31,258497070.0,1640819471.0,-84.25,Crítica,Saldo del dia vs. dia con datos anterior (2026-07-30). Umbrales +-15% / +-30%.
saldo_ramo,900753,900753 - Autos,202608,2026-08-01,11740573508.0,258497070.0,4441.86,Crítica,Saldo del dia vs. dia con datos anterior (2026-07-31). Umbrales +-15% / +-30%.
saldo_ramo,900753,900753 - Autos,202608,2026-08-02,8657648576.0,11740573508.0,-26.26,Advertencia,Saldo del dia vs. dia con datos anterior (2026-08-01). Umbrales +-15% / +-30%.
saldo_ramo,900753,900753 - Autos,202608,2026-08-03,5906882850.0,8657648576.0,-31.77,Crítica,Saldo del dia vs. dia con datos anterior (2026-08-02). Umbrales +-15% / +-30%.
saldo_ramo,900753,900753 - Autos,202608,2026-08-04,1777553637.0,5906882850.0,-69.91,Crítica,Saldo del dia vs. dia con datos anterior (2026-08-03). Umbrales +-15% / +-30%.
saldo_ramo,900753,900753 - Autos,202608,2026-08-05,109334765.0,1777553637.0,-93.85,Crítica,Saldo del dia vs. dia con datos anterior (2026-08-04). Umbrales +-15% / +-30%.
saldo_ramo,900753,900753 - Autos,202608,2026-08-06,228140204.0,109334765.0,108.66,Crítica,Saldo del dia vs. dia con datos anterior (2026-08-05). Umbrales +-15% / +-30%.
saldo_ramo,900753,900753 - Autos,202608,2026-08-07,30765095.0,228140204.0,-86.51,Crítica,Saldo del dia vs. dia con datos anterior (2026-08-06). Umbrales +-15% / +-30%.
saldo_ramo,900753,900753 - Autos,202608,2026-08-08,14393160.0,30765095.0,-53.22,Crítica,Saldo del dia vs. dia con datos anterior (2026-08-07). Umbrales +-15% / +-30%.
saldo_ramo,900753,900753 - Autos,202608,2026-08-09,1615568.0,14393160.0,-88.78,Crítica,Saldo del dia vs. dia con datos anterior (2026-08-08). Umbrales +-15% / +-30%.
saldo_ramo,900753,900753 - Autos,202608,2026-08-10,67989787.0,1615568.0,4108.41,Crítica,Saldo del dia vs. dia con datos anterior (2026-08-09). Umbrales +-15% / +-30%.
saldo_ramo,900753,900753 - Autos,202608,2026-08-11,-133952472.0,67989787.0,-297.02,Crítica,Saldo del dia vs. dia con datos anterior (2026-08-10). Umbrales +-15% / +-30%.
saldo_ramo,900754,900754 - Hogar,202605,2026-05-27,319739782.0,,,Sin base,Saldo del dia vs. dia con datos anterior (s/d). Umbrales +-15% / +-30%.
saldo_ramo,900754,900754 - Hogar,202606,2026-06-03,0.0,319739782.0,-100.0,Crítica,Saldo del dia vs. dia con datos anterior (2026-05-27). Umbrales +-15% / +-30%.
saldo_ramo,900754,900754 - Hogar,202606,2026-06-04,18436351.0,0.0,,Sin base,Saldo del dia vs. dia con datos anterior (2026-06-03). Umbrales +-15% / +-30%.
saldo_ramo,900754,900754 - Hogar,202606,2026-06-26,320654888.0,18436351.0,1639.25,Crítica,Saldo del dia vs. dia con datos anterior (2026-06-04). Umbrales +-15% / +-30%.
saldo_ramo,900754,900754 - Hogar,202607,2026-07-24,-1593111.0,320654888.0,-100.5,Crítica,Saldo del dia vs. dia con datos anterior (2026-06-26). Umbrales +-15% / +-30%.
saldo_ramo,900754,900754 - Hogar,202607,2026-07-28,319086724.0,-1593111.0,20129.16,Crítica,Saldo del dia vs. dia con datos anterior (2026-07-24). Umbrales +-15% / +-30%.
saldo_ramo,900758,900758 - Hogar,202605,2026-05-14,1734184254.0,,,Sin base,Saldo del dia vs. dia con datos anterior (s/d). Umbrales +-15% / +-30%.
saldo_ramo,900758,900758 - Hogar,202605,2026-05-15,55720666.0,1734184254.0,-96.79,Crítica,Saldo del dia vs. dia con datos anterior (2026-05-14). Umbrales +-15% / +-30%.
saldo_ramo,900758,900758 - Hogar,202605,2026-05-16,3028525.0,55720666.0,-94.56,Crítica,Saldo del dia vs. dia con datos anterior (2026-05-15). Umbrales +-15% / +-30%.
saldo_ramo,900758,900758 - Hogar,202605,2026-05-18,3154645.0,3028525.0,4.16,Normal,Saldo del dia vs. dia con datos anterior (2026-05-16). Umbrales +-15% / +-30%.
saldo_ramo,900758,900758 - Hogar,202605,2026-05-19,-40250008.0,3154645.0,-1375.9,Crítica,Saldo del dia vs. dia con datos anterior (2026-05-18). Umbrales +-15% / +-30%.
saldo_ramo,900758,900758 - Hogar,202605,2026-05-20,32769787.0,-40250008.0,181.42,Crítica,Saldo del dia vs. dia con datos anterior (2026-05-19). Umbrales +-15% / +-30%.
saldo_ramo,900758,900758 - Hogar,202605,2026-05-21,23337419.0,32769787.0,-28.78,Advertencia,Saldo del dia vs. dia con datos anterior (2026-05-20). Umbrales +-15% / +-30%.
saldo_ramo,900758,900758 - Hogar,202605,2026-05-22,33995038.0,23337419.0,45.67,Crítica,Saldo del dia vs. dia con datos anterior (2026-05-21). Umbrales +-15% / +-30%.
saldo_ramo,900758,900758 - Hogar,202605,2026-05-23,6073315.0,33995038.0,-82.13,Crítica,Saldo del dia vs. dia con datos anterior (2026-05-22). Umbrales +-15% / +-30%.
saldo_ramo,900758,900758 - Hogar,202605,2026-05-24,419503.0,6073315.0,-93.09,Crítica,Saldo del dia vs. dia con datos anterior (2026-05-23). Umbrales +-15% / +-30%.
saldo_ramo,900758,900758 - Hogar,202605,2026-05-25,37121803.0,419503.0,8749.0,Crítica,Saldo del dia vs. dia con datos anterior (2026-05-24). Umbrales +-15% / +-30%.
saldo_ramo,900758,900758 - Hogar,202605,2026-05-26,-78776367.0,37121803.0,-312.21,Crítica,Saldo del dia vs. dia con datos anterior (2026-05-25). Umbrales +-15% / +-30%.
saldo_ramo,900758,900758 - Hogar,202605,2026-05-27,39483464.0,-78776367.0,150.12,Crítica,Saldo del dia vs. dia con datos anterior (2026-05-26). Umbrales +-15% / +-30%.
saldo_ramo,900758,900758 - Hogar,202605,2026-05-28,26909953.0,39483464.0,-31.85,Crítica,Saldo del dia vs. dia con datos anterior (2026-05-27). Umbrales +-15% / +-30%.
saldo_ramo,900758,900758 - Hogar,202605,2026-05-29,70039096.0,26909953.0,160.27,Crítica,Saldo del dia vs. dia con datos anterior (2026-05-28). Umbrales +-15% / +-30%.
saldo_ramo,900758,900758 - Hogar,202605,2026-05-30,3000228.0,70039096.0,-95.72,Crítica,Saldo del dia vs. dia con datos anterior (2026-05-29). Umbrales +-15% / +-30%.
saldo_ramo,900758,900758 - Hogar,202605,2026-05-31,1245608.0,3000228.0,-58.48,Crítica,Saldo del dia vs. dia con datos anterior (2026-05-30). Umbrales +-15% / +-30%.
saldo_ramo,900758,900758 - Hogar,202606,2026-06-01,-30115474.0,1245608.0,-2517.73,Crítica,Saldo del dia vs. dia con datos anterior (2026-05-31). Umbrales +-15% / +-30%.
saldo_ramo,900758,900758 - Hogar,202606,2026-06-02,28955682.0,-30115474.0,196.15,Crítica,Saldo del dia vs. dia con datos anterior (2026-06-01). Umbrales +-15% / +-30%.
saldo_ramo,900758,900758 - Hogar,202606,2026-06-03,29819656.0,28955682.0,2.98,Normal,Saldo del dia vs. dia con datos anterior (2026-06-02). Umbrales +-15% / +-30%.
saldo_ramo,900758,900758 - Hogar,202606,2026-06-04,21153871.0,29819656.0,-29.06,Advertencia,Saldo del dia vs. dia con datos anterior (2026-06-03). Umbrales +-15% / +-30%.
saldo_ramo,900758,900758 - Hogar,202606,2026-06-05,60710190.0,21153871.0,186.99,Crítica,Saldo del dia vs. dia con datos anterior (2026-06-04). Umbrales +-15% / +-30%.
saldo_ramo,900758,900758 - Hogar,202606,2026-06-06,2262981.0,60710190.0,-96.27,Crítica,Saldo del dia vs. dia con datos anterior (2026-06-05). Umbrales +-15% / +-30%.
saldo_ramo,900758,900758 - Hogar,202606,2026-06-07,1187557.0,2262981.0,-47.52,Crítica,Saldo del dia vs. dia con datos anterior (2026-06-06). Umbrales +-15% / +-30%.
saldo_ramo,900758,900758 - Hogar,202606,2026-06-08,2516562.0,1187557.0,111.91,Crítica,Saldo del dia vs. dia con datos anterior (2026-06-07). Umbrales +-15% / +-30%.
saldo_ramo,900758,900758 - Hogar,202606,2026-06-09,-26874741.0,2516562.0,-1167.91,Crítica,Saldo del dia vs. dia con datos anterior (2026-06-08). Umbrales +-15% / +-30%.
saldo_ramo,900758,900758 - Hogar,202606,2026-06-10,706515119.0,-26874741.0,2728.92,Crítica,Saldo del dia vs. dia con datos anterior (2026-06-09). Umbrales +-15% / +-30%.
saldo_ramo,900758,900758 - Hogar,202606,2026-06-11,1415542998.0,706515119.0,100.36,Crítica,Saldo del dia vs. dia con datos anterior (2026-06-10). Umbrales +-15% / +-30%.
saldo_ramo,900758,900758 - Hogar,202606,2026-06-12,51501143.0,1415542998.0,-96.36,Crítica,Saldo del dia vs. dia con datos anterior (2026-06-11). Umbrales +-15% / +-30%.
saldo_ramo,900758,900758 - Hogar,202606,2026-06-13,2393167.0,51501143.0,-95.35,Crítica,Saldo del dia vs. dia con datos anterior (2026-06-12). Umbrales +-15% / +-30%.
saldo_ramo,900758,900758 - Hogar,202606,2026-06-14,642752.0,2393167.0,-73.14,Crítica,Saldo del dia vs. dia con datos anterior (2026-06-13). Umbrales +-15% / +-30%.
saldo_ramo,900758,900758 - Hogar,202606,2026-06-15,2134512.0,642752.0,232.09,Crítica,Saldo del dia vs. dia con datos anterior (2026-06-14). Umbrales +-15% / +-30%.
saldo_ramo,900758,900758 - Hogar,202606,2026-06-16,-43598923.0,2134512.0,-2142.57,Crítica,Saldo del dia vs. dia con datos anterior (2026-06-15). Umbrales +-15% / +-30%.
saldo_ramo,900758,900758 - Hogar,202606,2026-06-17,23195458.0,-43598923.0,153.2,Crítica,Saldo del dia vs. dia con datos anterior (2026-06-16). Umbrales +-15% / +-30%.
saldo_ramo,900758,900758 - Hogar,202606,2026-06-18,12798104.0,23195458.0,-44.82,Crítica,Saldo del dia vs. dia con datos anterior (2026-06-17). Umbrales +-15% / +-30%.
saldo_ramo,900758,900758 - Hogar,202606,2026-06-19,41029610.0,12798104.0,220.59,Crítica,Saldo del dia vs. dia con datos anterior (2026-06-18). Umbrales +-15% / +-30%.
saldo_ramo,900758,900758 - Hogar,202606,2026-06-20,11185619.0,41029610.0,-72.74,Crítica,Saldo del dia vs. dia con datos anterior (2026-06-19). Umbrales +-15% / +-30%.
saldo_ramo,900758,900758 - Hogar,202606,2026-06-21,-217.0,11185619.0,-100.0,Crítica,Saldo del dia vs. dia con datos anterior (2026-06-20). Umbrales +-15% / +-30%.
saldo_ramo,900758,900758 - Hogar,202606,2026-06-22,-47964929.0,-217.0,-22103553.92,Crítica,Saldo del dia vs. dia con datos anterior (2026-06-21). Umbrales +-15% / +-30%.
saldo_ramo,900758,900758 - Hogar,202606,2026-06-23,14285729.0,-47964929.0,129.78,Crítica,Saldo del dia vs. dia con datos anterior (2026-06-22). Umbrales +-15% / +-30%.
saldo_ramo,900758,900758 - Hogar,202606,2026-06-24,44200750.0,14285729.0,209.4,Crítica,Saldo del dia vs. dia con datos anterior (2026-06-23). Umbrales +-15% / +-30%.
saldo_ramo,900758,900758 - Hogar,202606,2026-06-25,70042828.0,44200750.0,58.47,Crítica,Saldo del dia vs. dia con datos anterior (2026-06-24). Umbrales +-15% / +-30%.
saldo_ramo,900758,900758 - Hogar,202606,2026-06-26,87131124.0,70042828.0,24.4,Advertencia,Saldo del dia vs. dia con datos anterior (2026-06-25). Umbrales +-15% / +-30%.
saldo_ramo,900758,900758 - Hogar,202606,2026-06-27,14464669.0,87131124.0,-83.4,Crítica,Saldo del dia vs. dia con datos anterior (2026-06-26). Umbrales +-15% / +-30%.
saldo_ramo,900758,900758 - Hogar,202606,2026-06-29,3343020.0,14464669.0,-76.89,Crítica,Saldo del dia vs. dia con datos anterior (2026-06-27). Umbrales +-15% / +-30%.
saldo_ramo,900758,900758 - Hogar,202606,2026-06-30,68917962.0,3343020.0,1961.55,Crítica,Saldo del dia vs. dia con datos anterior (2026-06-29). Umbrales +-15% / +-30%.
saldo_ramo,900758,900758 - Hogar,202607,2026-07-01,-37917529.0,68917962.0,-155.02,Crítica,Saldo del dia vs. dia con datos anterior (2026-06-30). Umbrales +-15% / +-30%.
saldo_ramo,900758,900758 - Hogar,202607,2026-07-02,-4651437.0,-37917529.0,87.73,Crítica,Saldo del dia vs. dia con datos anterior (2026-07-01). Umbrales +-15% / +-30%.
saldo_ramo,900758,900758 - Hogar,202607,2026-07-03,44641523.0,-4651437.0,1059.74,Crítica,Saldo del dia vs. dia con datos anterior (2026-07-02). Umbrales +-15% / +-30%.
saldo_ramo,900758,900758 - Hogar,202607,2026-07-04,6876781.0,44641523.0,-84.6,Crítica,Saldo del dia vs. dia con datos anterior (2026-07-03). Umbrales +-15% / +-30%.
saldo_ramo,900758,900758 - Hogar,202607,2026-07-05,7175463.0,6876781.0,4.34,Normal,Saldo del dia vs. dia con datos anterior (2026-07-04). Umbrales +-15% / +-30%.
saldo_ramo,900758,900758 - Hogar,202607,2026-07-06,11052151.0,7175463.0,54.03,Crítica,Saldo del dia vs. dia con datos anterior (2026-07-05). Umbrales +-15% / +-30%.
saldo_ramo,900758,900758 - Hogar,202607,2026-07-07,14399128.0,11052151.0,30.28,Crítica,Saldo del dia vs. dia con datos anterior (2026-07-06). Umbrales +-15% / +-30%.
saldo_ramo,900758,900758 - Hogar,202607,2026-07-08,33053034.0,14399128.0,129.55,Crítica,Saldo del dia vs. dia con datos anterior (2026-07-07). Umbrales +-15% / +-30%.
saldo_ramo,900758,900758 - Hogar,202607,2026-07-09,69684709.0,33053034.0,110.83,Crítica,Saldo del dia vs. dia con datos anterior (2026-07-08). Umbrales +-15% / +-30%.
saldo_ramo,900758,900758 - Hogar,202607,2026-07-10,61504068.0,69684709.0,-11.74,Normal,Saldo del dia vs. dia con datos anterior (2026-07-09). Umbrales +-15% / +-30%.
saldo_ramo,900758,900758 - Hogar,202607,2026-07-11,10755191.0,61504068.0,-82.51,Crítica,Saldo del dia vs. dia con datos anterior (2026-07-10). Umbrales +-15% / +-30%.
saldo_ramo,900758,900758 - Hogar,202607,2026-07-12,323534.0,10755191.0,-96.99,Crítica,Saldo del dia vs. dia con datos anterior (2026-07-11). Umbrales +-15% / +-30%.
saldo_ramo,900758,900758 - Hogar,202607,2026-07-13,-49655323.0,323534.0,-15447.79,Crítica,Saldo del dia vs. dia con datos anterior (2026-07-12). Umbrales +-15% / +-30%.
saldo_ramo,900758,900758 - Hogar,202607,2026-07-14,-8639737.0,-49655323.0,82.6,Crítica,Saldo del dia vs. dia con datos anterior (2026-07-13). Umbrales +-15% / +-30%.
saldo_ramo,900758,900758 - Hogar,202607,2026-07-15,-3926876.0,-8639737.0,54.55,Crítica,Saldo del dia vs. dia con datos anterior (2026-07-14). Umbrales +-15% / +-30%.
saldo_ramo,900758,900758 - Hogar,202607,2026-07-16,1081613184.0,-3926876.0,27643.86,Crítica,Saldo del dia vs. dia con datos anterior (2026-07-15). Umbrales +-15% / +-30%.
saldo_ramo,900758,900758 - Hogar,202607,2026-07-17,35694323.0,1081613184.0,-96.7,Crítica,Saldo del dia vs. dia con datos anterior (2026-07-16). Umbrales +-15% / +-30%.
saldo_ramo,900758,900758 - Hogar,202607,2026-07-18,3579326.0,35694323.0,-89.97,Crítica,Saldo del dia vs. dia con datos anterior (2026-07-17). Umbrales +-15% / +-30%.
saldo_ramo,900758,900758 - Hogar,202607,2026-07-19,1304067.0,3579326.0,-63.57,Crítica,Saldo del dia vs. dia con datos anterior (2026-07-18). Umbrales +-15% / +-30%.
saldo_ramo,900758,900758 - Hogar,202607,2026-07-20,1212243.0,1304067.0,-7.04,Normal,Saldo del dia vs. dia con datos anterior (2026-07-19). Umbrales +-15% / +-30%.
saldo_ramo,900758,900758 - Hogar,202607,2026-07-21,477382864.0,1212243.0,39280.13,Crítica,Saldo del dia vs. dia con datos anterior (2026-07-20). Umbrales +-15% / +-30%.
saldo_ramo,900758,900758 - Hogar,202607,2026-07-22,391939889.0,477382864.0,-17.9,Advertencia,Saldo del dia vs. dia con datos anterior (2026-07-21). Umbrales +-15% / +-30%.
saldo_ramo,900758,900758 - Hogar,202607,2026-07-23,22114863.0,391939889.0,-94.36,Crítica,Saldo del dia vs. dia con datos anterior (2026-07-22). Umbrales +-15% / +-30%.
saldo_ramo,900758,900758 - Hogar,202607,2026-07-24,38737572.0,22114863.0,75.17,Crítica,Saldo del dia vs. dia con datos anterior (2026-07-23). Umbrales +-15% / +-30%.
saldo_ramo,900758,900758 - Hogar,202607,2026-07-25,2813628.0,38737572.0,-92.74,Crítica,Saldo del dia vs. dia con datos anterior (2026-07-24). Umbrales +-15% / +-30%.
saldo_ramo,900758,900758 - Hogar,202607,2026-07-26,3480904.0,2813628.0,23.72,Advertencia,Saldo del dia vs. dia con datos anterior (2026-07-25). Umbrales +-15% / +-30%.
saldo_ramo,900758,900758 - Hogar,202607,2026-07-27,-956097.0,3480904.0,-127.47,Crítica,Saldo del dia vs. dia con datos anterior (2026-07-26). Umbrales +-15% / +-30%.
saldo_ramo,900758,900758 - Hogar,202607,2026-07-28,24685070.0,-956097.0,2681.86,Crítica,Saldo del dia vs. dia con datos anterior (2026-07-27). Umbrales +-15% / +-30%.
saldo_ramo,900758,900758 - Hogar,202607,2026-07-29,25122049.0,24685070.0,1.77,Normal,Saldo del dia vs. dia con datos anterior (2026-07-28). Umbrales +-15% / +-30%.
saldo_ramo,900758,900758 - Hogar,202607,2026-07-30,51412843.0,25122049.0,104.65,Crítica,Saldo del dia vs. dia con datos anterior (2026-07-29). Umbrales +-15% / +-30%.
saldo_ramo,900758,900758 - Hogar,202607,2026-07-31,53861496.0,51412843.0,4.76,Normal,Saldo del dia vs. dia con datos anterior (2026-07-30). Umbrales +-15% / +-30%.
saldo_ramo,900758,900758 - Hogar,202608,2026-08-01,3340471.0,53861496.0,-93.8,Crítica,Saldo del dia vs. dia con datos anterior (2026-07-31). Umbrales +-15% / +-30%.
saldo_ramo,900758,900758 - Hogar,202608,2026-08-03,-31963084.0,3340471.0,-1056.84,Crítica,Saldo del dia vs. dia con datos anterior (2026-08-01). Umbrales +-15% / +-30%.
saldo_ramo,900758,900758 - Hogar,202608,2026-08-04,19701830.0,-31963084.0,161.64,Crítica,Saldo del dia vs. dia con datos anterior (2026-08-03). Umbrales +-15% / +-30%.
saldo_ramo,900758,900758 - Hogar,202608,2026-08-05,13311269.0,19701830.0,-32.44,Crítica,Saldo del dia vs. dia con datos anterior (2026-08-04). Umbrales +-15% / +-30%.
saldo_ramo,900758,900758 - Hogar,202608,2026-08-06,23134033.0,13311269.0,73.79,Crítica,Saldo del dia vs. dia con datos anterior (2026-08-05). Umbrales +-15% / +-30%.
saldo_ramo,900758,900758 - Hogar,202608,2026-08-07,3386990.0,23134033.0,-85.36,Crítica,Saldo del dia vs. dia con datos anterior (2026-08-06). Umbrales +-15% / +-30%.
saldo_ramo,900758,900758 - Hogar,202608,2026-08-08,6817136.0,3386990.0,101.27,Crítica,Saldo del dia vs. dia con datos anterior (2026-08-07). Umbrales +-15% / +-30%.
saldo_ramo,900758,900758 - Hogar,202608,2026-08-10,2137588124.0,6817136.0,31256.1,Crítica,Saldo del dia vs. dia con datos anterior (2026-08-08). Umbrales +-15% / +-30%.
saldo_ramo,900758,900758 - Hogar,202608,2026-08-11,171057872.0,2137588124.0,-92.0,Crítica,Saldo del dia vs. dia con datos anterior (2026-08-10). Umbrales +-15% / +-30%.
saldo_ramo,900762,900762 - Vida,202605,2026-05-27,337120294.0,,,Sin base,Saldo del dia vs. dia con datos anterior (s/d). Umbrales +-15% / +-30%.
saldo_ramo,900762,900762 - Vida,202606,2026-06-02,390264943.0,337120294.0,15.76,Advertencia,Saldo del dia vs. dia con datos anterior (2026-05-27). Umbrales +-15% / +-30%.
saldo_ramo,900762,900762 - Vida,202606,2026-06-03,293563356.0,390264943.0,-24.78,Advertencia,Saldo del dia vs. dia con datos anterior (2026-06-02). Umbrales +-15% / +-30%.
saldo_ramo,900762,900762 - Vida,202606,2026-06-22,78041863.0,293563356.0,-73.42,Crítica,Saldo del dia vs. dia con datos anterior (2026-06-03). Umbrales +-15% / +-30%.
saldo_ramo,900762,900762 - Vida,202607,2026-07-08,0.0,78041863.0,-100.0,Crítica,Saldo del dia vs. dia con datos anterior (2026-06-22). Umbrales +-15% / +-30%.
saldo_ramo,900762,900762 - Vida,202607,2026-07-28,1440000.0,0.0,,Sin base,Saldo del dia vs. dia con datos anterior (2026-07-08). Umbrales +-15% / +-30%.
saldo_ramo,900762,900762 - Vida,202607,2026-07-29,490652343.0,1440000.0,33973.08,Crítica,Saldo del dia vs. dia con datos anterior (2026-07-28). Umbrales +-15% / +-30%.
saldo_ramo,900765,900765 - Otros,202605,2026-05-14,118293034.0,,,Sin base,Saldo del dia vs. dia con datos anterior (s/d). Umbrales +-15% / +-30%.
saldo_ramo,900765,900765 - Otros,202605,2026-05-15,217562484.0,118293034.0,83.92,Crítica,Saldo del dia vs. dia con datos anterior (2026-05-14). Umbrales +-15% / +-30%.
saldo_ramo,900765,900765 - Otros,202605,2026-05-19,20775002.0,217562484.0,-90.45,Crítica,Saldo del dia vs. dia con datos anterior (2026-05-15). Umbrales +-15% / +-30%.
saldo_ramo,900765,900765 - Otros,202605,2026-05-22,52437435.0,20775002.0,152.41,Crítica,Saldo del dia vs. dia con datos anterior (2026-05-19). Umbrales +-15% / +-30%.
saldo_ramo,900765,900765 - Otros,202605,2026-05-25,9458567.0,52437435.0,-81.96,Crítica,Saldo del dia vs. dia con datos anterior (2026-05-22). Umbrales +-15% / +-30%.
saldo_ramo,900765,900765 - Otros,202605,2026-05-26,33781656.0,9458567.0,257.15,Crítica,Saldo del dia vs. dia con datos anterior (2026-05-25). Umbrales +-15% / +-30%.
saldo_ramo,900765,900765 - Otros,202605,2026-05-27,537721866.0,33781656.0,1491.76,Crítica,Saldo del dia vs. dia con datos anterior (2026-05-26). Umbrales +-15% / +-30%.
saldo_ramo,900765,900765 - Otros,202605,2026-05-28,81631156.0,537721866.0,-84.82,Crítica,Saldo del dia vs. dia con datos anterior (2026-05-27). Umbrales +-15% / +-30%.
saldo_ramo,900765,900765 - Otros,202605,2026-05-29,313599919.0,81631156.0,284.17,Crítica,Saldo del dia vs. dia con datos anterior (2026-05-28). Umbrales +-15% / +-30%.
saldo_ramo,900765,900765 - Otros,202606,2026-06-01,2708334.0,313599919.0,-99.14,Crítica,Saldo del dia vs. dia con datos anterior (2026-05-29). Umbrales +-15% / +-30%.
saldo_ramo,900765,900765 - Otros,202606,2026-06-03,2145330.0,2708334.0,-20.79,Advertencia,Saldo del dia vs. dia con datos anterior (2026-06-01). Umbrales +-15% / +-30%.
saldo_ramo,900765,900765 - Otros,202606,2026-06-05,-50328043.0,2145330.0,-2445.93,Crítica,Saldo del dia vs. dia con datos anterior (2026-06-03). Umbrales +-15% / +-30%.
saldo_ramo,900765,900765 - Otros,202606,2026-06-09,22085133.0,-50328043.0,143.88,Crítica,Saldo del dia vs. dia con datos anterior (2026-06-05). Umbrales +-15% / +-30%.
saldo_ramo,900765,900765 - Otros,202606,2026-06-10,6373375.0,22085133.0,-71.14,Crítica,Saldo del dia vs. dia con datos anterior (2026-06-09). Umbrales +-15% / +-30%.
saldo_ramo,900765,900765 - Otros,202606,2026-06-11,1280320102.0,6373375.0,19988.57,Crítica,Saldo del dia vs. dia con datos anterior (2026-06-10). Umbrales +-15% / +-30%.
saldo_ramo,900765,900765 - Otros,202606,2026-06-12,20340108.0,1280320102.0,-98.41,Crítica,Saldo del dia vs. dia con datos anterior (2026-06-11). Umbrales +-15% / +-30%.
saldo_ramo,900765,900765 - Otros,202606,2026-06-17,5071507.0,20340108.0,-75.07,Crítica,Saldo del dia vs. dia con datos anterior (2026-06-12). Umbrales +-15% / +-30%.
saldo_ramo,900765,900765 - Otros,202606,2026-06-18,36048392.0,5071507.0,610.8,Crítica,Saldo del dia vs. dia con datos anterior (2026-06-17). Umbrales +-15% / +-30%.
saldo_ramo,900765,900765 - Otros,202606,2026-06-19,46980000.0,36048392.0,30.32,Crítica,Saldo del dia vs. dia con datos anterior (2026-06-18). Umbrales +-15% / +-30%.
saldo_ramo,900765,900765 - Otros,202606,2026-06-23,139792282.0,46980000.0,197.56,Crítica,Saldo del dia vs. dia con datos anterior (2026-06-19). Umbrales +-15% / +-30%.
saldo_ramo,900765,900765 - Otros,202606,2026-06-24,73254719.0,139792282.0,-47.6,Crítica,Saldo del dia vs. dia con datos anterior (2026-06-23). Umbrales +-15% / +-30%.
saldo_ramo,900765,900765 - Otros,202606,2026-06-25,182512945.0,73254719.0,149.15,Crítica,Saldo del dia vs. dia con datos anterior (2026-06-24). Umbrales +-15% / +-30%.
saldo_ramo,900765,900765 - Otros,202606,2026-06-26,74533244.0,182512945.0,-59.16,Crítica,Saldo del dia vs. dia con datos anterior (2026-06-25). Umbrales +-15% / +-30%.
saldo_ramo,900765,900765 - Otros,202606,2026-06-30,243369178.0,74533244.0,226.52,Crítica,Saldo del dia vs. dia con datos anterior (2026-06-26). Umbrales +-15% / +-30%.
saldo_ramo,900765,900765 - Otros,202607,2026-07-01,1500000.0,243369178.0,-99.38,Crítica,Saldo del dia vs. dia con datos anterior (2026-06-30). Umbrales +-15% / +-30%.
saldo_ramo,900765,900765 - Otros,202607,2026-07-14,176078.0,1500000.0,-88.26,Crítica,Saldo del dia vs. dia con datos anterior (2026-07-01). Umbrales +-15% / +-30%.
saldo_ramo,900765,900765 - Otros,202607,2026-07-16,-51119.0,176078.0,-129.03,Crítica,Saldo del dia vs. dia con datos anterior (2026-07-14). Umbrales +-15% / +-30%.
saldo_ramo,900765,900765 - Otros,202607,2026-07-21,95699165.0,-51119.0,187308.6,Crítica,Saldo del dia vs. dia con datos anterior (2026-07-16). Umbrales +-15% / +-30%.
saldo_ramo,900765,900765 - Otros,202607,2026-07-22,114858803.0,95699165.0,20.02,Advertencia,Saldo del dia vs. dia con datos anterior (2026-07-21). Umbrales +-15% / +-30%.
saldo_ramo,900765,900765 - Otros,202607,2026-07-24,20597372.0,114858803.0,-82.07,Crítica,Saldo del dia vs. dia con datos anterior (2026-07-22). Umbrales +-15% / +-30%.
saldo_ramo,900765,900765 - Otros,202607,2026-07-27,188494983.0,20597372.0,815.14,Crítica,Saldo del dia vs. dia con datos anterior (2026-07-24). Umbrales +-15% / +-30%.
saldo_ramo,900765,900765 - Otros,202607,2026-07-28,60719271.0,188494983.0,-67.79,Crítica,Saldo del dia vs. dia con datos anterior (2026-07-27). Umbrales +-15% / +-30%.
saldo_ramo,900765,900765 - Otros,202607,2026-07-29,281595308.0,60719271.0,363.77,Crítica,Saldo del dia vs. dia con datos anterior (2026-07-28). Umbrales +-15% / +-30%.
saldo_ramo,900765,900765 - Otros,202607,2026-07-30,735757320.0,281595308.0,161.28,Crítica,Saldo del dia vs. dia con datos anterior (2026-07-29). Umbrales +-15% / +-30%.
saldo_ramo,900765,900765 - Otros,202607,2026-07-31,154878124.0,735757320.0,-78.95,Crítica,Saldo del dia vs. dia con datos anterior (2026-07-30). Umbrales +-15% / +-30%.
saldo_ramo,900765,900765 - Otros,202608,2026-08-03,7324167.0,154878124.0,-95.27,Crítica,Saldo del dia vs. dia con datos anterior (2026-07-31). Umbrales +-15% / +-30%.
saldo_ramo,900765,900765 - Otros,202608,2026-08-04,22234487.0,7324167.0,203.58,Crítica,Saldo del dia vs. dia con datos anterior (2026-08-03). Umbrales +-15% / +-30%.
saldo_ramo,900765,900765 - Otros,202608,2026-08-05,19800000.0,22234487.0,-10.95,Normal,Saldo del dia vs. dia con datos anterior (2026-08-04). Umbrales +-15% / +-30%.
saldo_ramo,900765,900765 - Otros,202608,2026-08-06,17850.0,19800000.0,-99.91,Crítica,Saldo del dia vs. dia con datos anterior (2026-08-05). Umbrales +-15% / +-30%.
saldo_ramo,900765,900765 - Otros,202608,2026-08-11,1000000.0,17850.0,5502.24,Crítica,Saldo del dia vs. dia con datos anterior (2026-08-06). Umbrales +-15% / +-30%.
saldo_ramo,900771,900771 - Vida,202605,2026-05-14,59023528.0,,,Sin base,Saldo del dia vs. dia con datos anterior (s/d). Umbrales +-15% / +-30%.
saldo_ramo,900771,900771 - Vida,202605,2026-05-15,107820229.0,59023528.0,82.67,Crítica,Saldo del dia vs. dia con datos anterior (2026-05-14). Umbrales +-15% / +-30%.
saldo_ramo,900771,900771 - Vida,202605,2026-05-19,101568395.0,107820229.0,-5.8,Normal,Saldo del dia vs. dia con datos anterior (2026-05-15). Umbrales +-15% / +-30%.
saldo_ramo,900771,900771 - Vida,202605,2026-05-20,21470733.0,101568395.0,-78.86,Crítica,Saldo del dia vs. dia con datos anterior (2026-05-19). Umbrales +-15% / +-30%.
saldo_ramo,900771,900771 - Vida,202605,2026-05-21,33823797.0,21470733.0,57.53,Crítica,Saldo del dia vs. dia con datos anterior (2026-05-20). Umbrales +-15% / +-30%.
saldo_ramo,900771,900771 - Vida,202605,2026-05-22,54642401.0,33823797.0,61.55,Crítica,Saldo del dia vs. dia con datos anterior (2026-05-21). Umbrales +-15% / +-30%.
saldo_ramo,900771,900771 - Vida,202605,2026-05-25,11494416.0,54642401.0,-78.96,Crítica,Saldo del dia vs. dia con datos anterior (2026-05-22). Umbrales +-15% / +-30%.
saldo_ramo,900771,900771 - Vida,202605,2026-05-26,80000763.0,11494416.0,596.0,Crítica,Saldo del dia vs. dia con datos anterior (2026-05-25). Umbrales +-15% / +-30%.
saldo_ramo,900771,900771 - Vida,202605,2026-05-27,420481093.0,80000763.0,425.6,Crítica,Saldo del dia vs. dia con datos anterior (2026-05-26). Umbrales +-15% / +-30%.
saldo_ramo,900771,900771 - Vida,202605,2026-05-28,1808072111.0,420481093.0,330.0,Crítica,Saldo del dia vs. dia con datos anterior (2026-05-27). Umbrales +-15% / +-30%.
saldo_ramo,900771,900771 - Vida,202605,2026-05-29,296770347.0,1808072111.0,-83.59,Crítica,Saldo del dia vs. dia con datos anterior (2026-05-28). Umbrales +-15% / +-30%.
saldo_ramo,900771,900771 - Vida,202606,2026-06-01,53078141.0,296770347.0,-82.11,Crítica,Saldo del dia vs. dia con datos anterior (2026-05-29). Umbrales +-15% / +-30%.
saldo_ramo,900771,900771 - Vida,202606,2026-06-02,72834352.0,53078141.0,37.22,Crítica,Saldo del dia vs. dia con datos anterior (2026-06-01). Umbrales +-15% / +-30%.
saldo_ramo,900771,900771 - Vida,202606,2026-06-03,-33071168.0,72834352.0,-145.41,Crítica,Saldo del dia vs. dia con datos anterior (2026-06-02). Umbrales +-15% / +-30%.
saldo_ramo,900771,900771 - Vida,202606,2026-06-04,161935344.0,-33071168.0,589.66,Crítica,Saldo del dia vs. dia con datos anterior (2026-06-03). Umbrales +-15% / +-30%.
saldo_ramo,900771,900771 - Vida,202606,2026-06-05,71875465.0,161935344.0,-55.61,Crítica,Saldo del dia vs. dia con datos anterior (2026-06-04). Umbrales +-15% / +-30%.
saldo_ramo,900771,900771 - Vida,202606,2026-06-09,24403437.0,71875465.0,-66.05,Crítica,Saldo del dia vs. dia con datos anterior (2026-06-05). Umbrales +-15% / +-30%.
saldo_ramo,900771,900771 - Vida,202606,2026-06-10,106377824.0,24403437.0,335.91,Crítica,Saldo del dia vs. dia con datos anterior (2026-06-09). Umbrales +-15% / +-30%.
saldo_ramo,900771,900771 - Vida,202606,2026-06-11,33540186.0,106377824.0,-68.47,Crítica,Saldo del dia vs. dia con datos anterior (2026-06-10). Umbrales +-15% / +-30%.
saldo_ramo,900771,900771 - Vida,202606,2026-06-12,14951781.0,33540186.0,-55.42,Crítica,Saldo del dia vs. dia con datos anterior (2026-06-11). Umbrales +-15% / +-30%.
saldo_ramo,900771,900771 - Vida,202606,2026-06-16,319469995.0,14951781.0,2036.67,Crítica,Saldo del dia vs. dia con datos anterior (2026-06-12). Umbrales +-15% / +-30%.
saldo_ramo,900771,900771 - Vida,202606,2026-06-17,321755008.0,319469995.0,0.72,Normal,Saldo del dia vs. dia con datos anterior (2026-06-16). Umbrales +-15% / +-30%.
saldo_ramo,900771,900771 - Vida,202606,2026-06-18,14516129.0,321755008.0,-95.49,Crítica,Saldo del dia vs. dia con datos anterior (2026-06-17). Umbrales +-15% / +-30%.
saldo_ramo,900771,900771 - Vida,202606,2026-06-19,113933553.0,14516129.0,684.88,Crítica,Saldo del dia vs. dia con datos anterior (2026-06-18). Umbrales +-15% / +-30%.
saldo_ramo,900771,900771 - Vida,202606,2026-06-22,30885176.0,113933553.0,-72.89,Crítica,Saldo del dia vs. dia con datos anterior (2026-06-19). Umbrales +-15% / +-30%.
saldo_ramo,900771,900771 - Vida,202606,2026-06-23,147469202.0,30885176.0,377.48,Crítica,Saldo del dia vs. dia con datos anterior (2026-06-22). Umbrales +-15% / +-30%.
saldo_ramo,900771,900771 - Vida,202606,2026-06-24,365830461.0,147469202.0,148.07,Crítica,Saldo del dia vs. dia con datos anterior (2026-06-23). Umbrales +-15% / +-30%.
saldo_ramo,900771,900771 - Vida,202606,2026-06-25,1070122070.0,365830461.0,192.52,Crítica,Saldo del dia vs. dia con datos anterior (2026-06-24). Umbrales +-15% / +-30%.
saldo_ramo,900771,900771 - Vida,202606,2026-06-26,1016938678.0,1070122070.0,-4.97,Normal,Saldo del dia vs. dia con datos anterior (2026-06-25). Umbrales +-15% / +-30%.
saldo_ramo,900771,900771 - Vida,202606,2026-06-27,-4203613.0,1016938678.0,-100.41,Crítica,Saldo del dia vs. dia con datos anterior (2026-06-26). Umbrales +-15% / +-30%.
saldo_ramo,900771,900771 - Vida,202606,2026-06-29,8868058.0,-4203613.0,310.96,Crítica,Saldo del dia vs. dia con datos anterior (2026-06-27). Umbrales +-15% / +-30%.
saldo_ramo,900771,900771 - Vida,202606,2026-06-30,17958596.0,8868058.0,102.51,Crítica,Saldo del dia vs. dia con datos anterior (2026-06-29). Umbrales +-15% / +-30%.
saldo_ramo,900771,900771 - Vida,202607,2026-07-01,91217677.0,17958596.0,407.93,Crítica,Saldo del dia vs. dia con datos anterior (2026-06-30). Umbrales +-15% / +-30%.
saldo_ramo,900771,900771 - Vida,202607,2026-07-02,55152063.0,91217677.0,-39.54,Crítica,Saldo del dia vs. dia con datos anterior (2026-07-01). Umbrales +-15% / +-30%.
saldo_ramo,900771,900771 - Vida,202607,2026-07-03,15542194.0,55152063.0,-71.82,Crítica,Saldo del dia vs. dia con datos anterior (2026-07-02). Umbrales +-15% / +-30%.
saldo_ramo,900771,900771 - Vida,202607,2026-07-06,-39495458.0,15542194.0,-354.12,Crítica,Saldo del dia vs. dia con datos anterior (2026-07-03). Umbrales +-15% / +-30%.
saldo_ramo,900771,900771 - Vida,202607,2026-07-07,-14225848.0,-39495458.0,63.98,Crítica,Saldo del dia vs. dia con datos anterior (2026-07-06). Umbrales +-15% / +-30%.
saldo_ramo,900771,900771 - Vida,202607,2026-07-08,27959464.0,-14225848.0,296.54,Crítica,Saldo del dia vs. dia con datos anterior (2026-07-07). Umbrales +-15% / +-30%.
saldo_ramo,900771,900771 - Vida,202607,2026-07-09,30310366.0,27959464.0,8.41,Normal,Saldo del dia vs. dia con datos anterior (2026-07-08). Umbrales +-15% / +-30%.
saldo_ramo,900771,900771 - Vida,202607,2026-07-10,16358178.0,30310366.0,-46.03,Crítica,Saldo del dia vs. dia con datos anterior (2026-07-09). Umbrales +-15% / +-30%.
saldo_ramo,900771,900771 - Vida,202607,2026-07-14,22422872.0,16358178.0,37.07,Crítica,Saldo del dia vs. dia con datos anterior (2026-07-10). Umbrales +-15% / +-30%.
saldo_ramo,900771,900771 - Vida,202607,2026-07-15,16888569.0,22422872.0,-24.68,Advertencia,Saldo del dia vs. dia con datos anterior (2026-07-14). Umbrales +-15% / +-30%.
saldo_ramo,900771,900771 - Vida,202607,2026-07-16,14808456.0,16888569.0,-12.32,Normal,Saldo del dia vs. dia con datos anterior (2026-07-15). Umbrales +-15% / +-30%.
saldo_ramo,900771,900771 - Vida,202607,2026-07-17,41358149.0,14808456.0,179.29,Crítica,Saldo del dia vs. dia con datos anterior (2026-07-16). Umbrales +-15% / +-30%.
saldo_ramo,900771,900771 - Vida,202607,2026-07-21,4545776.0,41358149.0,-89.01,Crítica,Saldo del dia vs. dia con datos anterior (2026-07-17). Umbrales +-15% / +-30%.
saldo_ramo,900771,900771 - Vida,202607,2026-07-22,215691948.0,4545776.0,4644.89,Crítica,Saldo del dia vs. dia con datos anterior (2026-07-21). Umbrales +-15% / +-30%.
saldo_ramo,900771,900771 - Vida,202607,2026-07-23,144093453.0,215691948.0,-33.19,Crítica,Saldo del dia vs. dia con datos anterior (2026-07-22). Umbrales +-15% / +-30%.
saldo_ramo,900771,900771 - Vida,202607,2026-07-24,74104670.0,144093453.0,-48.57,Crítica,Saldo del dia vs. dia con datos anterior (2026-07-23). Umbrales +-15% / +-30%.
saldo_ramo,900771,900771 - Vida,202607,2026-07-25,302799197.0,74104670.0,308.61,Crítica,Saldo del dia vs. dia con datos anterior (2026-07-24). Umbrales +-15% / +-30%.
saldo_ramo,900771,900771 - Vida,202607,2026-07-26,41740972.0,302799197.0,-86.21,Crítica,Saldo del dia vs. dia con datos anterior (2026-07-25). Umbrales +-15% / +-30%.
saldo_ramo,900771,900771 - Vida,202607,2026-07-27,1608020320.0,41740972.0,3752.38,Crítica,Saldo del dia vs. dia con datos anterior (2026-07-26). Umbrales +-15% / +-30%.
saldo_ramo,900771,900771 - Vida,202607,2026-07-28,291630849.0,1608020320.0,-81.86,Crítica,Saldo del dia vs. dia con datos anterior (2026-07-27). Umbrales +-15% / +-30%.
saldo_ramo,900771,900771 - Vida,202607,2026-07-29,51954004.0,291630849.0,-82.19,Crítica,Saldo del dia vs. dia con datos anterior (2026-07-28). Umbrales +-15% / +-30%.
saldo_ramo,900771,900771 - Vida,202607,2026-07-30,159515101.0,51954004.0,207.03,Crítica,Saldo del dia vs. dia con datos anterior (2026-07-29). Umbrales +-15% / +-30%.
saldo_ramo,900771,900771 - Vida,202607,2026-07-31,86675168.0,159515101.0,-45.66,Crítica,Saldo del dia vs. dia con datos anterior (2026-07-30). Umbrales +-15% / +-30%.
saldo_ramo,900771,900771 - Vida,202608,2026-08-01,178068005.0,86675168.0,105.44,Crítica,Saldo del dia vs. dia con datos anterior (2026-07-31). Umbrales +-15% / +-30%.
saldo_ramo,900771,900771 - Vida,202608,2026-08-03,33483325.0,178068005.0,-81.2,Crítica,Saldo del dia vs. dia con datos anterior (2026-08-01). Umbrales +-15% / +-30%.
saldo_ramo,900771,900771 - Vida,202608,2026-08-04,28611412.0,33483325.0,-14.55,Normal,Saldo del dia vs. dia con datos anterior (2026-08-03). Umbrales +-15% / +-30%.
saldo_ramo,900771,900771 - Vida,202608,2026-08-05,-11862779.0,28611412.0,-141.46,Crítica,Saldo del dia vs. dia con datos anterior (2026-08-04). Umbrales +-15% / +-30%.
saldo_ramo,900771,900771 - Vida,202608,2026-08-06,16539717.0,-11862779.0,239.43,Crítica,Saldo del dia vs. dia con datos anterior (2026-08-05). Umbrales +-15% / +-30%.
saldo_ramo,900771,900771 - Vida,202608,2026-08-10,-28072305.0,16539717.0,-269.73,Crítica,Saldo del dia vs. dia con datos anterior (2026-08-06). Umbrales +-15% / +-30%.
saldo_ramo,900771,900771 - Vida,202608,2026-08-11,506567184.0,-28072305.0,1904.51,Crítica,Saldo del dia vs. dia con datos anterior (2026-08-10). Umbrales +-15% / +-30%.
saldo_ramo,900775,900775 - Responsabilidad Civil,202606,2026-06-01,1283513.0,,,Sin base,Saldo del dia vs. dia con datos anterior (s/d). Umbrales +-15% / +-30%.
saldo_ramo,900775,900775 - Responsabilidad Civil,202606,2026-06-03,-23800956.0,1283513.0,-1954.36,Crítica,Saldo del dia vs. dia con datos anterior (2026-06-01). Umbrales +-15% / +-30%.
saldo_ramo,900775,900775 - Responsabilidad Civil,202606,2026-06-24,18803109.0,-23800956.0,179.0,Crítica,Saldo del dia vs. dia con datos anterior (2026-06-03). Umbrales +-15% / +-30%.
saldo_ramo,900775,900775 - Responsabilidad Civil,202606,2026-06-25,-1206581.0,18803109.0,-106.42,Crítica,Saldo del dia vs. dia con datos anterior (2026-06-24). Umbrales +-15% / +-30%.
saldo_ramo,900775,900775 - Responsabilidad Civil,202607,2026-07-06,1225322.0,-1206581.0,201.55,Crítica,Saldo del dia vs. dia con datos anterior (2026-06-25). Umbrales +-15% / +-30%.
saldo_ramo,900775,900775 - Responsabilidad Civil,202607,2026-07-23,12210222.0,1225322.0,896.49,Crítica,Saldo del dia vs. dia con datos anterior (2026-07-06). Umbrales +-15% / +-30%.
saldo_ramo,900775,900775 - Responsabilidad Civil,202607,2026-07-27,1082818.0,12210222.0,-91.13,Crítica,Saldo del dia vs. dia con datos anterior (2026-07-23). Umbrales +-15% / +-30%.
saldo_ramo,900775,900775 - Responsabilidad Civil,202607,2026-07-28,8519557.0,1082818.0,686.79,Crítica,Saldo del dia vs. dia con datos anterior (2026-07-27). Umbrales +-15% / +-30%.
saldo_ramo,900776,900776 - Manejo / Riesgos Financieros,202605,2026-05-28,3100274.0,,,Sin base,Saldo del dia vs. dia con datos anterior (s/d). Umbrales +-15% / +-30%.
saldo_ramo,900776,900776 - Manejo / Riesgos Financieros,202607,2026-07-13,-3100274.0,3100274.0,-200.0,Crítica,Saldo del dia vs. dia con datos anterior (2026-05-28). Umbrales +-15% / +-30%.
saldo_ramo,900776,900776 - Manejo / Riesgos Financieros,202608,2026-08-05,-2600000.0,-3100274.0,16.14,Advertencia,Saldo del dia vs. dia con datos anterior (2026-07-13). Umbrales +-15% / +-30%.
saldo_ramo,900779,900779 - Ingeniería,202606,2026-06-04,5036556.0,,,Sin base,Saldo del dia vs. dia con datos anterior (s/d). Umbrales +-15% / +-30%.
saldo_ramo,900779,900779 - Ingeniería,202606,2026-06-05,448643761.0,5036556.0,8807.75,Crítica,Saldo del dia vs. dia con datos anterior (2026-06-04). Umbrales +-15% / +-30%.
saldo_ramo,900779,900779 - Ingeniería,202606,2026-06-17,43565352.0,448643761.0,-90.29,Crítica,Saldo del dia vs. dia con datos anterior (2026-06-05). Umbrales +-15% / +-30%.
saldo_ramo,900779,900779 - Ingeniería,202607,2026-07-21,14942204.0,43565352.0,-65.7,Crítica,Saldo del dia vs. dia con datos anterior (2026-06-17). Umbrales +-15% / +-30%.
saldo_ramo,900780,900780 - Otros,202605,2026-05-15,-48522281.0,,,Sin base,Saldo del dia vs. dia con datos anterior (s/d). Umbrales +-15% / +-30%.
saldo_ramo,900780,900780 - Otros,202605,2026-05-25,-95049647.0,-48522281.0,-95.89,Crítica,Saldo del dia vs. dia con datos anterior (2026-05-15). Umbrales +-15% / +-30%.
saldo_ramo,900780,900780 - Otros,202605,2026-05-26,1983811.0,-95049647.0,102.09,Crítica,Saldo del dia vs. dia con datos anterior (2026-05-25). Umbrales +-15% / +-30%.
saldo_ramo,900780,900780 - Otros,202605,2026-05-27,-9215357.0,1983811.0,-564.53,Crítica,Saldo del dia vs. dia con datos anterior (2026-05-26). Umbrales +-15% / +-30%.
saldo_ramo,900780,900780 - Otros,202605,2026-05-28,14398.0,-9215357.0,100.16,Crítica,Saldo del dia vs. dia con datos anterior (2026-05-27). Umbrales +-15% / +-30%.
saldo_ramo,900780,900780 - Otros,202605,2026-05-29,74269668.0,14398.0,515733.23,Crítica,Saldo del dia vs. dia con datos anterior (2026-05-28). Umbrales +-15% / +-30%.
saldo_ramo,900780,900780 - Otros,202606,2026-06-01,3871723.0,74269668.0,-94.79,Crítica,Saldo del dia vs. dia con datos anterior (2026-05-29). Umbrales +-15% / +-30%.
saldo_ramo,900780,900780 - Otros,202606,2026-06-17,1578823.0,3871723.0,-59.22,Crítica,Saldo del dia vs. dia con datos anterior (2026-06-01). Umbrales +-15% / +-30%.
saldo_ramo,900780,900780 - Otros,202606,2026-06-18,-13869623.0,1578823.0,-978.48,Crítica,Saldo del dia vs. dia con datos anterior (2026-06-17). Umbrales +-15% / +-30%.
saldo_ramo,900780,900780 - Otros,202606,2026-06-19,171710.0,-13869623.0,101.24,Crítica,Saldo del dia vs. dia con datos anterior (2026-06-18). Umbrales +-15% / +-30%.
saldo_ramo,900780,900780 - Otros,202606,2026-06-24,-30918332.0,171710.0,-18106.13,Crítica,Saldo del dia vs. dia con datos anterior (2026-06-19). Umbrales +-15% / +-30%.
saldo_ramo,900793,900793 - Agropecuario,202606,2026-06-03,-5414400.0,,,Sin base,Saldo del dia vs. dia con datos anterior (s/d). Umbrales +-15% / +-30%.
saldo_ramo,900793,900793 - Agropecuario,202606,2026-06-18,-4060800.0,-5414400.0,25.0,Advertencia,Saldo del dia vs. dia con datos anterior (2026-06-03). Umbrales +-15% / +-30%.
saldo_ramo,900794,900794 - Aviación,202605,2026-05-14,76929216.0,,,Sin base,Saldo del dia vs. dia con datos anterior (s/d). Umbrales +-15% / +-30%.
saldo_ramo,900794,900794 - Aviación,202605,2026-05-22,16438.0,76929216.0,-99.98,Crítica,Saldo del dia vs. dia con datos anterior (2026-05-14). Umbrales +-15% / +-30%.
saldo_ramo,900794,900794 - Aviación,202605,2026-05-28,450000.0,16438.0,2637.56,Crítica,Saldo del dia vs. dia con datos anterior (2026-05-22). Umbrales +-15% / +-30%.
saldo_ramo,900794,900794 - Aviación,202605,2026-05-29,39200000.0,450000.0,8611.11,Crítica,Saldo del dia vs. dia con datos anterior (2026-05-28). Umbrales +-15% / +-30%.
saldo_ramo,900794,900794 - Aviación,202606,2026-06-19,28541516.0,39200000.0,-27.19,Advertencia,Saldo del dia vs. dia con datos anterior (2026-05-29). Umbrales +-15% / +-30%.
saldo_ramo,900794,900794 - Aviación,202606,2026-06-30,497521736.0,28541516.0,1643.15,Crítica,Saldo del dia vs. dia con datos anterior (2026-06-19). Umbrales +-15% / +-30%.
saldo_ramo,900794,900794 - Aviación,202607,2026-07-03,4.0,497521736.0,-100.0,Crítica,Saldo del dia vs. dia con datos anterior (2026-06-30). Umbrales +-15% / +-30%.
saldo_ramo,900794,900794 - Aviación,202608,2026-08-05,2942000.0,4.0,73549900.0,Crítica,Saldo del dia vs. dia con datos anterior (2026-07-03). Umbrales +-15% / +-30%.
saldo_ramo,900794,900794 - Aviación,202608,2026-08-10,45000000.0,2942000.0,1429.57,Crítica,Saldo del dia vs. dia con datos anterior (2026-08-05). Umbrales +-15% / +-30%.
saldo_ramo,900795,900795 - Autos,202605,2026-05-14,2624920.0,,,Sin base,Saldo del dia vs. dia con datos anterior (s/d). Umbrales +-15% / +-30%.
saldo_ramo,900795,900795 - Autos,202605,2026-05-22,7102668.0,2624920.0,170.59,Crítica,Saldo del dia vs. dia con datos anterior (2026-05-14). Umbrales +-15% / +-30%.
saldo_ramo,900795,900795 - Autos,202605,2026-05-26,15708118.0,7102668.0,121.16,Crítica,Saldo del dia vs. dia con datos anterior (2026-05-22). Umbrales +-15% / +-30%.
saldo_ramo,900795,900795 - Autos,202606,2026-06-05,1320000.0,15708118.0,-91.6,Crítica,Saldo del dia vs. dia con datos anterior (2026-05-26). Umbrales +-15% / +-30%.
saldo_ramo,900795,900795 - Autos,202606,2026-06-09,4751680.0,1320000.0,259.98,Crítica,Saldo del dia vs. dia con datos anterior (2026-06-05). Umbrales +-15% / +-30%.
saldo_ramo,900795,900795 - Autos,202606,2026-06-10,740031.0,4751680.0,-84.43,Crítica,Saldo del dia vs. dia con datos anterior (2026-06-09). Umbrales +-15% / +-30%.
saldo_ramo,900795,900795 - Autos,202606,2026-06-11,6757368.0,740031.0,813.12,Crítica,Saldo del dia vs. dia con datos anterior (2026-06-10). Umbrales +-15% / +-30%.
saldo_ramo,900795,900795 - Autos,202606,2026-06-17,13532657.0,6757368.0,100.27,Crítica,Saldo del dia vs. dia con datos anterior (2026-06-11). Umbrales +-15% / +-30%.
saldo_ramo,900795,900795 - Autos,202606,2026-06-19,921596.0,13532657.0,-93.19,Crítica,Saldo del dia vs. dia con datos anterior (2026-06-17). Umbrales +-15% / +-30%.
saldo_ramo,900795,900795 - Autos,202606,2026-06-22,-921596.0,921596.0,-200.0,Crítica,Saldo del dia vs. dia con datos anterior (2026-06-19). Umbrales +-15% / +-30%.
saldo_ramo,900795,900795 - Autos,202606,2026-06-23,0.0,-921596.0,100.0,Crítica,Saldo del dia vs. dia con datos anterior (2026-06-22). Umbrales +-15% / +-30%.
saldo_ramo,900795,900795 - Autos,202607,2026-07-07,388838.0,0.0,,Sin base,Saldo del dia vs. dia con datos anterior (2026-06-23). Umbrales +-15% / +-30%.
saldo_ramo,900795,900795 - Autos,202607,2026-07-08,1519986.0,388838.0,290.9,Crítica,Saldo del dia vs. dia con datos anterior (2026-07-07). Umbrales +-15% / +-30%.
saldo_ramo,900795,900795 - Autos,202607,2026-07-16,6849656.0,1519986.0,350.64,Crítica,Saldo del dia vs. dia con datos anterior (2026-07-08). Umbrales +-15% / +-30%.
saldo_ramo,900795,900795 - Autos,202607,2026-07-21,1925580.0,6849656.0,-71.89,Crítica,Saldo del dia vs. dia con datos anterior (2026-07-16). Umbrales +-15% / +-30%.
saldo_ramo,900795,900795 - Autos,202607,2026-07-22,13411831.0,1925580.0,596.51,Crítica,Saldo del dia vs. dia con datos anterior (2026-07-21). Umbrales +-15% / +-30%.
saldo_ramo,900795,900795 - Autos,202607,2026-07-29,0.0,13411831.0,-100.0,Crítica,Saldo del dia vs. dia con datos anterior (2026-07-22). Umbrales +-15% / +-30%.
saldo_ramo,900795,900795 - Autos,202608,2026-08-05,1280000.0,0.0,,Sin base,Saldo del dia vs. dia con datos anterior (2026-07-29). Umbrales +-15% / +-30%.
saldo_ramo,900795,900795 - Autos,202608,2026-08-11,422650.0,1280000.0,-66.98,Crítica,Saldo del dia vs. dia con datos anterior (2026-08-05). Umbrales +-15% / +-30%.
saldo_ramo,ADU,ADU - Asistencias,202605,2026-05-14,6534452.0,,,Sin base,Saldo del dia vs. dia con datos anterior (s/d). Umbrales +-15% / +-30%.
saldo_ramo,ADU,ADU - Asistencias,202605,2026-05-15,19539918.0,6534452.0,199.03,Crítica,Saldo del dia vs. dia con datos anterior (2026-05-14). Umbrales +-15% / +-30%.
saldo_ramo,ADU,ADU - Asistencias,202605,2026-05-19,1950958.0,19539918.0,-90.02,Crítica,Saldo del dia vs. dia con datos anterior (2026-05-15). Umbrales +-15% / +-30%.
saldo_ramo,ADU,ADU - Asistencias,202605,2026-05-20,16295116.0,1950958.0,735.24,Crítica,Saldo del dia vs. dia con datos anterior (2026-05-19). Umbrales +-15% / +-30%.
saldo_ramo,ADU,ADU - Asistencias,202605,2026-05-21,8399124.0,16295116.0,-48.46,Crítica,Saldo del dia vs. dia con datos anterior (2026-05-20). Umbrales +-15% / +-30%.
saldo_ramo,ADU,ADU - Asistencias,202605,2026-05-22,4111281.0,8399124.0,-51.05,Crítica,Saldo del dia vs. dia con datos anterior (2026-05-21). Umbrales +-15% / +-30%.
saldo_ramo,ADU,ADU - Asistencias,202605,2026-05-25,1312576.0,4111281.0,-68.07,Crítica,Saldo del dia vs. dia con datos anterior (2026-05-22). Umbrales +-15% / +-30%.
saldo_ramo,ADU,ADU - Asistencias,202605,2026-05-26,1047086.0,1312576.0,-20.23,Advertencia,Saldo del dia vs. dia con datos anterior (2026-05-25). Umbrales +-15% / +-30%.
saldo_ramo,ADU,ADU - Asistencias,202605,2026-05-27,-23157990.0,1047086.0,-2311.66,Crítica,Saldo del dia vs. dia con datos anterior (2026-05-26). Umbrales +-15% / +-30%.
saldo_ramo,ADU,ADU - Asistencias,202605,2026-05-28,2036608.0,-23157990.0,108.79,Crítica,Saldo del dia vs. dia con datos anterior (2026-05-27). Umbrales +-15% / +-30%.
saldo_ramo,ADU,ADU - Asistencias,202605,2026-05-29,9619338.0,2036608.0,372.32,Crítica,Saldo del dia vs. dia con datos anterior (2026-05-28). Umbrales +-15% / +-30%.
saldo_ramo,ADU,ADU - Asistencias,202606,2026-06-01,32603686.0,9619338.0,238.94,Crítica,Saldo del dia vs. dia con datos anterior (2026-05-29). Umbrales +-15% / +-30%.
saldo_ramo,ADU,ADU - Asistencias,202606,2026-06-02,25548750.0,32603686.0,-21.64,Advertencia,Saldo del dia vs. dia con datos anterior (2026-06-01). Umbrales +-15% / +-30%.
saldo_ramo,ADU,ADU - Asistencias,202606,2026-06-03,17682784.0,25548750.0,-30.79,Crítica,Saldo del dia vs. dia con datos anterior (2026-06-02). Umbrales +-15% / +-30%.
saldo_ramo,ADU,ADU - Asistencias,202606,2026-06-04,25764398.0,17682784.0,45.7,Crítica,Saldo del dia vs. dia con datos anterior (2026-06-03). Umbrales +-15% / +-30%.
saldo_ramo,ADU,ADU - Asistencias,202606,2026-06-05,6875647.0,25764398.0,-73.31,Crítica,Saldo del dia vs. dia con datos anterior (2026-06-04). Umbrales +-15% / +-30%.
saldo_ramo,ADU,ADU - Asistencias,202606,2026-06-09,3631197.0,6875647.0,-47.19,Crítica,Saldo del dia vs. dia con datos anterior (2026-06-05). Umbrales +-15% / +-30%.
saldo_ramo,ADU,ADU - Asistencias,202606,2026-06-10,5167887.0,3631197.0,42.32,Crítica,Saldo del dia vs. dia con datos anterior (2026-06-09). Umbrales +-15% / +-30%.
saldo_ramo,ADU,ADU - Asistencias,202606,2026-06-11,2973362.0,5167887.0,-42.46,Crítica,Saldo del dia vs. dia con datos anterior (2026-06-10). Umbrales +-15% / +-30%.
saldo_ramo,ADU,ADU - Asistencias,202606,2026-06-12,1690524.0,2973362.0,-43.14,Crítica,Saldo del dia vs. dia con datos anterior (2026-06-11). Umbrales +-15% / +-30%.
saldo_ramo,ADU,ADU - Asistencias,202606,2026-06-17,2981760.0,1690524.0,76.38,Crítica,Saldo del dia vs. dia con datos anterior (2026-06-12). Umbrales +-15% / +-30%.
saldo_ramo,ADU,ADU - Asistencias,202606,2026-06-18,15759250.0,2981760.0,428.52,Crítica,Saldo del dia vs. dia con datos anterior (2026-06-17). Umbrales +-15% / +-30%.
saldo_ramo,ADU,ADU - Asistencias,202606,2026-06-19,12031407.0,15759250.0,-23.65,Advertencia,Saldo del dia vs. dia con datos anterior (2026-06-18). Umbrales +-15% / +-30%.
saldo_ramo,ADU,ADU - Asistencias,202606,2026-06-22,7960960.0,12031407.0,-33.83,Crítica,Saldo del dia vs. dia con datos anterior (2026-06-19). Umbrales +-15% / +-30%.
saldo_ramo,ADU,ADU - Asistencias,202606,2026-06-23,3947379.0,7960960.0,-50.42,Crítica,Saldo del dia vs. dia con datos anterior (2026-06-22). Umbrales +-15% / +-30%.
saldo_ramo,ADU,ADU - Asistencias,202606,2026-06-24,19532700.0,3947379.0,394.83,Crítica,Saldo del dia vs. dia con datos anterior (2026-06-23). Umbrales +-15% / +-30%.
saldo_ramo,ADU,ADU - Asistencias,202606,2026-06-25,27965.0,19532700.0,-99.86,Crítica,Saldo del dia vs. dia con datos anterior (2026-06-24). Umbrales +-15% / +-30%.
saldo_ramo,ADU,ADU - Asistencias,202606,2026-06-26,-27965.0,27965.0,-200.0,Crítica,Saldo del dia vs. dia con datos anterior (2026-06-25). Umbrales +-15% / +-30%.
saldo_ramo,ADU,ADU - Asistencias,202606,2026-06-29,-3316430.0,-27965.0,-11759.22,Crítica,Saldo del dia vs. dia con datos anterior (2026-06-26). Umbrales +-15% / +-30%.
saldo_ramo,ADU,ADU - Asistencias,202606,2026-06-30,-7132530.0,-3316430.0,-115.07,Crítica,Saldo del dia vs. dia con datos anterior (2026-06-29). Umbrales +-15% / +-30%.
saldo_ramo,ADU,ADU - Asistencias,202607,2026-07-01,71294412.0,-7132530.0,1099.57,Crítica,Saldo del dia vs. dia con datos anterior (2026-06-30). Umbrales +-15% / +-30%.
saldo_ramo,ADU,ADU - Asistencias,202607,2026-07-02,4917039.0,71294412.0,-93.1,Crítica,Saldo del dia vs. dia con datos anterior (2026-07-01). Umbrales +-15% / +-30%.
saldo_ramo,ADU,ADU - Asistencias,202607,2026-07-03,22875088.0,4917039.0,365.22,Crítica,Saldo del dia vs. dia con datos anterior (2026-07-02). Umbrales +-15% / +-30%.
saldo_ramo,ADU,ADU - Asistencias,202607,2026-07-06,42866591.0,22875088.0,87.39,Crítica,Saldo del dia vs. dia con datos anterior (2026-07-03). Umbrales +-15% / +-30%.
saldo_ramo,ADU,ADU - Asistencias,202607,2026-07-07,20093706.0,42866591.0,-53.13,Crítica,Saldo del dia vs. dia con datos anterior (2026-07-06). Umbrales +-15% / +-30%.
saldo_ramo,ADU,ADU - Asistencias,202607,2026-07-08,4558062.0,20093706.0,-77.32,Crítica,Saldo del dia vs. dia con datos anterior (2026-07-07). Umbrales +-15% / +-30%.
saldo_ramo,ADU,ADU - Asistencias,202607,2026-07-09,5455678.0,4558062.0,19.69,Advertencia,Saldo del dia vs. dia con datos anterior (2026-07-08). Umbrales +-15% / +-30%.
saldo_ramo,ADU,ADU - Asistencias,202607,2026-07-10,19489583.0,5455678.0,257.23,Crítica,Saldo del dia vs. dia con datos anterior (2026-07-09). Umbrales +-15% / +-30%.
saldo_ramo,ADU,ADU - Asistencias,202607,2026-07-14,9957822.0,19489583.0,-48.91,Crítica,Saldo del dia vs. dia con datos anterior (2026-07-10). Umbrales +-15% / +-30%.
saldo_ramo,ADU,ADU - Asistencias,202607,2026-07-15,12544296.0,9957822.0,25.97,Advertencia,Saldo del dia vs. dia con datos anterior (2026-07-14). Umbrales +-15% / +-30%.
saldo_ramo,ADU,ADU - Asistencias,202607,2026-07-16,11795684.0,12544296.0,-5.97,Normal,Saldo del dia vs. dia con datos anterior (2026-07-15). Umbrales +-15% / +-30%.
saldo_ramo,ADU,ADU - Asistencias,202607,2026-07-17,11714707.0,11795684.0,-0.69,Normal,Saldo del dia vs. dia con datos anterior (2026-07-16). Umbrales +-15% / +-30%.
saldo_ramo,ADU,ADU - Asistencias,202607,2026-07-21,438989.0,11714707.0,-96.25,Crítica,Saldo del dia vs. dia con datos anterior (2026-07-17). Umbrales +-15% / +-30%.
saldo_ramo,ADU,ADU - Asistencias,202607,2026-07-22,-806152.0,438989.0,-283.64,Crítica,Saldo del dia vs. dia con datos anterior (2026-07-21). Umbrales +-15% / +-30%.
saldo_ramo,ADU,ADU - Asistencias,202607,2026-07-23,72774.0,-806152.0,109.03,Crítica,Saldo del dia vs. dia con datos anterior (2026-07-22). Umbrales +-15% / +-30%.
saldo_ramo,ADU,ADU - Asistencias,202607,2026-07-24,7515368.0,72774.0,10227.0,Crítica,Saldo del dia vs. dia con datos anterior (2026-07-23). Umbrales +-15% / +-30%.
saldo_ramo,ADU,ADU - Asistencias,202607,2026-07-27,-616308.0,7515368.0,-108.2,Crítica,Saldo del dia vs. dia con datos anterior (2026-07-24). Umbrales +-15% / +-30%.
saldo_ramo,ADU,ADU - Asistencias,202607,2026-07-28,2015912.0,-616308.0,427.09,Crítica,Saldo del dia vs. dia con datos anterior (2026-07-27). Umbrales +-15% / +-30%.
saldo_ramo,ADU,ADU - Asistencias,202607,2026-07-29,1923024.0,2015912.0,-4.61,Normal,Saldo del dia vs. dia con datos anterior (2026-07-28). Umbrales +-15% / +-30%.
saldo_ramo,ADU,ADU - Asistencias,202607,2026-07-30,4421750.0,1923024.0,129.94,Crítica,Saldo del dia vs. dia con datos anterior (2026-07-29). Umbrales +-15% / +-30%.
saldo_ramo,ADU,ADU - Asistencias,202607,2026-07-31,4369095.0,4421750.0,-1.19,Normal,Saldo del dia vs. dia con datos anterior (2026-07-30). Umbrales +-15% / +-30%.
saldo_ramo,ADU,ADU - Asistencias,202608,2026-08-03,42483346.0,4369095.0,872.36,Crítica,Saldo del dia vs. dia con datos anterior (2026-07-31). Umbrales +-15% / +-30%.
saldo_ramo,ADU,ADU - Asistencias,202608,2026-08-04,32825243.0,42483346.0,-22.73,Advertencia,Saldo del dia vs. dia con datos anterior (2026-08-03). Umbrales +-15% / +-30%.
saldo_ramo,ADU,ADU - Asistencias,202608,2026-08-05,3835004.0,32825243.0,-88.32,Crítica,Saldo del dia vs. dia con datos anterior (2026-08-04). Umbrales +-15% / +-30%.
saldo_ramo,ADU,ADU - Asistencias,202608,2026-08-06,2291748.0,3835004.0,-40.24,Crítica,Saldo del dia vs. dia con datos anterior (2026-08-05). Umbrales +-15% / +-30%.
saldo_ramo,ADU,ADU - Asistencias,202608,2026-08-10,9956106.0,2291748.0,334.43,Crítica,Saldo del dia vs. dia con datos anterior (2026-08-06). Umbrales +-15% / +-30%.
saldo_ramo,BO,BO - Cumplimiento,202605,2026-05-14,837772.0,,,Sin base,Saldo del dia vs. dia con datos anterior (s/d). Umbrales +-15% / +-30%.
saldo_ramo,BO,BO - Cumplimiento,202605,2026-05-21,658805.0,837772.0,-21.36,Advertencia,Saldo del dia vs. dia con datos anterior (2026-05-14). Umbrales +-15% / +-30%.
saldo_ramo,BO,BO - Cumplimiento,202605,2026-05-28,814869.0,658805.0,23.69,Advertencia,Saldo del dia vs. dia con datos anterior (2026-05-21). Umbrales +-15% / +-30%.
saldo_ramo,BO,BO - Cumplimiento,202605,2026-05-29,1352012.0,814869.0,65.92,Crítica,Saldo del dia vs. dia con datos anterior (2026-05-28). Umbrales +-15% / +-30%.
saldo_ramo,BO,BO - Cumplimiento,202606,2026-06-01,4207450.0,1352012.0,211.2,Crítica,Saldo del dia vs. dia con datos anterior (2026-05-29). Umbrales +-15% / +-30%.
saldo_ramo,BO,BO - Cumplimiento,202606,2026-06-03,110406677.0,4207450.0,2524.08,Crítica,Saldo del dia vs. dia con datos anterior (2026-06-01). Umbrales +-15% / +-30%.
saldo_ramo,BO,BO - Cumplimiento,202606,2026-06-05,180735.0,110406677.0,-99.84,Crítica,Saldo del dia vs. dia con datos anterior (2026-06-03). Umbrales +-15% / +-30%.
saldo_ramo,BO,BO - Cumplimiento,202606,2026-06-09,2529613.0,180735.0,1299.63,Crítica,Saldo del dia vs. dia con datos anterior (2026-06-05). Umbrales +-15% / +-30%.
saldo_ramo,BO,BO - Cumplimiento,202606,2026-06-11,696329.0,2529613.0,-72.47,Crítica,Saldo del dia vs. dia con datos anterior (2026-06-09). Umbrales +-15% / +-30%.
saldo_ramo,BO,BO - Cumplimiento,202606,2026-06-12,602313.0,696329.0,-13.5,Normal,Saldo del dia vs. dia con datos anterior (2026-06-11). Umbrales +-15% / +-30%.
saldo_ramo,BO,BO - Cumplimiento,202606,2026-06-15,16875.0,602313.0,-97.2,Crítica,Saldo del dia vs. dia con datos anterior (2026-06-12). Umbrales +-15% / +-30%.
saldo_ramo,BO,BO - Cumplimiento,202606,2026-06-17,411199.0,16875.0,2336.73,Crítica,Saldo del dia vs. dia con datos anterior (2026-06-15). Umbrales +-15% / +-30%.
saldo_ramo,BO,BO - Cumplimiento,202606,2026-06-18,140896217.0,411199.0,34164.73,Crítica,Saldo del dia vs. dia con datos anterior (2026-06-17). Umbrales +-15% / +-30%.
saldo_ramo,BO,BO - Cumplimiento,202606,2026-06-19,-1198873798.0,140896217.0,-950.89,Crítica,Saldo del dia vs. dia con datos anterior (2026-06-18). Umbrales +-15% / +-30%.
saldo_ramo,BO,BO - Cumplimiento,202606,2026-06-23,186977367.0,-1198873798.0,115.6,Crítica,Saldo del dia vs. dia con datos anterior (2026-06-19). Umbrales +-15% / +-30%.
saldo_ramo,BO,BO - Cumplimiento,202607,2026-07-01,2259219.0,186977367.0,-98.79,Crítica,Saldo del dia vs. dia con datos anterior (2026-06-23). Umbrales +-15% / +-30%.
saldo_ramo,BO,BO - Cumplimiento,202607,2026-07-02,79673413.0,2259219.0,3426.59,Crítica,Saldo del dia vs. dia con datos anterior (2026-07-01). Umbrales +-15% / +-30%.
saldo_ramo,BO,BO - Cumplimiento,202607,2026-07-03,17174148.0,79673413.0,-78.44,Crítica,Saldo del dia vs. dia con datos anterior (2026-07-02). Umbrales +-15% / +-30%.
saldo_ramo,BO,BO - Cumplimiento,202607,2026-07-06,62050081.0,17174148.0,261.3,Crítica,Saldo del dia vs. dia con datos anterior (2026-07-03). Umbrales +-15% / +-30%.
saldo_ramo,BO,BO - Cumplimiento,202607,2026-07-07,12418826.0,62050081.0,-79.99,Crítica,Saldo del dia vs. dia con datos anterior (2026-07-06). Umbrales +-15% / +-30%.
saldo_ramo,BO,BO - Cumplimiento,202607,2026-07-15,94662.0,12418826.0,-99.24,Crítica,Saldo del dia vs. dia con datos anterior (2026-07-07). Umbrales +-15% / +-30%.
saldo_ramo,BO,BO - Cumplimiento,202607,2026-07-16,150134839.0,94662.0,158500.96,Crítica,Saldo del dia vs. dia con datos anterior (2026-07-15). Umbrales +-15% / +-30%.
saldo_ramo,BO,BO - Cumplimiento,202607,2026-07-27,780332.0,150134839.0,-99.48,Crítica,Saldo del dia vs. dia con datos anterior (2026-07-16). Umbrales +-15% / +-30%.
saldo_ramo,BO,BO - Cumplimiento,202607,2026-07-29,282749.0,780332.0,-63.77,Crítica,Saldo del dia vs. dia con datos anterior (2026-07-27). Umbrales +-15% / +-30%.
saldo_ramo,BO,BO - Cumplimiento,202607,2026-07-30,3655077.0,282749.0,1192.69,Crítica,Saldo del dia vs. dia con datos anterior (2026-07-29). Umbrales +-15% / +-30%.
saldo_ramo,BO,BO - Cumplimiento,202607,2026-07-31,228385586.0,3655077.0,6148.45,Crítica,Saldo del dia vs. dia con datos anterior (2026-07-30). Umbrales +-15% / +-30%.
saldo_ramo,BO,BO - Cumplimiento,202608,2026-08-03,68960.0,228385586.0,-99.97,Crítica,Saldo del dia vs. dia con datos anterior (2026-07-31). Umbrales +-15% / +-30%.
saldo_ramo,BO,BO - Cumplimiento,202608,2026-08-04,63316084.0,68960.0,91715.67,Crítica,Saldo del dia vs. dia con datos anterior (2026-08-03). Umbrales +-15% / +-30%.
saldo_ramo,BO,BO - Cumplimiento,202608,2026-08-06,5829599.0,63316084.0,-90.79,Crítica,Saldo del dia vs. dia con datos anterior (2026-08-04). Umbrales +-15% / +-30%.
saldo_ramo,DO1,DO1 - Responsabilidad Civil,202607,2026-07-23,441500000.0,,,Sin base,Saldo del dia vs. dia con datos anterior (s/d). Umbrales +-15% / +-30%.
saldo_ramo,DO1,DO1 - Responsabilidad Civil,202607,2026-07-29,-66059280.0,441500000.0,-114.96,Crítica,Saldo del dia vs. dia con datos anterior (2026-07-23). Umbrales +-15% / +-30%.
saldo_ramo,DO1,DO1 - Responsabilidad Civil,202608,2026-08-10,10113248.29,-66059280.0,115.31,Crítica,Saldo del dia vs. dia con datos anterior (2026-07-29). Umbrales +-15% / +-30%.
saldo_ramo,E1,E1 - Salud,202605,2026-05-14,-467471.0,,,Sin base,Saldo del dia vs. dia con datos anterior (s/d). Umbrales +-15% / +-30%.
saldo_ramo,E1,E1 - Salud,202605,2026-05-15,-141503.0,-467471.0,69.73,Crítica,Saldo del dia vs. dia con datos anterior (2026-05-14). Umbrales +-15% / +-30%.
saldo_ramo,E1,E1 - Salud,202605,2026-05-19,-1497.0,-141503.0,98.94,Crítica,Saldo del dia vs. dia con datos anterior (2026-05-15). Umbrales +-15% / +-30%.
saldo_ramo,E1,E1 - Salud,202605,2026-05-20,-992076.0,-1497.0,-66170.94,Crítica,Saldo del dia vs. dia con datos anterior (2026-05-19). Umbrales +-15% / +-30%.
saldo_ramo,E1,E1 - Salud,202605,2026-05-21,372278162.0,-992076.0,37625.17,Crítica,Saldo del dia vs. dia con datos anterior (2026-05-20). Umbrales +-15% / +-30%.
saldo_ramo,E1,E1 - Salud,202605,2026-05-22,49105321.0,372278162.0,-86.81,Crítica,Saldo del dia vs. dia con datos anterior (2026-05-21). Umbrales +-15% / +-30%.
saldo_ramo,E1,E1 - Salud,202605,2026-05-25,-55239.0,49105321.0,-100.11,Crítica,Saldo del dia vs. dia con datos anterior (2026-05-22). Umbrales +-15% / +-30%.
saldo_ramo,E1,E1 - Salud,202605,2026-05-26,-1373858.0,-55239.0,-2387.12,Crítica,Saldo del dia vs. dia con datos anterior (2026-05-25). Umbrales +-15% / +-30%.
saldo_ramo,E1,E1 - Salud,202605,2026-05-27,76365917.0,-1373858.0,5658.5,Crítica,Saldo del dia vs. dia con datos anterior (2026-05-26). Umbrales +-15% / +-30%.
saldo_ramo,E1,E1 - Salud,202605,2026-05-28,-67949.0,76365917.0,-100.09,Crítica,Saldo del dia vs. dia con datos anterior (2026-05-27). Umbrales +-15% / +-30%.
saldo_ramo,E1,E1 - Salud,202606,2026-06-02,-951885.0,-67949.0,-1300.88,Crítica,Saldo del dia vs. dia con datos anterior (2026-05-28). Umbrales +-15% / +-30%.
saldo_ramo,E1,E1 - Salud,202606,2026-06-03,1259990.0,-951885.0,232.37,Crítica,Saldo del dia vs. dia con datos anterior (2026-06-02). Umbrales +-15% / +-30%.
saldo_ramo,E1,E1 - Salud,202606,2026-06-04,-1509438.0,1259990.0,-219.8,Crítica,Saldo del dia vs. dia con datos anterior (2026-06-03). Umbrales +-15% / +-30%.
saldo_ramo,E1,E1 - Salud,202606,2026-06-05,-67794.0,-1509438.0,95.51,Crítica,Saldo del dia vs. dia con datos anterior (2026-06-04). Umbrales +-15% / +-30%.
saldo_ramo,E1,E1 - Salud,202606,2026-06-09,-144552.0,-67794.0,-113.22,Crítica,Saldo del dia vs. dia con datos anterior (2026-06-05). Umbrales +-15% / +-30%.
saldo_ramo,E1,E1 - Salud,202606,2026-06-11,7682.0,-144552.0,105.31,Crítica,Saldo del dia vs. dia con datos anterior (2026-06-09). Umbrales +-15% / +-30%.
saldo_ramo,E1,E1 - Salud,202606,2026-06-12,-65408.0,7682.0,-951.44,Crítica,Saldo del dia vs. dia con datos anterior (2026-06-11). Umbrales +-15% / +-30%.
saldo_ramo,E1,E1 - Salud,202606,2026-06-16,-942923.0,-65408.0,-1341.6,Crítica,Saldo del dia vs. dia con datos anterior (2026-06-12). Umbrales +-15% / +-30%.
saldo_ramo,E1,E1 - Salud,202606,2026-06-17,925290.0,-942923.0,198.13,Crítica,Saldo del dia vs. dia con datos anterior (2026-06-16). Umbrales +-15% / +-30%.
saldo_ramo,E1,E1 - Salud,202606,2026-06-18,12530310.0,925290.0,1254.2,Crítica,Saldo del dia vs. dia con datos anterior (2026-06-17). Umbrales +-15% / +-30%.
saldo_ramo,E1,E1 - Salud,202606,2026-06-19,6812000.0,12530310.0,-45.64,Crítica,Saldo del dia vs. dia con datos anterior (2026-06-18). Umbrales +-15% / +-30%.
saldo_ramo,E1,E1 - Salud,202606,2026-06-22,271355.0,6812000.0,-96.02,Crítica,Saldo del dia vs. dia con datos anterior (2026-06-19). Umbrales +-15% / +-30%.
saldo_ramo,E1,E1 - Salud,202606,2026-06-23,431615541.0,271355.0,158959.37,Crítica,Saldo del dia vs. dia con datos anterior (2026-06-22). Umbrales +-15% / +-30%.
saldo_ramo,E1,E1 - Salud,202606,2026-06-24,1096094669.0,431615541.0,153.95,Crítica,Saldo del dia vs. dia con datos anterior (2026-06-23). Umbrales +-15% / +-30%.
saldo_ramo,E1,E1 - Salud,202606,2026-06-25,29352428.0,1096094669.0,-97.32,Crítica,Saldo del dia vs. dia con datos anterior (2026-06-24). Umbrales +-15% / +-30%.
saldo_ramo,E1,E1 - Salud,202606,2026-06-30,-5696450.0,29352428.0,-119.41,Crítica,Saldo del dia vs. dia con datos anterior (2026-06-25). Umbrales +-15% / +-30%.
saldo_ramo,E1,E1 - Salud,202607,2026-07-01,1672814.0,-5696450.0,129.37,Crítica,Saldo del dia vs. dia con datos anterior (2026-06-30). Umbrales +-15% / +-30%.
saldo_ramo,E1,E1 - Salud,202607,2026-07-02,4818010.0,1672814.0,188.02,Crítica,Saldo del dia vs. dia con datos anterior (2026-07-01). Umbrales +-15% / +-30%.
saldo_ramo,E1,E1 - Salud,202607,2026-07-03,-1876539.0,4818010.0,-138.95,Crítica,Saldo del dia vs. dia con datos anterior (2026-07-02). Umbrales +-15% / +-30%.
saldo_ramo,E1,E1 - Salud,202607,2026-07-06,-1796809.0,-1876539.0,4.25,Normal,Saldo del dia vs. dia con datos anterior (2026-07-03). Umbrales +-15% / +-30%.
saldo_ramo,E1,E1 - Salud,202607,2026-07-07,-959963.0,-1796809.0,46.57,Crítica,Saldo del dia vs. dia con datos anterior (2026-07-06). Umbrales +-15% / +-30%.
saldo_ramo,E1,E1 - Salud,202607,2026-07-10,-135229.0,-959963.0,85.91,Crítica,Saldo del dia vs. dia con datos anterior (2026-07-07). Umbrales +-15% / +-30%.
saldo_ramo,E1,E1 - Salud,202607,2026-07-14,943693.0,-135229.0,797.85,Crítica,Saldo del dia vs. dia con datos anterior (2026-07-10). Umbrales +-15% / +-30%.
saldo_ramo,E1,E1 - Salud,202607,2026-07-15,-76151.0,943693.0,-108.07,Crítica,Saldo del dia vs. dia con datos anterior (2026-07-14). Umbrales +-15% / +-30%.
saldo_ramo,E1,E1 - Salud,202607,2026-07-16,943340.0,-76151.0,1338.78,Crítica,Saldo del dia vs. dia con datos anterior (2026-07-15). Umbrales +-15% / +-30%.
saldo_ramo,E1,E1 - Salud,202607,2026-07-17,-301155.0,943340.0,-131.92,Crítica,Saldo del dia vs. dia con datos anterior (2026-07-16). Umbrales +-15% / +-30%.
saldo_ramo,E1,E1 - Salud,202607,2026-07-22,43837864.0,-301155.0,14656.58,Crítica,Saldo del dia vs. dia con datos anterior (2026-07-17). Umbrales +-15% / +-30%.
saldo_ramo,E1,E1 - Salud,202607,2026-07-23,-1012659.0,43837864.0,-102.31,Crítica,Saldo del dia vs. dia con datos anterior (2026-07-22). Umbrales +-15% / +-30%.
saldo_ramo,E1,E1 - Salud,202607,2026-07-24,424443625.0,-1012659.0,42013.78,Crítica,Saldo del dia vs. dia con datos anterior (2026-07-23). Umbrales +-15% / +-30%.
saldo_ramo,E1,E1 - Salud,202607,2026-07-27,21257403.0,424443625.0,-94.99,Crítica,Saldo del dia vs. dia con datos anterior (2026-07-24). Umbrales +-15% / +-30%.
saldo_ramo,E1,E1 - Salud,202607,2026-07-28,-4681498.0,21257403.0,-122.02,Crítica,Saldo del dia vs. dia con datos anterior (2026-07-27). Umbrales +-15% / +-30%.
saldo_ramo,E1,E1 - Salud,202607,2026-07-29,-5398256.0,-4681498.0,-15.31,Advertencia,Saldo del dia vs. dia con datos anterior (2026-07-28). Umbrales +-15% / +-30%.
saldo_ramo,E1,E1 - Salud,202608,2026-08-04,1991409.0,-5398256.0,136.89,Crítica,Saldo del dia vs. dia con datos anterior (2026-07-29). Umbrales +-15% / +-30%.
saldo_ramo,E1,E1 - Salud,202608,2026-08-06,-19038.0,1991409.0,-100.96,Crítica,Saldo del dia vs. dia con datos anterior (2026-08-04). Umbrales +-15% / +-30%.
saldo_ramo,E1,E1 - Salud,202608,2026-08-10,-677436.0,-19038.0,-3458.34,Crítica,Saldo del dia vs. dia con datos anterior (2026-08-06). Umbrales +-15% / +-30%.
saldo_ramo,GC,GC - Vida,202606,2026-06-17,-180000.0,,,Sin base,Saldo del dia vs. dia con datos anterior (s/d). Umbrales +-15% / +-30%.
saldo_ramo,GC,GC - Vida,202606,2026-06-23,-307548.0,-180000.0,-70.86,Crítica,Saldo del dia vs. dia con datos anterior (2026-06-17). Umbrales +-15% / +-30%.
saldo_ramo,GC,GC - Vida,202607,2026-07-21,-518707.0,-307548.0,-68.66,Crítica,Saldo del dia vs. dia con datos anterior (2026-06-23). Umbrales +-15% / +-30%.
saldo_ramo,GC,GC - Vida,202608,2026-08-04,-348581.0,-518707.0,32.8,Crítica,Saldo del dia vs. dia con datos anterior (2026-07-21). Umbrales +-15% / +-30%.
saldo_ramo,H1,H1 - Salud,202605,2026-05-15,38418369.0,,,Sin base,Saldo del dia vs. dia con datos anterior (s/d). Umbrales +-15% / +-30%.
saldo_ramo,H1,H1 - Salud,202606,2026-06-02,6121083.0,38418369.0,-84.07,Crítica,Saldo del dia vs. dia con datos anterior (2026-05-15). Umbrales +-15% / +-30%.
saldo_ramo,H1,H1 - Salud,202607,2026-07-01,6121083.0,6121083.0,0.0,Normal,Saldo del dia vs. dia con datos anterior (2026-06-02). Umbrales +-15% / +-30%.
saldo_ramo,H1,H1 - Salud,202607,2026-07-17,55481850.0,6121083.0,806.41,Crítica,Saldo del dia vs. dia con datos anterior (2026-07-01). Umbrales +-15% / +-30%.
saldo_ramo,H1,H1 - Salud,202607,2026-07-31,12617000.0,55481850.0,-77.26,Crítica,Saldo del dia vs. dia con datos anterior (2026-07-17). Umbrales +-15% / +-30%.
saldo_ramo,H1,H1 - Salud,202608,2026-08-05,42778000.0,12617000.0,239.05,Crítica,Saldo del dia vs. dia con datos anterior (2026-07-31). Umbrales +-15% / +-30%.
saldo_ramo,H1,H1 - Salud,202608,2026-08-06,6121083.0,42778000.0,-85.69,Crítica,Saldo del dia vs. dia con datos anterior (2026-08-05). Umbrales +-15% / +-30%.
saldo_ramo,IF,IF - Vida,202605,2026-05-20,1364057.19,,,Sin base,Saldo del dia vs. dia con datos anterior (s/d). Umbrales +-15% / +-30%.
saldo_ramo,IF,IF - Vida,202605,2026-05-21,15514434.47,1364057.19,1037.37,Crítica,Saldo del dia vs. dia con datos anterior (2026-05-20). Umbrales +-15% / +-30%.
saldo_ramo,IF,IF - Vida,202605,2026-05-25,1862028744.45,15514434.47,11901.91,Crítica,Saldo del dia vs. dia con datos anterior (2026-05-21). Umbrales +-15% / +-30%.
saldo_ramo,IF,IF - Vida,202605,2026-05-28,289547927.0,1862028744.45,-84.45,Crítica,Saldo del dia vs. dia con datos anterior (2026-05-25). Umbrales +-15% / +-30%.
saldo_ramo,IF,IF - Vida,202606,2026-06-09,1326685.45,289547927.0,-99.54,Crítica,Saldo del dia vs. dia con datos anterior (2026-05-28). Umbrales +-15% / +-30%.
saldo_ramo,IF,IF - Vida,202606,2026-06-10,15514434.47,1326685.45,1069.41,Crítica,Saldo del dia vs. dia con datos anterior (2026-06-09). Umbrales +-15% / +-30%.
saldo_ramo,IF,IF - Vida,202606,2026-06-22,1843304662.66,15514434.47,11781.22,Crítica,Saldo del dia vs. dia con datos anterior (2026-06-10). Umbrales +-15% / +-30%.
saldo_ramo,IF,IF - Vida,202606,2026-06-26,297546577.0,1843304662.66,-83.86,Crítica,Saldo del dia vs. dia con datos anterior (2026-06-22). Umbrales +-15% / +-30%.
saldo_ramo,IF,IF - Vida,202607,2026-07-06,1326685.45,297546577.0,-99.55,Crítica,Saldo del dia vs. dia con datos anterior (2026-06-26). Umbrales +-15% / +-30%.
saldo_ramo,IF,IF - Vida,202607,2026-07-07,15459168.45,1326685.45,1065.25,Crítica,Saldo del dia vs. dia con datos anterior (2026-07-06). Umbrales +-15% / +-30%.
saldo_ramo,IF,IF - Vida,202607,2026-07-16,1868061659.65,15459168.45,11983.84,Crítica,Saldo del dia vs. dia con datos anterior (2026-07-07). Umbrales +-15% / +-30%.
saldo_ramo,IF,IF - Vida,202607,2026-07-27,286545259.0,1868061659.65,-84.66,Crítica,Saldo del dia vs. dia con datos anterior (2026-07-16). Umbrales +-15% / +-30%.
saldo_ramo,IN,IN - Daños Materiales,202605,2026-05-21,106931771.77,,,Sin base,Saldo del dia vs. dia con datos anterior (s/d). Umbrales +-15% / +-30%.
saldo_ramo,IN,IN - Daños Materiales,202605,2026-05-25,20668061.22,106931771.77,-80.67,Crítica,Saldo del dia vs. dia con datos anterior (2026-05-21). Umbrales +-15% / +-30%.
saldo_ramo,IN,IN - Daños Materiales,202605,2026-05-28,9620627.0,20668061.22,-53.45,Crítica,Saldo del dia vs. dia con datos anterior (2026-05-25). Umbrales +-15% / +-30%.
saldo_ramo,IN,IN - Daños Materiales,202606,2026-06-10,106655951.53,9620627.0,1008.62,Crítica,Saldo del dia vs. dia con datos anterior (2026-05-28). Umbrales +-15% / +-30%.
saldo_ramo,IN,IN - Daños Materiales,202606,2026-06-22,20418677.23,106655951.53,-80.86,Crítica,Saldo del dia vs. dia con datos anterior (2026-06-10). Umbrales +-15% / +-30%.
saldo_ramo,IN,IN - Daños Materiales,202606,2026-06-26,7111948.0,20418677.23,-65.17,Crítica,Saldo del dia vs. dia con datos anterior (2026-06-22). Umbrales +-15% / +-30%.
saldo_ramo,IN,IN - Daños Materiales,202607,2026-07-07,108447792.02,7111948.0,1424.87,Crítica,Saldo del dia vs. dia con datos anterior (2026-06-26). Umbrales +-15% / +-30%.
saldo_ramo,IN,IN - Daños Materiales,202607,2026-07-16,20326049.06,108447792.02,-81.26,Crítica,Saldo del dia vs. dia con datos anterior (2026-07-07). Umbrales +-15% / +-30%.
saldo_ramo,IN,IN - Daños Materiales,202607,2026-07-27,13534760.0,20326049.06,-33.41,Crítica,Saldo del dia vs. dia con datos anterior (2026-07-16). Umbrales +-15% / +-30%.
saldo_ramo,LB,LB - Responsabilidad Civil,202605,2026-05-14,349222.0,,,Sin base,Saldo del dia vs. dia con datos anterior (s/d). Umbrales +-15% / +-30%.
saldo_ramo,LB,LB - Responsabilidad Civil,202605,2026-05-29,230782.0,349222.0,-33.92,Crítica,Saldo del dia vs. dia con datos anterior (2026-05-14). Umbrales +-15% / +-30%.
saldo_ramo,LB,LB - Responsabilidad Civil,202606,2026-06-03,32362789.0,230782.0,13923.1,Crítica,Saldo del dia vs. dia con datos anterior (2026-05-29). Umbrales +-15% / +-30%.
saldo_ramo,LB,LB - Responsabilidad Civil,202606,2026-06-05,227983.0,32362789.0,-99.3,Crítica,Saldo del dia vs. dia con datos anterior (2026-06-03). Umbrales +-15% / +-30%.
saldo_ramo,LB,LB - Responsabilidad Civil,202607,2026-07-02,24187600.0,227983.0,10509.39,Crítica,Saldo del dia vs. dia con datos anterior (2026-06-05). Umbrales +-15% / +-30%.
saldo_ramo,LB,LB - Responsabilidad Civil,202607,2026-07-29,227983.0,24187600.0,-99.06,Crítica,Saldo del dia vs. dia con datos anterior (2026-07-02). Umbrales +-15% / +-30%.
saldo_ramo,LGP,LGP - Otros,202605,2026-05-14,4987295.0,,,Sin base,Saldo del dia vs. dia con datos anterior (s/d). Umbrales +-15% / +-30%.
saldo_ramo,LGP,LGP - Otros,202605,2026-05-25,40172907.0,4987295.0,705.5,Crítica,Saldo del dia vs. dia con datos anterior (2026-05-14). Umbrales +-15% / +-30%.
saldo_ramo,LGP,LGP - Otros,202605,2026-05-28,1662137212.2,40172907.0,4037.46,Crítica,Saldo del dia vs. dia con datos anterior (2026-05-25). Umbrales +-15% / +-30%.
saldo_ramo,LGP,LGP - Otros,202606,2026-06-03,179873.0,1662137212.2,-99.99,Crítica,Saldo del dia vs. dia con datos anterior (2026-05-28). Umbrales +-15% / +-30%.
saldo_ramo,LGP,LGP - Otros,202606,2026-06-09,23100123.42,179873.0,12742.46,Crítica,Saldo del dia vs. dia con datos anterior (2026-06-03). Umbrales +-15% / +-30%.
saldo_ramo,LGP,LGP - Otros,202606,2026-06-16,-2616313.0,23100123.42,-111.33,Crítica,Saldo del dia vs. dia con datos anterior (2026-06-09). Umbrales +-15% / +-30%.
saldo_ramo,LGP,LGP - Otros,202606,2026-06-18,-101780.0,-2616313.0,96.11,Crítica,Saldo del dia vs. dia con datos anterior (2026-06-16). Umbrales +-15% / +-30%.
saldo_ramo,LGP,LGP - Otros,202606,2026-06-19,2600854.0,-101780.0,2655.37,Crítica,Saldo del dia vs. dia con datos anterior (2026-06-18). Umbrales +-15% / +-30%.
saldo_ramo,LGP,LGP - Otros,202606,2026-06-22,75770625.06,2600854.0,2813.3,Crítica,Saldo del dia vs. dia con datos anterior (2026-06-19). Umbrales +-15% / +-30%.
saldo_ramo,LGP,LGP - Otros,202606,2026-06-23,140338631.3,75770625.06,85.22,Crítica,Saldo del dia vs. dia con datos anterior (2026-06-22). Umbrales +-15% / +-30%.
saldo_ramo,LGP,LGP - Otros,202606,2026-06-24,63126554.7,140338631.3,-55.02,Crítica,Saldo del dia vs. dia con datos anterior (2026-06-23). Umbrales +-15% / +-30%.
saldo_ramo,LGP,LGP - Otros,202606,2026-06-26,834583753.0,63126554.7,1222.08,Crítica,Saldo del dia vs. dia con datos anterior (2026-06-24). Umbrales +-15% / +-30%.
saldo_ramo,LGP,LGP - Otros,202607,2026-07-14,-20865051.0,834583753.0,-102.5,Crítica,Saldo del dia vs. dia con datos anterior (2026-06-26). Umbrales +-15% / +-30%.
saldo_ramo,LGP,LGP - Otros,202607,2026-07-15,37545609.95,-20865051.0,279.94,Crítica,Saldo del dia vs. dia con datos anterior (2026-07-14). Umbrales +-15% / +-30%.
saldo_ramo,LGP,LGP - Otros,202607,2026-07-16,344102010.27,37545609.95,816.49,Crítica,Saldo del dia vs. dia con datos anterior (2026-07-15). Umbrales +-15% / +-30%.
saldo_ramo,LGP,LGP - Otros,202607,2026-07-17,67842786.0,344102010.27,-80.28,Crítica,Saldo del dia vs. dia con datos anterior (2026-07-16). Umbrales +-15% / +-30%.
saldo_ramo,LGP,LGP - Otros,202607,2026-07-21,9546309.08,67842786.0,-85.93,Crítica,Saldo del dia vs. dia con datos anterior (2026-07-17). Umbrales +-15% / +-30%.
saldo_ramo,LGP,LGP - Otros,202607,2026-07-27,-18510799.0,9546309.08,-293.91,Crítica,Saldo del dia vs. dia con datos anterior (2026-07-21). Umbrales +-15% / +-30%.
saldo_ramo,LGP,LGP - Otros,202607,2026-07-28,20872317.44,-18510799.0,212.76,Crítica,Saldo del dia vs. dia con datos anterior (2026-07-27). Umbrales +-15% / +-30%.
saldo_ramo,LGP,LGP - Otros,202607,2026-07-31,733356648.0,20872317.44,3413.54,Crítica,Saldo del dia vs. dia con datos anterior (2026-07-28). Umbrales +-15% / +-30%.
saldo_ramo,PY,PY - PYME / Multiriesgo,202605,2026-05-25,78436740.92,,,Sin base,Saldo del dia vs. dia con datos anterior (s/d). Umbrales +-15% / +-30%.
saldo_ramo,PY,PY - PYME / Multiriesgo,202605,2026-05-28,5046609.0,78436740.92,-93.57,Crítica,Saldo del dia vs. dia con datos anterior (2026-05-25). Umbrales +-15% / +-30%.
saldo_ramo,PY,PY - PYME / Multiriesgo,202606,2026-06-22,79501484.81,5046609.0,1475.34,Crítica,Saldo del dia vs. dia con datos anterior (2026-05-28). Umbrales +-15% / +-30%.
saldo_ramo,PY,PY - PYME / Multiriesgo,202606,2026-06-26,3528091.0,79501484.81,-95.56,Crítica,Saldo del dia vs. dia con datos anterior (2026-06-22). Umbrales +-15% / +-30%.
saldo_ramo,PY,PY - PYME / Multiriesgo,202607,2026-07-16,80294846.24,3528091.0,2175.87,Crítica,Saldo del dia vs. dia con datos anterior (2026-06-26). Umbrales +-15% / +-30%.
saldo_ramo,PY,PY - PYME / Multiriesgo,202607,2026-07-30,-1312085.0,80294846.24,-101.63,Crítica,Saldo del dia vs. dia con datos anterior (2026-07-16). Umbrales +-15% / +-30%.
saldo_ramo,PY,PY - PYME / Multiriesgo,202607,2026-07-31,2461259.0,-1312085.0,287.58,Crítica,Saldo del dia vs. dia con datos anterior (2026-07-30). Umbrales +-15% / +-30%.
saldo_ramo,PY,PY - PYME / Multiriesgo,202608,2026-08-03,2574200.0,2461259.0,4.59,Normal,Saldo del dia vs. dia con datos anterior (2026-07-31). Umbrales +-15% / +-30%.
saldo_ramo,RCL,RCL - Responsabilidad Civil,202605,2026-05-14,35269893.54,,,Sin base,Saldo del dia vs. dia con datos anterior (s/d). Umbrales +-15% / +-30%.
saldo_ramo,RCL,RCL - Responsabilidad Civil,202605,2026-05-19,97212755.12,35269893.54,175.63,Crítica,Saldo del dia vs. dia con datos anterior (2026-05-14). Umbrales +-15% / +-30%.
saldo_ramo,RCL,RCL - Responsabilidad Civil,202605,2026-05-20,41518773.45,97212755.12,-57.29,Crítica,Saldo del dia vs. dia con datos anterior (2026-05-19). Umbrales +-15% / +-30%.
saldo_ramo,RCL,RCL - Responsabilidad Civil,202605,2026-05-21,26273841.07,41518773.45,-36.72,Crítica,Saldo del dia vs. dia con datos anterior (2026-05-20). Umbrales +-15% / +-30%.
saldo_ramo,RCL,RCL - Responsabilidad Civil,202605,2026-05-27,39650270.0,26273841.07,50.91,Crítica,Saldo del dia vs. dia con datos anterior (2026-05-21). Umbrales +-15% / +-30%.
saldo_ramo,RCL,RCL - Responsabilidad Civil,202606,2026-06-01,7356300.0,39650270.0,-81.45,Crítica,Saldo del dia vs. dia con datos anterior (2026-05-27). Umbrales +-15% / +-30%.
saldo_ramo,RCL,RCL - Responsabilidad Civil,202606,2026-06-10,11626256.18,7356300.0,58.04,Crítica,Saldo del dia vs. dia con datos anterior (2026-06-01). Umbrales +-15% / +-30%.
saldo_ramo,RCL,RCL - Responsabilidad Civil,202606,2026-06-11,-16360713.0,11626256.18,-240.72,Crítica,Saldo del dia vs. dia con datos anterior (2026-06-10). Umbrales +-15% / +-30%.
saldo_ramo,RCL,RCL - Responsabilidad Civil,202606,2026-06-12,82715758.68,-16360713.0,605.58,Crítica,Saldo del dia vs. dia con datos anterior (2026-06-11). Umbrales +-15% / +-30%.
saldo_ramo,RCL,RCL - Responsabilidad Civil,202606,2026-06-16,42975957.0,82715758.68,-48.04,Crítica,Saldo del dia vs. dia con datos anterior (2026-06-12). Umbrales +-15% / +-30%.
saldo_ramo,RCL,RCL - Responsabilidad Civil,202606,2026-06-17,-52099728.62,42975957.0,-221.23,Crítica,Saldo del dia vs. dia con datos anterior (2026-06-16). Umbrales +-15% / +-30%.
saldo_ramo,RCL,RCL - Responsabilidad Civil,202606,2026-06-18,12039685.0,-52099728.62,123.11,Crítica,Saldo del dia vs. dia con datos anterior (2026-06-17). Umbrales +-15% / +-30%.
saldo_ramo,RCL,RCL - Responsabilidad Civil,202606,2026-06-19,10119125.25,12039685.0,-15.95,Advertencia,Saldo del dia vs. dia con datos anterior (2026-06-18). Umbrales +-15% / +-30%.
saldo_ramo,RCL,RCL - Responsabilidad Civil,202606,2026-06-22,-12039685.0,10119125.25,-218.98,Crítica,Saldo del dia vs. dia con datos anterior (2026-06-19). Umbrales +-15% / +-30%.
saldo_ramo,RCL,RCL - Responsabilidad Civil,202606,2026-06-24,11990825.0,-12039685.0,199.59,Crítica,Saldo del dia vs. dia con datos anterior (2026-06-22). Umbrales +-15% / +-30%.
saldo_ramo,RCL,RCL - Responsabilidad Civil,202607,2026-07-06,92014053.63,11990825.0,667.37,Crítica,Saldo del dia vs. dia con datos anterior (2026-06-24). Umbrales +-15% / +-30%.
saldo_ramo,RCL,RCL - Responsabilidad Civil,202607,2026-07-10,-75758619.0,92014053.63,-182.33,Crítica,Saldo del dia vs. dia con datos anterior (2026-07-06). Umbrales +-15% / +-30%.
saldo_ramo,RCL,RCL - Responsabilidad Civil,202607,2026-07-14,15133236.46,-75758619.0,119.98,Crítica,Saldo del dia vs. dia con datos anterior (2026-07-10). Umbrales +-15% / +-30%.
saldo_ramo,RCL,RCL - Responsabilidad Civil,202607,2026-07-15,11375880.78,15133236.46,-24.83,Advertencia,Saldo del dia vs. dia con datos anterior (2026-07-14). Umbrales +-15% / +-30%.
saldo_ramo,RCL,RCL - Responsabilidad Civil,202607,2026-07-29,-2721156.0,11375880.78,-123.92,Crítica,Saldo del dia vs. dia con datos anterior (2026-07-15). Umbrales +-15% / +-30%.
saldo_ramo,RCM,RCM - Responsabilidad Civil,202605,2026-05-21,29825267.55,,,Sin base,Saldo del dia vs. dia con datos anterior (s/d). Umbrales +-15% / +-30%.
saldo_ramo,RCM,RCM - Responsabilidad Civil,202606,2026-06-09,-447925.0,29825267.55,-101.5,Crítica,Saldo del dia vs. dia con datos anterior (2026-05-21). Umbrales +-15% / +-30%.
saldo_ramo,RCM,RCM - Responsabilidad Civil,202606,2026-06-30,57903965.85,-447925.0,13027.16,Crítica,Saldo del dia vs. dia con datos anterior (2026-06-09). Umbrales +-15% / +-30%.
saldo_ramo,RCM,RCM - Responsabilidad Civil,202607,2026-07-21,6525160.0,57903965.85,-88.73,Crítica,Saldo del dia vs. dia con datos anterior (2026-06-30). Umbrales +-15% / +-30%.
saldo_ramo,RCM,RCM - Responsabilidad Civil,202607,2026-07-23,14863796.1,6525160.0,127.79,Crítica,Saldo del dia vs. dia con datos anterior (2026-07-21). Umbrales +-15% / +-30%.
saldo_ramo,RCP,RCP - Responsabilidad Civil,202606,2026-06-30,7575898.0,,,Sin base,Saldo del dia vs. dia con datos anterior (s/d). Umbrales +-15% / +-30%.
saldo_ramo,RCP,RCP - Responsabilidad Civil,202607,2026-07-07,-204402.0,7575898.0,-102.7,Crítica,Saldo del dia vs. dia con datos anterior (2026-06-30). Umbrales +-15% / +-30%.
saldo_ramo,RCT,RCT - Responsabilidad Civil,202606,2026-06-01,1000000.0,,,Sin base,Saldo del dia vs. dia con datos anterior (s/d). Umbrales +-15% / +-30%.
saldo_ramo,RCT,RCT - Responsabilidad Civil,202607,2026-07-16,500000.0,1000000.0,-50.0,Crítica,Saldo del dia vs. dia con datos anterior (2026-06-01). Umbrales +-15% / +-30%.
saldo_ramo,RCT,RCT - Responsabilidad Civil,202607,2026-07-31,15800000.0,500000.0,3060.0,Crítica,Saldo del dia vs. dia con datos anterior (2026-07-16). Umbrales +-15% / +-30%.
saldo_ramo,RCT,RCT - Responsabilidad Civil,202608,2026-08-05,0.0,15800000.0,-100.0,Crítica,Saldo del dia vs. dia con datos anterior (2026-07-31). Umbrales +-15% / +-30%.
saldo_ramo,REO,REO - Responsabilidad Civil,202606,2026-06-18,68904837.21,,,Sin base,Saldo del dia vs. dia con datos anterior (s/d). Umbrales +-15% / +-30%.
saldo_ramo,REO,REO - Responsabilidad Civil,202606,2026-06-23,-68904837.0,68904837.21,-200.0,Crítica,Saldo del dia vs. dia con datos anterior (2026-06-18). Umbrales +-15% / +-30%.
saldo_ramo,REO,REO - Responsabilidad Civil,202607,2026-07-16,64778451.21,-68904837.0,194.01,Crítica,Saldo del dia vs. dia con datos anterior (2026-06-23). Umbrales +-15% / +-30%.
saldo_ramo,SE,SE - Salud,202605,2026-05-15,5038596.0,,,Sin base,Saldo del dia vs. dia con datos anterior (s/d). Umbrales +-15% / +-30%.
saldo_ramo,SE,SE - Salud,202605,2026-05-20,2155099.0,5038596.0,-57.23,Crítica,Saldo del dia vs. dia con datos anterior (2026-05-15). Umbrales +-15% / +-30%.
saldo_ramo,SE,SE - Salud,202605,2026-05-27,-9771409.0,2155099.0,-553.41,Crítica,Saldo del dia vs. dia con datos anterior (2026-05-20). Umbrales +-15% / +-30%.
saldo_ramo,SE,SE - Salud,202606,2026-06-01,2721640.0,-9771409.0,127.85,Crítica,Saldo del dia vs. dia con datos anterior (2026-05-27). Umbrales +-15% / +-30%.
saldo_ramo,SE,SE - Salud,202606,2026-06-03,13776655.0,2721640.0,406.19,Crítica,Saldo del dia vs. dia con datos anterior (2026-06-01). Umbrales +-15% / +-30%.
saldo_ramo,SE,SE - Salud,202606,2026-06-05,10675667.0,13776655.0,-22.51,Advertencia,Saldo del dia vs. dia con datos anterior (2026-06-03). Umbrales +-15% / +-30%.
saldo_ramo,SE,SE - Salud,202606,2026-06-09,860459.0,10675667.0,-91.94,Crítica,Saldo del dia vs. dia con datos anterior (2026-06-05). Umbrales +-15% / +-30%.
saldo_ramo,SE,SE - Salud,202606,2026-06-10,7030336.0,860459.0,717.04,Crítica,Saldo del dia vs. dia con datos anterior (2026-06-09). Umbrales +-15% / +-30%.
saldo_ramo,SE,SE - Salud,202606,2026-06-11,25102273.0,7030336.0,257.06,Crítica,Saldo del dia vs. dia con datos anterior (2026-06-10). Umbrales +-15% / +-30%.
saldo_ramo,SE,SE - Salud,202606,2026-06-18,20599655.0,25102273.0,-17.94,Advertencia,Saldo del dia vs. dia con datos anterior (2026-06-11). Umbrales +-15% / +-30%.
saldo_ramo,SE,SE - Salud,202606,2026-06-19,2155099.0,20599655.0,-89.54,Crítica,Saldo del dia vs. dia con datos anterior (2026-06-18). Umbrales +-15% / +-30%.
saldo_ramo,SE,SE - Salud,202606,2026-06-24,9621163.0,2155099.0,346.44,Crítica,Saldo del dia vs. dia con datos anterior (2026-06-19). Umbrales +-15% / +-30%.
saldo_ramo,SE,SE - Salud,202606,2026-06-26,3809304.0,9621163.0,-60.41,Crítica,Saldo del dia vs. dia con datos anterior (2026-06-24). Umbrales +-15% / +-30%.
saldo_ramo,SE,SE - Salud,202606,2026-06-30,14417084.0,3809304.0,278.47,Crítica,Saldo del dia vs. dia con datos anterior (2026-06-26). Umbrales +-15% / +-30%.
saldo_ramo,SE,SE - Salud,202607,2026-07-06,18277126.0,14417084.0,26.77,Advertencia,Saldo del dia vs. dia con datos anterior (2026-06-30). Umbrales +-15% / +-30%.
saldo_ramo,SE,SE - Salud,202607,2026-07-07,18945908.0,18277126.0,3.66,Normal,Saldo del dia vs. dia con datos anterior (2026-07-06). Umbrales +-15% / +-30%.
saldo_ramo,SE,SE - Salud,202607,2026-07-10,18918598.0,18945908.0,-0.14,Normal,Saldo del dia vs. dia con datos anterior (2026-07-07). Umbrales +-15% / +-30%.
saldo_ramo,SE,SE - Salud,202607,2026-07-14,959766.0,18918598.0,-94.93,Crítica,Saldo del dia vs. dia con datos anterior (2026-07-10). Umbrales +-15% / +-30%.
saldo_ramo,SE,SE - Salud,202607,2026-07-15,1195333.0,959766.0,24.54,Advertencia,Saldo del dia vs. dia con datos anterior (2026-07-14). Umbrales +-15% / +-30%.
saldo_ramo,SE,SE - Salud,202607,2026-07-16,5571741.0,1195333.0,366.12,Crítica,Saldo del dia vs. dia con datos anterior (2026-07-15). Umbrales +-15% / +-30%.
saldo_ramo,SE,SE - Salud,202607,2026-07-21,21991742.0,5571741.0,294.7,Crítica,Saldo del dia vs. dia con datos anterior (2026-07-16). Umbrales +-15% / +-30%.
saldo_ramo,SE,SE - Salud,202607,2026-07-22,794372.0,21991742.0,-96.39,Crítica,Saldo del dia vs. dia con datos anterior (2026-07-21). Umbrales +-15% / +-30%.
saldo_ramo,SE,SE - Salud,202607,2026-07-30,23875962.0,794372.0,2905.64,Crítica,Saldo del dia vs. dia con datos anterior (2026-07-22). Umbrales +-15% / +-30%.
saldo_ramo,SE,SE - Salud,202607,2026-07-31,24447567.0,23875962.0,2.39,Normal,Saldo del dia vs. dia con datos anterior (2026-07-30). Umbrales +-15% / +-30%.
saldo_ramo,ST,ST - Daños Materiales,202605,2026-05-25,254204.66,,,Sin base,Saldo del dia vs. dia con datos anterior (s/d). Umbrales +-15% / +-30%.
saldo_ramo,ST,ST - Daños Materiales,202606,2026-06-01,895.0,254204.66,-99.65,Crítica,Saldo del dia vs. dia con datos anterior (2026-05-25). Umbrales +-15% / +-30%.
saldo_ramo,ST,ST - Daños Materiales,202606,2026-06-22,254204.66,895.0,28302.76,Crítica,Saldo del dia vs. dia con datos anterior (2026-06-01). Umbrales +-15% / +-30%.
saldo_ramo,ST,ST - Daños Materiales,202606,2026-06-26,895.0,254204.66,-99.65,Crítica,Saldo del dia vs. dia con datos anterior (2026-06-22). Umbrales +-15% / +-30%.
saldo_ramo,ST,ST - Daños Materiales,202607,2026-07-16,254204.66,895.0,28302.76,Crítica,Saldo del dia vs. dia con datos anterior (2026-06-26). Umbrales +-15% / +-30%.
saldo_ramo,ST,ST - Daños Materiales,202608,2026-08-03,8526.0,254204.66,-96.65,Crítica,Saldo del dia vs. dia con datos anterior (2026-07-16). Umbrales +-15% / +-30%.
saldo_ramo,ST,ST - Daños Materiales,202608,2026-08-05,-7631.0,8526.0,-189.5,Crítica,Saldo del dia vs. dia con datos anterior (2026-08-03). Umbrales +-15% / +-30%.
saldo_ramo,T1,T1 - Asistencias,202605,2026-05-14,13641905.0,,,Sin base,Saldo del dia vs. dia con datos anterior (s/d). Umbrales +-15% / +-30%.
saldo_ramo,T1,T1 - Asistencias,202605,2026-05-15,-2216674.0,13641905.0,-116.25,Crítica,Saldo del dia vs. dia con datos anterior (2026-05-14). Umbrales +-15% / +-30%.
saldo_ramo,T1,T1 - Asistencias,202605,2026-05-19,24917595.0,-2216674.0,1224.1,Crítica,Saldo del dia vs. dia con datos anterior (2026-05-15). Umbrales +-15% / +-30%.
saldo_ramo,T1,T1 - Asistencias,202605,2026-05-20,18086777.0,24917595.0,-27.41,Advertencia,Saldo del dia vs. dia con datos anterior (2026-05-19). Umbrales +-15% / +-30%.
saldo_ramo,T1,T1 - Asistencias,202605,2026-05-22,49674611.0,18086777.0,174.65,Crítica,Saldo del dia vs. dia con datos anterior (2026-05-20). Umbrales +-15% / +-30%.
saldo_ramo,T1,T1 - Asistencias,202605,2026-05-26,-3734175.0,49674611.0,-107.52,Crítica,Saldo del dia vs. dia con datos anterior (2026-05-22). Umbrales +-15% / +-30%.
saldo_ramo,T1,T1 - Asistencias,202606,2026-06-01,0.0,-3734175.0,100.0,Crítica,Saldo del dia vs. dia con datos anterior (2026-05-26). Umbrales +-15% / +-30%.
saldo_ramo,T1,T1 - Asistencias,202606,2026-06-03,25967813.0,0.0,,Sin base,Saldo del dia vs. dia con datos anterior (2026-06-01). Umbrales +-15% / +-30%.
saldo_ramo,T1,T1 - Asistencias,202606,2026-06-04,69620405.0,25967813.0,168.1,Crítica,Saldo del dia vs. dia con datos anterior (2026-06-03). Umbrales +-15% / +-30%.
saldo_ramo,T1,T1 - Asistencias,202606,2026-06-05,57670203.0,69620405.0,-17.16,Advertencia,Saldo del dia vs. dia con datos anterior (2026-06-04). Umbrales +-15% / +-30%.
saldo_ramo,T1,T1 - Asistencias,202606,2026-06-10,3646911.0,57670203.0,-93.68,Crítica,Saldo del dia vs. dia con datos anterior (2026-06-05). Umbrales +-15% / +-30%.
saldo_ramo,T1,T1 - Asistencias,202606,2026-06-11,37325899.0,3646911.0,923.49,Crítica,Saldo del dia vs. dia con datos anterior (2026-06-10). Umbrales +-15% / +-30%.
saldo_ramo,T1,T1 - Asistencias,202606,2026-06-16,21102239.0,37325899.0,-43.46,Crítica,Saldo del dia vs. dia con datos anterior (2026-06-11). Umbrales +-15% / +-30%.
saldo_ramo,T1,T1 - Asistencias,202606,2026-06-24,18035782.0,21102239.0,-14.53,Normal,Saldo del dia vs. dia con datos anterior (2026-06-16). Umbrales +-15% / +-30%.
saldo_ramo,T1,T1 - Asistencias,202606,2026-06-30,92255229.0,18035782.0,411.51,Crítica,Saldo del dia vs. dia con datos anterior (2026-06-24). Umbrales +-15% / +-30%.
saldo_ramo,T1,T1 - Asistencias,202607,2026-07-07,3646911.0,92255229.0,-96.05,Crítica,Saldo del dia vs. dia con datos anterior (2026-06-30). Umbrales +-15% / +-30%.
saldo_ramo,T1,T1 - Asistencias,202607,2026-07-14,2235291.0,3646911.0,-38.71,Crítica,Saldo del dia vs. dia con datos anterior (2026-07-07). Umbrales +-15% / +-30%.
saldo_ramo,T1,T1 - Asistencias,202607,2026-07-17,-26938813.0,2235291.0,-1305.16,Crítica,Saldo del dia vs. dia con datos anterior (2026-07-14). Umbrales +-15% / +-30%.
saldo_ramo,T1,T1 - Asistencias,202607,2026-07-21,8667302.0,-26938813.0,132.17,Crítica,Saldo del dia vs. dia con datos anterior (2026-07-17). Umbrales +-15% / +-30%.
saldo_ramo,T1,T1 - Asistencias,202607,2026-07-30,28422415.0,8667302.0,227.93,Crítica,Saldo del dia vs. dia con datos anterior (2026-07-21). Umbrales +-15% / +-30%.
saldo_ramo,TRM,TRM - Transporte / Navegación,202605,2026-05-15,-86696771.0,,,Sin base,Saldo del dia vs. dia con datos anterior (s/d). Umbrales +-15% / +-30%.
saldo_ramo,TRM,TRM - Transporte / Navegación,202605,2026-05-19,89785982.0,-86696771.0,203.56,Crítica,Saldo del dia vs. dia con datos anterior (2026-05-15). Umbrales +-15% / +-30%.
saldo_ramo,TRM,TRM - Transporte / Navegación,202605,2026-05-21,1064952.0,89785982.0,-98.81,Crítica,Saldo del dia vs. dia con datos anterior (2026-05-19). Umbrales +-15% / +-30%.
saldo_ramo,TRM,TRM - Transporte / Navegación,202605,2026-05-25,5467153.0,1064952.0,413.37,Crítica,Saldo del dia vs. dia con datos anterior (2026-05-21). Umbrales +-15% / +-30%.
saldo_ramo,TRM,TRM - Transporte / Navegación,202605,2026-05-28,-2059772.0,5467153.0,-137.68,Crítica,Saldo del dia vs. dia con datos anterior (2026-05-25). Umbrales +-15% / +-30%.
saldo_ramo,TRM,TRM - Transporte / Navegación,202605,2026-05-29,117272430.0,-2059772.0,5793.47,Crítica,Saldo del dia vs. dia con datos anterior (2026-05-28). Umbrales +-15% / +-30%.
saldo_ramo,TRM,TRM - Transporte / Navegación,202606,2026-06-01,2390945.0,117272430.0,-97.96,Crítica,Saldo del dia vs. dia con datos anterior (2026-05-29). Umbrales +-15% / +-30%.
saldo_ramo,TRM,TRM - Transporte / Navegación,202606,2026-06-03,63209844.0,2390945.0,2543.72,Crítica,Saldo del dia vs. dia con datos anterior (2026-06-01). Umbrales +-15% / +-30%.
saldo_ramo,TRM,TRM - Transporte / Navegación,202606,2026-06-04,12073803.0,63209844.0,-80.9,Crítica,Saldo del dia vs. dia con datos anterior (2026-06-03). Umbrales +-15% / +-30%.
saldo_ramo,TRM,TRM - Transporte / Navegación,202606,2026-06-11,52972.0,12073803.0,-99.56,Crítica,Saldo del dia vs. dia con datos anterior (2026-06-04). Umbrales +-15% / +-30%.
saldo_ramo,TRM,TRM - Transporte / Navegación,202606,2026-06-22,-1143327.0,52972.0,-2258.36,Crítica,Saldo del dia vs. dia con datos anterior (2026-06-11). Umbrales +-15% / +-30%.
saldo_ramo,TRM,TRM - Transporte / Navegación,202606,2026-06-23,19900229.0,-1143327.0,1840.55,Crítica,Saldo del dia vs. dia con datos anterior (2026-06-22). Umbrales +-15% / +-30%.
saldo_ramo,TRM,TRM - Transporte / Navegación,202606,2026-06-30,8870126.0,19900229.0,-55.43,Crítica,Saldo del dia vs. dia con datos anterior (2026-06-23). Umbrales +-15% / +-30%.
saldo_ramo,TRM,TRM - Transporte / Navegación,202607,2026-07-01,11010794.0,8870126.0,24.13,Advertencia,Saldo del dia vs. dia con datos anterior (2026-06-30). Umbrales +-15% / +-30%.
saldo_ramo,TRM,TRM - Transporte / Navegación,202607,2026-07-07,-11010794.0,11010794.0,-200.0,Crítica,Saldo del dia vs. dia con datos anterior (2026-07-01). Umbrales +-15% / +-30%.
saldo_ramo,TRM,TRM - Transporte / Navegación,202607,2026-07-09,99480960.0,-11010794.0,1003.49,Crítica,Saldo del dia vs. dia con datos anterior (2026-07-07). Umbrales +-15% / +-30%.
saldo_ramo,TRM,TRM - Transporte / Navegación,202607,2026-07-10,92613575.0,99480960.0,-6.9,Normal,Saldo del dia vs. dia con datos anterior (2026-07-09). Umbrales +-15% / +-30%.
saldo_ramo,TRM,TRM - Transporte / Navegación,202607,2026-07-14,185295922.0,92613575.0,100.07,Crítica,Saldo del dia vs. dia con datos anterior (2026-07-10). Umbrales +-15% / +-30%.
saldo_ramo,TRM,TRM - Transporte / Navegación,202607,2026-07-17,146372.0,185295922.0,-99.92,Crítica,Saldo del dia vs. dia con datos anterior (2026-07-14). Umbrales +-15% / +-30%.
saldo_ramo,TRM,TRM - Transporte / Navegación,202607,2026-07-23,41801420.0,146372.0,28458.34,Crítica,Saldo del dia vs. dia con datos anterior (2026-07-17). Umbrales +-15% / +-30%.
saldo_ramo,TRM,TRM - Transporte / Navegación,202607,2026-07-28,25475573.0,41801420.0,-39.06,Crítica,Saldo del dia vs. dia con datos anterior (2026-07-23). Umbrales +-15% / +-30%.
saldo_ramo,TRM,TRM - Transporte / Navegación,202607,2026-07-29,25528893.0,25475573.0,0.21,Normal,Saldo del dia vs. dia con datos anterior (2026-07-28). Umbrales +-15% / +-30%.
saldo_ramo,TRM,TRM - Transporte / Navegación,202607,2026-07-30,2084145.0,25528893.0,-91.84,Crítica,Saldo del dia vs. dia con datos anterior (2026-07-29). Umbrales +-15% / +-30%.
saldo_ramo,TRM,TRM - Transporte / Navegación,202607,2026-07-31,8008163.0,2084145.0,284.24,Crítica,Saldo del dia vs. dia con datos anterior (2026-07-30). Umbrales +-15% / +-30%.
saldo_ramo,TRM,TRM - Transporte / Navegación,202608,2026-08-04,404839.0,8008163.0,-94.94,Crítica,Saldo del dia vs. dia con datos anterior (2026-07-31). Umbrales +-15% / +-30%.
saldo_ramo,TRM,TRM - Transporte / Navegación,202608,2026-08-05,4113438.0,404839.0,916.07,Crítica,Saldo del dia vs. dia con datos anterior (2026-08-04). Umbrales +-15% / +-30%.
saldo_ramo,TRM,TRM - Transporte / Navegación,202608,2026-08-06,4304154.0,4113438.0,4.64,Normal,Saldo del dia vs. dia con datos anterior (2026-08-05). Umbrales +-15% / +-30%.
saldo_ramo,Z1,Z1 - Salud,202605,2026-05-14,38601328.0,,,Sin base,Saldo del dia vs. dia con datos anterior (s/d). Umbrales +-15% / +-30%.
saldo_ramo,Z1,Z1 - Salud,202605,2026-05-15,152883878.0,38601328.0,296.06,Crítica,Saldo del dia vs. dia con datos anterior (2026-05-14). Umbrales +-15% / +-30%.
saldo_ramo,Z1,Z1 - Salud,202605,2026-05-19,236733248.0,152883878.0,54.85,Crítica,Saldo del dia vs. dia con datos anterior (2026-05-15). Umbrales +-15% / +-30%.
saldo_ramo,Z1,Z1 - Salud,202605,2026-05-20,32058352.0,236733248.0,-86.46,Crítica,Saldo del dia vs. dia con datos anterior (2026-05-19). Umbrales +-15% / +-30%.
saldo_ramo,Z1,Z1 - Salud,202605,2026-05-21,377426684.0,32058352.0,1077.31,Crítica,Saldo del dia vs. dia con datos anterior (2026-05-20). Umbrales +-15% / +-30%.
saldo_ramo,Z1,Z1 - Salud,202605,2026-05-22,137928875.0,377426684.0,-63.46,Crítica,Saldo del dia vs. dia con datos anterior (2026-05-21). Umbrales +-15% / +-30%.
saldo_ramo,Z1,Z1 - Salud,202605,2026-05-25,32228898.0,137928875.0,-76.63,Crítica,Saldo del dia vs. dia con datos anterior (2026-05-22). Umbrales +-15% / +-30%.
saldo_ramo,Z1,Z1 - Salud,202605,2026-05-26,151318001.0,32228898.0,369.51,Crítica,Saldo del dia vs. dia con datos anterior (2026-05-25). Umbrales +-15% / +-30%.
saldo_ramo,Z1,Z1 - Salud,202605,2026-05-27,51370946.0,151318001.0,-66.05,Crítica,Saldo del dia vs. dia con datos anterior (2026-05-26). Umbrales +-15% / +-30%.
saldo_ramo,Z1,Z1 - Salud,202605,2026-05-28,147808054.0,51370946.0,187.73,Crítica,Saldo del dia vs. dia con datos anterior (2026-05-27). Umbrales +-15% / +-30%.
saldo_ramo,Z1,Z1 - Salud,202605,2026-05-29,9719478.0,147808054.0,-93.42,Crítica,Saldo del dia vs. dia con datos anterior (2026-05-28). Umbrales +-15% / +-30%.
saldo_ramo,Z1,Z1 - Salud,202606,2026-06-01,313896177.0,9719478.0,3129.56,Crítica,Saldo del dia vs. dia con datos anterior (2026-05-29). Umbrales +-15% / +-30%.
saldo_ramo,Z1,Z1 - Salud,202606,2026-06-02,256606611.0,313896177.0,-18.25,Advertencia,Saldo del dia vs. dia con datos anterior (2026-06-01). Umbrales +-15% / +-30%.
saldo_ramo,Z1,Z1 - Salud,202606,2026-06-03,466973056.0,256606611.0,81.98,Crítica,Saldo del dia vs. dia con datos anterior (2026-06-02). Umbrales +-15% / +-30%.
saldo_ramo,Z1,Z1 - Salud,202606,2026-06-04,69211861.0,466973056.0,-85.18,Crítica,Saldo del dia vs. dia con datos anterior (2026-06-03). Umbrales +-15% / +-30%.
saldo_ramo,Z1,Z1 - Salud,202606,2026-06-05,83946412.0,69211861.0,21.29,Advertencia,Saldo del dia vs. dia con datos anterior (2026-06-04). Umbrales +-15% / +-30%.
saldo_ramo,Z1,Z1 - Salud,202606,2026-06-09,41239134.0,83946412.0,-50.87,Crítica,Saldo del dia vs. dia con datos anterior (2026-06-05). Umbrales +-15% / +-30%.
saldo_ramo,Z1,Z1 - Salud,202606,2026-06-10,28785811.0,41239134.0,-30.2,Crítica,Saldo del dia vs. dia con datos anterior (2026-06-09). Umbrales +-15% / +-30%.
saldo_ramo,Z1,Z1 - Salud,202606,2026-06-11,56921552.0,28785811.0,97.74,Crítica,Saldo del dia vs. dia con datos anterior (2026-06-10). Umbrales +-15% / +-30%.
saldo_ramo,Z1,Z1 - Salud,202606,2026-06-12,86624163.0,56921552.0,52.18,Crítica,Saldo del dia vs. dia con datos anterior (2026-06-11). Umbrales +-15% / +-30%.
saldo_ramo,Z1,Z1 - Salud,202606,2026-06-16,66583630.0,86624163.0,-23.14,Advertencia,Saldo del dia vs. dia con datos anterior (2026-06-12). Umbrales +-15% / +-30%.
saldo_ramo,Z1,Z1 - Salud,202606,2026-06-17,127650268.0,66583630.0,91.71,Crítica,Saldo del dia vs. dia con datos anterior (2026-06-16). Umbrales +-15% / +-30%.
saldo_ramo,Z1,Z1 - Salud,202606,2026-06-18,111815277.0,127650268.0,-12.4,Normal,Saldo del dia vs. dia con datos anterior (2026-06-17). Umbrales +-15% / +-30%.
saldo_ramo,Z1,Z1 - Salud,202606,2026-06-19,123314295.0,111815277.0,10.28,Normal,Saldo del dia vs. dia con datos anterior (2026-06-18). Umbrales +-15% / +-30%.
saldo_ramo,Z1,Z1 - Salud,202606,2026-06-22,276013220.0,123314295.0,123.83,Crítica,Saldo del dia vs. dia con datos anterior (2026-06-19). Umbrales +-15% / +-30%.
saldo_ramo,Z1,Z1 - Salud,202606,2026-06-23,122546557.0,276013220.0,-55.6,Crítica,Saldo del dia vs. dia con datos anterior (2026-06-22). Umbrales +-15% / +-30%.
saldo_ramo,Z1,Z1 - Salud,202606,2026-06-24,40320241.0,122546557.0,-67.1,Crítica,Saldo del dia vs. dia con datos anterior (2026-06-23). Umbrales +-15% / +-30%.
saldo_ramo,Z1,Z1 - Salud,202606,2026-06-25,125597906.0,40320241.0,211.5,Crítica,Saldo del dia vs. dia con datos anterior (2026-06-24). Umbrales +-15% / +-30%.
saldo_ramo,Z1,Z1 - Salud,202606,2026-06-26,52307521.0,125597906.0,-58.35,Crítica,Saldo del dia vs. dia con datos anterior (2026-06-25). Umbrales +-15% / +-30%.
saldo_ramo,Z1,Z1 - Salud,202606,2026-06-29,-11100385.0,52307521.0,-121.22,Crítica,Saldo del dia vs. dia con datos anterior (2026-06-26). Umbrales +-15% / +-30%.
saldo_ramo,Z1,Z1 - Salud,202606,2026-06-30,174243857.0,-11100385.0,1669.71,Crítica,Saldo del dia vs. dia con datos anterior (2026-06-29). Umbrales +-15% / +-30%.
saldo_ramo,Z1,Z1 - Salud,202607,2026-07-01,419540190.0,174243857.0,140.78,Crítica,Saldo del dia vs. dia con datos anterior (2026-06-30). Umbrales +-15% / +-30%.
saldo_ramo,Z1,Z1 - Salud,202607,2026-07-02,377687997.0,419540190.0,-9.98,Normal,Saldo del dia vs. dia con datos anterior (2026-07-01). Umbrales +-15% / +-30%.
saldo_ramo,Z1,Z1 - Salud,202607,2026-07-03,55932059.0,377687997.0,-85.19,Crítica,Saldo del dia vs. dia con datos anterior (2026-07-02). Umbrales +-15% / +-30%.
saldo_ramo,Z1,Z1 - Salud,202607,2026-07-06,50782200.0,55932059.0,-9.21,Normal,Saldo del dia vs. dia con datos anterior (2026-07-03). Umbrales +-15% / +-30%.
saldo_ramo,Z1,Z1 - Salud,202607,2026-07-07,51009405.0,50782200.0,0.45,Normal,Saldo del dia vs. dia con datos anterior (2026-07-06). Umbrales +-15% / +-30%.
saldo_ramo,Z1,Z1 - Salud,202607,2026-07-08,75955537.0,51009405.0,48.9,Crítica,Saldo del dia vs. dia con datos anterior (2026-07-07). Umbrales +-15% / +-30%.
saldo_ramo,Z1,Z1 - Salud,202607,2026-07-09,117783540.0,75955537.0,55.07,Crítica,Saldo del dia vs. dia con datos anterior (2026-07-08). Umbrales +-15% / +-30%.
saldo_ramo,Z1,Z1 - Salud,202607,2026-07-10,35622726.0,117783540.0,-69.76,Crítica,Saldo del dia vs. dia con datos anterior (2026-07-09). Umbrales +-15% / +-30%.
saldo_ramo,Z1,Z1 - Salud,202607,2026-07-14,402168906.0,35622726.0,1028.97,Crítica,Saldo del dia vs. dia con datos anterior (2026-07-10). Umbrales +-15% / +-30%.
saldo_ramo,Z1,Z1 - Salud,202607,2026-07-15,136591581.0,402168906.0,-66.04,Crítica,Saldo del dia vs. dia con datos anterior (2026-07-14). Umbrales +-15% / +-30%.
saldo_ramo,Z1,Z1 - Salud,202607,2026-07-16,8353177.0,136591581.0,-93.88,Crítica,Saldo del dia vs. dia con datos anterior (2026-07-15). Umbrales +-15% / +-30%.
saldo_ramo,Z1,Z1 - Salud,202607,2026-07-17,36373648.0,8353177.0,335.45,Crítica,Saldo del dia vs. dia con datos anterior (2026-07-16). Umbrales +-15% / +-30%.
saldo_ramo,Z1,Z1 - Salud,202607,2026-07-21,79728255.0,36373648.0,119.19,Crítica,Saldo del dia vs. dia con datos anterior (2026-07-17). Umbrales +-15% / +-30%.
saldo_ramo,Z1,Z1 - Salud,202607,2026-07-22,132436502.0,79728255.0,66.11,Crítica,Saldo del dia vs. dia con datos anterior (2026-07-21). Umbrales +-15% / +-30%.
saldo_ramo,Z1,Z1 - Salud,202607,2026-07-23,69576941.0,132436502.0,-47.46,Crítica,Saldo del dia vs. dia con datos anterior (2026-07-22). Umbrales +-15% / +-30%.
saldo_ramo,Z1,Z1 - Salud,202607,2026-07-24,180577416.0,69576941.0,159.54,Crítica,Saldo del dia vs. dia con datos anterior (2026-07-23). Umbrales +-15% / +-30%.
saldo_ramo,Z1,Z1 - Salud,202607,2026-07-27,71821833.0,180577416.0,-60.23,Crítica,Saldo del dia vs. dia con datos anterior (2026-07-24). Umbrales +-15% / +-30%.
saldo_ramo,Z1,Z1 - Salud,202607,2026-07-28,121169120.0,71821833.0,68.71,Crítica,Saldo del dia vs. dia con datos anterior (2026-07-27). Umbrales +-15% / +-30%.
saldo_ramo,Z1,Z1 - Salud,202607,2026-07-29,90163019.0,121169120.0,-25.59,Advertencia,Saldo del dia vs. dia con datos anterior (2026-07-28). Umbrales +-15% / +-30%.
saldo_ramo,Z1,Z1 - Salud,202607,2026-07-30,109877340.0,90163019.0,21.87,Advertencia,Saldo del dia vs. dia con datos anterior (2026-07-29). Umbrales +-15% / +-30%.
saldo_ramo,Z1,Z1 - Salud,202607,2026-07-31,229203665.0,109877340.0,108.6,Crítica,Saldo del dia vs. dia con datos anterior (2026-07-30). Umbrales +-15% / +-30%.
saldo_ramo,Z1,Z1 - Salud,202608,2026-08-03,397276595.0,229203665.0,73.33,Crítica,Saldo del dia vs. dia con datos anterior (2026-07-31). Umbrales +-15% / +-30%.
saldo_ramo,Z1,Z1 - Salud,202608,2026-08-04,293926460.0,397276595.0,-26.01,Advertencia,Saldo del dia vs. dia con datos anterior (2026-08-03). Umbrales +-15% / +-30%.
saldo_ramo,Z1,Z1 - Salud,202608,2026-08-05,353408362.0,293926460.0,20.24,Advertencia,Saldo del dia vs. dia con datos anterior (2026-08-04). Umbrales +-15% / +-30%.
saldo_ramo,Z1,Z1 - Salud,202608,2026-08-06,200217348.0,353408362.0,-43.35,Crítica,Saldo del dia vs. dia con datos anterior (2026-08-05). Umbrales +-15% / +-30%.
saldo_ramo,Z1,Z1 - Salud,202608,2026-08-10,49685877.0,200217348.0,-75.18,Crítica,Saldo del dia vs. dia con datos anterior (2026-08-06). Umbrales +-15% / +-30%.
dimension,completitud,Completitud,202508,2025-08-01,100.0,95.0,,Normal,"% de cumplimiento. Umbrales <95% Advertencia, <90% Critica."
dimension,exactitud,Exactitud,202508,2025-08-01,97.26,95.0,,Normal,"% de cumplimiento. Umbrales <95% Advertencia, <90% Critica."
dimension,unicidad,Unicidad,202508,2025-08-01,100.0,95.0,,Normal,"% de cumplimiento. Umbrales <95% Advertencia, <90% Critica."
dimension,validez,Validez,202508,2025-08-01,100.0,95.0,,Normal,"% de cumplimiento. Umbrales <95% Advertencia, <90% Critica."
dimension,completitud,Completitud,202509,2025-09-01,100.0,95.0,,Normal,"% de cumplimiento. Umbrales <95% Advertencia, <90% Critica."
dimension,exactitud,Exactitud,202509,2025-09-01,97.66,95.0,,Normal,"% de cumplimiento. Umbrales <95% Advertencia, <90% Critica."
dimension,unicidad,Unicidad,202509,2025-09-01,100.0,95.0,,Normal,"% de cumplimiento. Umbrales <95% Advertencia, <90% Critica."
dimension,validez,Validez,202509,2025-09-01,100.0,95.0,,Normal,"% de cumplimiento. Umbrales <95% Advertencia, <90% Critica."
dimension,completitud,Completitud,202510,2025-10-01,100.0,95.0,,Normal,"% de cumplimiento. Umbrales <95% Advertencia, <90% Critica."
dimension,exactitud,Exactitud,202510,2025-10-01,97.83,95.0,,Normal,"% de cumplimiento. Umbrales <95% Advertencia, <90% Critica."
dimension,unicidad,Unicidad,202510,2025-10-01,100.0,95.0,,Normal,"% de cumplimiento. Umbrales <95% Advertencia, <90% Critica."
dimension,validez,Validez,202510,2025-10-01,100.0,95.0,,Normal,"% de cumplimiento. Umbrales <95% Advertencia, <90% Critica."
dimension,completitud,Completitud,202511,2025-11-01,100.0,95.0,,Normal,"% de cumplimiento. Umbrales <95% Advertencia, <90% Critica."
dimension,exactitud,Exactitud,202511,2025-11-01,97.76,95.0,,Normal,"% de cumplimiento. Umbrales <95% Advertencia, <90% Critica."
dimension,unicidad,Unicidad,202511,2025-11-01,100.0,95.0,,Normal,"% de cumplimiento. Umbrales <95% Advertencia, <90% Critica."
dimension,validez,Validez,202511,2025-11-01,100.0,95.0,,Normal,"% de cumplimiento. Umbrales <95% Advertencia, <90% Critica."
dimension,completitud,Completitud,202512,2025-12-01,100.0,95.0,,Normal,"% de cumplimiento. Umbrales <95% Advertencia, <90% Critica."
dimension,exactitud,Exactitud,202512,2025-12-01,97.54,95.0,,Normal,"% de cumplimiento. Umbrales <95% Advertencia, <90% Critica."
dimension,unicidad,Unicidad,202512,2025-12-01,100.0,95.0,,Normal,"% de cumplimiento. Umbrales <95% Advertencia, <90% Critica."
dimension,validez,Validez,202512,2025-12-01,100.0,95.0,,Normal,"% de cumplimiento. Umbrales <95% Advertencia, <90% Critica."
dimension,completitud,Completitud,202601,2026-01-01,100.0,95.0,,Normal,"% de cumplimiento. Umbrales <95% Advertencia, <90% Critica."
dimension,exactitud,Exactitud,202601,2026-01-01,97.83,95.0,,Normal,"% de cumplimiento. Umbrales <95% Advertencia, <90% Critica."
dimension,unicidad,Unicidad,202601,2026-01-01,100.0,95.0,,Normal,"% de cumplimiento. Umbrales <95% Advertencia, <90% Critica."
dimension,validez,Validez,202601,2026-01-01,100.0,95.0,,Normal,"% de cumplimiento. Umbrales <95% Advertencia, <90% Critica."
dimension,completitud,Completitud,202602,2026-02-01,100.0,95.0,,Normal,"% de cumplimiento. Umbrales <95% Advertencia, <90% Critica."
dimension,exactitud,Exactitud,202602,2026-02-01,97.69,95.0,,Normal,"% de cumplimiento. Umbrales <95% Advertencia, <90% Critica."
dimension,unicidad,Unicidad,202602,2026-02-01,100.0,95.0,,Normal,"% de cumplimiento. Umbrales <95% Advertencia, <90% Critica."
dimension,validez,Validez,202602,2026-02-01,100.0,95.0,,Normal,"% de cumplimiento. Umbrales <95% Advertencia, <90% Critica."
dimension,completitud,Completitud,202603,2026-03-01,100.0,95.0,,Normal,"% de cumplimiento. Umbrales <95% Advertencia, <90% Critica."
dimension,exactitud,Exactitud,202603,2026-03-01,97.72,95.0,,Normal,"% de cumplimiento. Umbrales <95% Advertencia, <90% Critica."
dimension,unicidad,Unicidad,202603,2026-03-01,100.0,95.0,,Normal,"% de cumplimiento. Umbrales <95% Advertencia, <90% Critica."
dimension,validez,Validez,202603,2026-03-01,100.0,95.0,,Normal,"% de cumplimiento. Umbrales <95% Advertencia, <90% Critica."
dimension,completitud,Completitud,202604,2026-04-01,100.0,95.0,,Normal,"% de cumplimiento. Umbrales <95% Advertencia, <90% Critica."
dimension,exactitud,Exactitud,202604,2026-04-01,97.73,95.0,,Normal,"% de cumplimiento. Umbrales <95% Advertencia, <90% Critica."
dimension,unicidad,Unicidad,202604,2026-04-01,100.0,95.0,,Normal,"% de cumplimiento. Umbrales <95% Advertencia, <90% Critica."
dimension,validez,Validez,202604,2026-04-01,100.0,95.0,,Normal,"% de cumplimiento. Umbrales <95% Advertencia, <90% Critica."
dimension,completitud,Completitud,202605,2026-05-01,100.0,95.0,,Normal,"% de cumplimiento. Umbrales <95% Advertencia, <90% Critica."
dimension,exactitud,Exactitud,202605,2026-05-01,97.82,95.0,,Normal,"% de cumplimiento. Umbrales <95% Advertencia, <90% Critica."
dimension,unicidad,Unicidad,202605,2026-05-01,100.0,95.0,,Normal,"% de cumplimiento. Umbrales <95% Advertencia, <90% Critica."
dimension,validez,Validez,202605,2026-05-01,100.0,95.0,,Normal,"% de cumplimiento. Umbrales <95% Advertencia, <90% Critica."
dimension,completitud,Completitud,202606,2026-06-01,100.0,95.0,,Normal,"% de cumplimiento. Umbrales <95% Advertencia, <90% Critica."
dimension,exactitud,Exactitud,202606,2026-06-01,97.74,95.0,,Normal,"% de cumplimiento. Umbrales <95% Advertencia, <90% Critica."
dimension,unicidad,Unicidad,202606,2026-06-01,100.0,95.0,,Normal,"% de cumplimiento. Umbrales <95% Advertencia, <90% Critica."
dimension,validez,Validez,202606,2026-06-01,100.0,95.0,,Normal,"% de cumplimiento. Umbrales <95% Advertencia, <90% Critica."
dimension,completitud,Completitud,202607,2026-07-01,100.0,95.0,,Normal,"% de cumplimiento. Umbrales <95% Advertencia, <90% Critica."
dimension,exactitud,Exactitud,202607,2026-07-01,97.9,95.0,,Normal,"% de cumplimiento. Umbrales <95% Advertencia, <90% Critica."
dimension,unicidad,Unicidad,202607,2026-07-01,100.0,95.0,,Normal,"% de cumplimiento. Umbrales <95% Advertencia, <90% Critica."
dimension,validez,Validez,202607,2026-07-01,100.0,95.0,,Normal,"% de cumplimiento. Umbrales <95% Advertencia, <90% Critica."
dimension,completitud,Completitud,202608,2026-08-01,100.0,95.0,,Normal,"% de cumplimiento. Umbrales <95% Advertencia, <90% Critica."
dimension,exactitud,Exactitud,202608,2026-08-01,99.45,95.0,,Normal,"% de cumplimiento. Umbrales <95% Advertencia, <90% Critica."
dimension,unicidad,Unicidad,202608,2026-08-01,100.0,95.0,,Normal,"% de cumplimiento. Umbrales <95% Advertencia, <90% Critica."
dimension,validez,Validez,202608,2026-08-01,100.0,95.0,,Normal,"% de cumplimiento. Umbrales <95% Advertencia, <90% Critica."
dimension,integridad,Integridad,202508,2025-08-01,,95.0,,Pendiente,Integridad aun no tiene logica definida (a la espera de la Politica / Paula Torres).
dimension,integridad,Integridad,202509,2025-09-01,,95.0,,Pendiente,Integridad aun no tiene logica definida (a la espera de la Politica / Paula Torres).
dimension,integridad,Integridad,202510,2025-10-01,,95.0,,Pendiente,Integridad aun no tiene logica definida (a la espera de la Politica / Paula Torres).
dimension,integridad,Integridad,202511,2025-11-01,,95.0,,Pendiente,Integridad aun no tiene logica definida (a la espera de la Politica / Paula Torres).
dimension,integridad,Integridad,202512,2025-12-01,,95.0,,Pendiente,Integridad aun no tiene logica definida (a la espera de la Politica / Paula Torres).
dimension,integridad,Integridad,202601,2026-01-01,,95.0,,Pendiente,Integridad aun no tiene logica definida (a la espera de la Politica / Paula Torres).
dimension,integridad,Integridad,202602,2026-02-01,,95.0,,Pendiente,Integridad aun no tiene logica definida (a la espera de la Politica / Paula Torres).
dimension,integridad,Integridad,202603,2026-03-01,,95.0,,Pendiente,Integridad aun no tiene logica definida (a la espera de la Politica / Paula Torres).
dimension,integridad,Integridad,202604,2026-04-01,,95.0,,Pendiente,Integridad aun no tiene logica definida (a la espera de la Politica / Paula Torres).
dimension,integridad,Integridad,202605,2026-05-01,,95.0,,Pendiente,Integridad aun no tiene logica definida (a la espera de la Politica / Paula Torres).
dimension,integridad,Integridad,202606,2026-06-01,,95.0,,Pendiente,Integridad aun no tiene logica definida (a la espera de la Politica / Paula Torres).
dimension,integridad,Integridad,202607,2026-07-01,,95.0,,Pendiente,Integridad aun no tiene logica definida (a la espera de la Politica / Paula Torres).
dimension,integridad,Integridad,202608,2026-08-01,,95.0,,Pendiente,Integridad aun no tiene logica definida (a la espera de la Politica / Paula Torres).
disponibilidad,disponibilidad_mes,Disponibilidad del mes (días con datos),202508,2025-08-01,93.55,,,Normal,Disponibilidad (dias del mes con datos / ramos con dias 1-15 completos). Banda laxa.
disponibilidad,disponibilidad_regla4,Disponibilidad por ramo (días 1–15),202508,2025-08-01,5.95,,,Crítica,Disponibilidad (dias del mes con datos / ramos con dias 1-15 completos). Banda laxa.
disponibilidad,disponibilidad_mes,Disponibilidad del mes (días con datos),202509,2025-09-01,100.0,,,Normal,Disponibilidad (dias del mes con datos / ramos con dias 1-15 completos). Banda laxa.
disponibilidad,disponibilidad_regla4,Disponibilidad por ramo (días 1–15),202509,2025-09-01,10.23,,,Crítica,Disponibilidad (dias del mes con datos / ramos con dias 1-15 completos). Banda laxa.
disponibilidad,disponibilidad_mes,Disponibilidad del mes (días con datos),202510,2025-10-01,100.0,,,Normal,Disponibilidad (dias del mes con datos / ramos con dias 1-15 completos). Banda laxa.
disponibilidad,disponibilidad_regla4,Disponibilidad por ramo (días 1–15),202510,2025-10-01,5.88,,,Crítica,Disponibilidad (dias del mes con datos / ramos con dias 1-15 completos). Banda laxa.
disponibilidad,disponibilidad_mes,Disponibilidad del mes (días con datos),202511,2025-11-01,93.33,,,Normal,Disponibilidad (dias del mes con datos / ramos con dias 1-15 completos). Banda laxa.
disponibilidad,disponibilidad_regla4,Disponibilidad por ramo (días 1–15),202511,2025-11-01,7.23,,,Crítica,Disponibilidad (dias del mes con datos / ramos con dias 1-15 completos). Banda laxa.
disponibilidad,disponibilidad_mes,Disponibilidad del mes (días con datos),202512,2025-12-01,96.77,,,Normal,Disponibilidad (dias del mes con datos / ramos con dias 1-15 completos). Banda laxa.
disponibilidad,disponibilidad_regla4,Disponibilidad por ramo (días 1–15),202512,2025-12-01,5.62,,,Crítica,Disponibilidad (dias del mes con datos / ramos con dias 1-15 completos). Banda laxa.
disponibilidad,disponibilidad_mes,Disponibilidad del mes (días con datos),202601,2026-01-01,96.77,,,Normal,Disponibilidad (dias del mes con datos / ramos con dias 1-15 completos). Banda laxa.
disponibilidad,disponibilidad_regla4,Disponibilidad por ramo (días 1–15),202601,2026-01-01,3.53,,,Crítica,Disponibilidad (dias del mes con datos / ramos con dias 1-15 completos). Banda laxa.
disponibilidad,disponibilidad_mes,Disponibilidad del mes (días con datos),202602,2026-02-01,96.43,,,Normal,Disponibilidad (dias del mes con datos / ramos con dias 1-15 completos). Banda laxa.
disponibilidad,disponibilidad_regla4,Disponibilidad por ramo (días 1–15),202602,2026-02-01,8.33,,,Crítica,Disponibilidad (dias del mes con datos / ramos con dias 1-15 completos). Banda laxa.
disponibilidad,disponibilidad_mes,Disponibilidad del mes (días con datos),202603,2026-03-01,96.77,,,Normal,Disponibilidad (dias del mes con datos / ramos con dias 1-15 completos). Banda laxa.
disponibilidad,disponibilidad_regla4,Disponibilidad por ramo (días 1–15),202603,2026-03-01,7.32,,,Crítica,Disponibilidad (dias del mes con datos / ramos con dias 1-15 completos). Banda laxa.
disponibilidad,disponibilidad_mes,Disponibilidad del mes (días con datos),202604,2026-04-01,100.0,,,Normal,Disponibilidad (dias del mes con datos / ramos con dias 1-15 completos). Banda laxa.
disponibilidad,disponibilidad_regla4,Disponibilidad por ramo (días 1–15),202604,2026-04-01,5.88,,,Crítica,Disponibilidad (dias del mes con datos / ramos con dias 1-15 completos). Banda laxa.
disponibilidad,disponibilidad_mes,Disponibilidad del mes (días con datos),202605,2026-05-01,93.55,,,Normal,Disponibilidad (dias del mes con datos / ramos con dias 1-15 completos). Banda laxa.
disponibilidad,disponibilidad_regla4,Disponibilidad por ramo (días 1–15),202605,2026-05-01,3.85,,,Crítica,Disponibilidad (dias del mes con datos / ramos con dias 1-15 completos). Banda laxa.
disponibilidad,disponibilidad_mes,Disponibilidad del mes (días con datos),202606,2026-06-01,100.0,,,Normal,Disponibilidad (dias del mes con datos / ramos con dias 1-15 completos). Banda laxa.
disponibilidad,disponibilidad_regla4,Disponibilidad por ramo (días 1–15),202606,2026-06-01,9.3,,,Crítica,Disponibilidad (dias del mes con datos / ramos con dias 1-15 completos). Banda laxa.
disponibilidad,disponibilidad_mes,Disponibilidad del mes (días con datos),202607,2026-07-01,100.0,,,Normal,Disponibilidad (dias del mes con datos / ramos con dias 1-15 completos). Banda laxa.
disponibilidad,disponibilidad_regla4,Disponibilidad por ramo (días 1–15),202607,2026-07-01,5.88,,,Crítica,Disponibilidad (dias del mes con datos / ramos con dias 1-15 completos). Banda laxa.
disponibilidad,disponibilidad_mes,Disponibilidad del mes (días con datos),202608,2026-08-01,100.0,,,Normal,Disponibilidad (dias del mes con datos / ramos con dias 1-15 completos). Banda laxa.
disponibilidad,disponibilidad_regla4,Disponibilidad por ramo (días 1–15),202608,2026-08-01,7.46,,,Crítica,Disponibilidad (dias del mes con datos / ramos con dias 1-15 completos). Banda laxa.
hora_carga,hora_carga_11am,Hora de carga (corte 11am),202608,2026-08-11,-347.0,0.0,,Normal,Datos arribaron a las 05:13 (corte 11:00). Negativo = a tiempo.
hora_carga,hora_carga_11am,Hora de carga (corte 11am),202608,2026-08-10,-347.0,0.0,,Normal,Datos arribaron a las 05:13 (corte 11:00). Negativo = a tiempo.
hora_carga,hora_carga_11am,Hora de carga (corte 11am),202608,2026-08-09,-364.0,0.0,,Normal,Datos arribaron a las 04:56 (corte 11:00). Negativo = a tiempo.
hora_carga,hora_carga_11am,Hora de carga (corte 11am),202608,2026-08-08,-395.0,0.0,,Normal,Datos arribaron a las 04:25 (corte 11:00). Negativo = a tiempo.
hora_carga,hora_carga_11am,Hora de carga (corte 11am),202608,2026-08-07,-383.0,0.0,,Normal,Datos arribaron a las 04:37 (corte 11:00). Negativo = a tiempo.
hora_carga,hora_carga_11am,Hora de carga (corte 11am),202608,2026-08-06,-338.0,0.0,,Normal,Datos arribaron a las 05:22 (corte 11:00). Negativo = a tiempo.
hora_carga,hora_carga_11am,Hora de carga (corte 11am),202608,2026-08-05,-330.0,0.0,,Normal,Datos arribaron a las 05:30 (corte 11:00). Negativo = a tiempo.
hora_carga,hora_carga_11am,Hora de carga (corte 11am),202608,2026-08-04,-330.0,0.0,,Normal,Datos arribaron a las 05:30 (corte 11:00). Negativo = a tiempo.
hora_carga,hora_carga_11am,Hora de carga (corte 11am),202608,2026-08-03,-356.0,0.0,,Normal,Datos arribaron a las 05:04 (corte 11:00). Negativo = a tiempo.
hora_carga,hora_carga_11am,Hora de carga (corte 11am),202608,2026-08-02,-102.0,0.0,,Normal,Datos arribaron a las 09:18 (corte 11:00). Negativo = a tiempo.
hora_carga,hora_carga_11am,Hora de carga (corte 11am),202608,2026-08-01,21.0,0.0,,Advertencia,Datos arribaron a las 11:21 (corte 11:00). Negativo = a tiempo.
hora_carga,hora_carga_11am,Hora de carga (corte 11am),202607,2026-07-31,-14.0,0.0,,Normal,Datos arribaron a las 10:46 (corte 11:00). Negativo = a tiempo.
hora_carga,hora_carga_11am,Hora de carga (corte 11am),202607,2026-07-30,-335.0,0.0,,Normal,Datos arribaron a las 05:25 (corte 11:00). Negativo = a tiempo.
hora_carga,hora_carga_11am,Hora de carga (corte 11am),202607,2026-07-29,-352.0,0.0,,Normal,Datos arribaron a las 05:08 (corte 11:00). Negativo = a tiempo.
hora_carga,hora_carga_11am,Hora de carga (corte 11am),202607,2026-07-28,-345.0,0.0,,Normal,Datos arribaron a las 05:15 (corte 11:00). Negativo = a tiempo.
hora_carga,hora_carga_11am,Hora de carga (corte 11am),202607,2026-07-27,-355.0,0.0,,Normal,Datos arribaron a las 05:05 (corte 11:00). Negativo = a tiempo.
hora_carga,hora_carga_11am,Hora de carga (corte 11am),202607,2026-07-26,-392.0,0.0,,Normal,Datos arribaron a las 04:28 (corte 11:00). Negativo = a tiempo.
hora_carga,hora_carga_11am,Hora de carga (corte 11am),202607,2026-07-25,-96.0,0.0,,Normal,Datos arribaron a las 09:24 (corte 11:00). Negativo = a tiempo.
hora_carga,hora_carga_11am,Hora de carga (corte 11am),202607,2026-07-24,-360.0,0.0,,Normal,Datos arribaron a las 05:00 (corte 11:00). Negativo = a tiempo.
hora_carga,hora_carga_11am,Hora de carga (corte 11am),202607,2026-07-23,-348.0,0.0,,Normal,Datos arribaron a las 05:12 (corte 11:00). Negativo = a tiempo.
hora_carga,hora_carga_11am,Hora de carga (corte 11am),202607,2026-07-22,-352.0,0.0,,Normal,Datos arribaron a las 05:08 (corte 11:00). Negativo = a tiempo.
hora_carga,hora_carga_11am,Hora de carga (corte 11am),202607,2026-07-21,-46.0,0.0,,Normal,Datos arribaron a las 10:14 (corte 11:00). Negativo = a tiempo.
hora_carga,hora_carga_11am,Hora de carga (corte 11am),202607,2026-07-20,-383.0,0.0,,Normal,Datos arribaron a las 04:37 (corte 11:00). Negativo = a tiempo.
hora_carga,hora_carga_11am,Hora de carga (corte 11am),202607,2026-07-19,-365.0,0.0,,Normal,Datos arribaron a las 04:55 (corte 11:00). Negativo = a tiempo.
hora_carga,hora_carga_11am,Hora de carga (corte 11am),202607,2026-07-18,-392.0,0.0,,Normal,Datos arribaron a las 04:28 (corte 11:00). Negativo = a tiempo.
hora_carga,hora_carga_11am,Hora de carga (corte 11am),202607,2026-07-17,-330.0,0.0,,Normal,Datos arribaron a las 05:30 (corte 11:00). Negativo = a tiempo.
hora_carga,hora_carga_11am,Hora de carga (corte 11am),202607,2026-07-16,-356.0,0.0,,Normal,Datos arribaron a las 05:04 (corte 11:00). Negativo = a tiempo.
hora_carga,hora_carga_11am,Hora de carga (corte 11am),202607,2026-07-15,-339.0,0.0,,Normal,Datos arribaron a las 05:21 (corte 11:00). Negativo = a tiempo.
hora_carga,hora_carga_11am,Hora de carga (corte 11am),202607,2026-07-14,-340.0,0.0,,Normal,Datos arribaron a las 05:20 (corte 11:00). Negativo = a tiempo.
hora_carga,hora_carga_11am,Hora de carga (corte 11am),202607,2026-07-13,-394.0,0.0,,Normal,Datos arribaron a las 04:26 (corte 11:00). Negativo = a tiempo.
hora_carga,hora_carga_11am,Hora de carga (corte 11am),202607,2026-07-12,-21.0,0.0,,Normal,Datos arribaron a las 10:39 (corte 11:00). Negativo = a tiempo.
hora_carga,hora_carga_11am,Hora de carga (corte 11am),202607,2026-07-11,-21.0,0.0,,Normal,Datos arribaron a las 10:39 (corte 11:00). Negativo = a tiempo.
hora_carga,hora_carga_11am,Hora de carga (corte 11am),202607,2026-07-10,-6.0,0.0,,Normal,Datos arribaron a las 10:54 (corte 11:00). Negativo = a tiempo.
hora_carga,hora_carga_11am,Hora de carga (corte 11am),202607,2026-07-09,1.0,0.0,,Advertencia,Datos arribaron a las 11:01 (corte 11:00). Negativo = a tiempo.
hora_carga,hora_carga_11am,Hora de carga (corte 11am),202607,2026-07-08,5.0,0.0,,Advertencia,Datos arribaron a las 11:05 (corte 11:00). Negativo = a tiempo.
hora_carga,hora_carga_11am,Hora de carga (corte 11am),202607,2026-07-07,-6.0,0.0,,Normal,Datos arribaron a las 10:54 (corte 11:00). Negativo = a tiempo.
hora_carga,hora_carga_11am,Hora de carga (corte 11am),202607,2026-07-06,7.0,0.0,,Advertencia,Datos arribaron a las 11:07 (corte 11:00). Negativo = a tiempo.
hora_carga,hora_carga_11am,Hora de carga (corte 11am),202607,2026-07-05,-30.0,0.0,,Normal,Datos arribaron a las 10:30 (corte 11:00). Negativo = a tiempo.
hora_carga,hora_carga_11am,Hora de carga (corte 11am),202607,2026-07-04,-36.0,0.0,,Normal,Datos arribaron a las 10:24 (corte 11:00). Negativo = a tiempo.
hora_carga,hora_carga_11am,Hora de carga (corte 11am),202607,2026-07-03,-9.0,0.0,,Normal,Datos arribaron a las 10:51 (corte 11:00). Negativo = a tiempo.
hora_carga,hora_carga_11am,Hora de carga (corte 11am),202607,2026-07-02,-3.0,0.0,,Normal,Datos arribaron a las 10:57 (corte 11:00). Negativo = a tiempo.
hora_carga,hora_carga_11am,Hora de carga (corte 11am),202607,2026-07-01,408.0,0.0,,Crítica,Datos arribaron a las 17:48 (corte 11:00). Negativo = a tiempo.
hora_carga,hora_carga_11am,Hora de carga (corte 11am),202606,2026-06-30,377.0,0.0,,Crítica,Datos arribaron a las 17:17 (corte 11:00). Negativo = a tiempo.
hora_carga,hora_carga_11am,Hora de carga (corte 11am),202606,2026-06-29,-32.0,0.0,,Normal,Datos arribaron a las 10:28 (corte 11:00). Negativo = a tiempo.
hora_carga,hora_carga_11am,Hora de carga (corte 11am),202606,2026-06-28,-37.0,0.0,,Normal,Datos arribaron a las 10:23 (corte 11:00). Negativo = a tiempo.
hora_carga,hora_carga_11am,Hora de carga (corte 11am),202606,2026-06-27,-31.0,0.0,,Normal,Datos arribaron a las 10:29 (corte 11:00). Negativo = a tiempo.
hora_carga,hora_carga_11am,Hora de carga (corte 11am),202606,2026-06-26,-5.0,0.0,,Normal,Datos arribaron a las 10:55 (corte 11:00). Negativo = a tiempo.
hora_carga,hora_carga_11am,Hora de carga (corte 11am),202606,2026-06-25,1.0,0.0,,Advertencia,Datos arribaron a las 11:01 (corte 11:00). Negativo = a tiempo.
hora_carga,hora_carga_11am,Hora de carga (corte 11am),202606,2026-06-24,-4.0,0.0,,Normal,Datos arribaron a las 10:56 (corte 11:00). Negativo = a tiempo.
hora_carga,hora_carga_11am,Hora de carga (corte 11am),202606,2026-06-23,247.0,0.0,,Crítica,Datos arribaron a las 15:07 (corte 11:00). Negativo = a tiempo.
hora_carga,hora_carga_11am,Hora de carga (corte 11am),202606,2026-06-22,14.0,0.0,,Advertencia,Datos arribaron a las 11:14 (corte 11:00). Negativo = a tiempo.
hora_carga,hora_carga_11am,Hora de carga (corte 11am),202606,2026-06-21,4.0,0.0,,Advertencia,Datos arribaron a las 11:04 (corte 11:00). Negativo = a tiempo.
hora_carga,hora_carga_11am,Hora de carga (corte 11am),202606,2026-06-20,-34.0,0.0,,Normal,Datos arribaron a las 10:26 (corte 11:00). Negativo = a tiempo.
hora_carga,hora_carga_11am,Hora de carga (corte 11am),202606,2026-06-19,-16.0,0.0,,Normal,Datos arribaron a las 10:44 (corte 11:00). Negativo = a tiempo.
hora_carga,hora_carga_11am,Hora de carga (corte 11am),202606,2026-06-18,35.0,0.0,,Advertencia,Datos arribaron a las 11:35 (corte 11:00). Negativo = a tiempo.
hora_carga,hora_carga_11am,Hora de carga (corte 11am),202606,2026-06-17,-15.0,0.0,,Normal,Datos arribaron a las 10:45 (corte 11:00). Negativo = a tiempo.
hora_carga,hora_carga_11am,Hora de carga (corte 11am),202606,2026-06-16,-15.0,0.0,,Normal,Datos arribaron a las 10:45 (corte 11:00). Negativo = a tiempo.
hora_carga,hora_carga_11am,Hora de carga (corte 11am),202606,2026-06-15,-62.0,0.0,,Normal,Datos arribaron a las 09:58 (corte 11:00). Negativo = a tiempo.
hora_carga,hora_carga_11am,Hora de carga (corte 11am),202606,2026-06-14,-51.0,0.0,,Normal,Datos arribaron a las 10:09 (corte 11:00). Negativo = a tiempo.
hora_carga,hora_carga_11am,Hora de carga (corte 11am),202606,2026-06-13,-65.0,0.0,,Normal,Datos arribaron a las 09:55 (corte 11:00). Negativo = a tiempo.
